case,relaxation_time,power_law_index,y,u_reference,theta_reference,gamma_dot_reference,mu_app_reference,T_reference_Br0.1,T_reference_Br1
lam5_n0.3,5.0,0.3,-1.0,0.0,0.0,20.54225644300542,0.048680143915762336,0.0,0.0
lam5_n0.3,5.0,0.3,-0.995,0.10213357420922353,0.22856885734739318,20.31133721480903,0.04898741966011691,0.02285688573473932,0.22856885734739318
lam5_n0.3,5.0,0.3,-0.99,0.20311501743569726,0.45208520108120864,20.08140511114974,0.04929933909108408,0.04520852010812087,0.45208520108120864
lam5_n0.3,5.0,0.3,-0.985,0.3029492812555179,0.6706313287460323,19.85246652001156,0.049616001065011565,0.06706313287460323,0.6706313287460323
lam5_n0.3,5.0,0.3,-0.98,0.4016413492838384,0.884288718405605,19.624527869003103,0.049937507110574,0.0884288718405605,0.884288718405605
lam5_n0.3,5.0,0.3,-0.975,0.49919623737250024,1.093138030793729,19.397595625153993,0.05026396151570769,0.10931380307937291,1.093138030793729
lam5_n0.3,5.0,0.3,-0.97,0.5956189938065938,1.2972591114877263,19.171676294689316,0.050595471417838225,0.12972591114877263,1.2972591114877263
lam5_n0.3,5.0,0.3,-0.965,0.6909146994997973,1.4967309931047612,18.946776422781422,0.0509321468975426,0.14967309931047612,1.4967309931047612
lam5_n0.3,5.0,0.3,-0.96,0.7850884681884555,1.6916318975212394,18.722902593278,0.05127410107579497,0.16916318975212397,1.6916318975212394
lam5_n0.3,5.0,0.3,-0.955,0.8781454466242391,1.882039238115689,18.500061428405868,0.051621450214951604,0.18820392381156892,1.882039238115689
lam5_n0.3,5.0,0.3,-0.95,0.9700908147652296,2.0680296220353926,18.278259588449195,0.05197431382363916,0.20680296220353928,2.0680296220353926
lam5_n0.3,5.0,0.3,-0.945,1.0609297859653435,2.2496788524870754,18.05750377140153,0.05233281476571742,0.22496788524870756,2.2496788524870754
lam5_n0.3,5.0,0.3,-0.94,1.15066760716198,2.4270619310520334,17.837800712590507,0.05269707937349681,0.24270619310520336,2.4270619310520334
lam5_n0.3,5.0,0.3,-0.935,1.239309559061665,2.600253060025902,17.61915718427428,0.053067237565399585,0.2600253060025902,2.600253060025902
lam5_n0.3,5.0,0.3,-0.9299999999999999,1.3268609563236604,2.7693256447835437,17.401579995208643,0.05344342296826302,0.2769325644783544,2.7693256447835437
lam5_n0.3,5.0,0.3,-0.925,1.4133271477412732,2.9343522961692536,17.185075990183957,0.05382577304449256,0.29343522961692536,2.9343522961692536
lam5_n0.3,5.0,0.3,-0.92,1.4987135164208416,3.0954048329127257,16.969652049530477,0.05421442922428424,0.3095404832912726,3.0954048329127257
lam5_n0.3,5.0,0.3,-0.915,1.5830254799580974,3.2525542840710364,16.755315088591388,0.05460953704314513,0.32525542840710364,3.2525542840710364
lam5_n0.3,5.0,0.3,-0.91,1.6662684906118796,3.40587089149703,16.542072057162116,0.05501124628495395,0.34058708914970304,3.40587089149703
lam5_n0.3,5.0,0.3,-0.905,1.7484480354748841,3.5554241123344363,16.329929938894868,0.05541971113081494,0.35554241123344366,3.5554241123344363
lam5_n0.3,5.0,0.3,-0.9,1.8295696366414127,3.7012826215400945,16.1188957506673,0.05583509031397149,0.37012826215400946,3.7012826215400945
lam5_n0.3,5.0,0.3,-0.895,1.9096388513718319,3.843514314433607,15.908976541913946,0.05625754728106011,0.3843514314433607,3.843514314433607
lam5_n0.3,5.0,0.3,-0.89,1.9886612722536001,3.9821863092747956,15.70017939391928,0.056687250359999025,0.39821863092747956,3.9821863092747956
lam5_n0.3,5.0,0.3,-0.885,2.066642527358684,4.1173649498693194,15.492511419071128,0.05712437293482151,0.411736494986932,4.1173649498693194
lam5_n0.3,5.0,0.3,-0.88,2.1435882803971182,4.2491158082028075,15.285979760073054,0.05756909362778028,0.4249115808202808,4.2491158082028075
lam5_n0.3,5.0,0.3,-0.875,2.2195042308665145,4.377503687103924,15.080591589114551,0.05802159648906553,0.4377503687103924,4.377503687103924
lam5_n0.3,5.0,0.3,-0.87,2.2943961141973475,4.502592622936627,14.876354106997494,0.05848207119449866,0.4502592622936627,4.502592622936627
lam5_n0.3,5.0,0.3,-0.865,2.3682697018937247,4.624445888322138,14.673274542217612,0.05895071325158141,0.46244458883221384,4.624445888322138
lam5_n0.3,5.0,0.3,-0.86,2.441130801669463,4.743125994890878,14.471360149999505,0.059427724214301265,0.4743125994890878,4.743125994890878
lam5_n0.3,5.0,0.3,-0.855,2.512985257579226,4.858694696064824,14.270618211283788,0.05991331190711492,0.4858694696064825,4.858694696064824
lam5_n0.3,5.0,0.3,-0.85,2.5838389501444703,4.971212989870629,14.071056031664865,0.0604076906585546,0.497121298987063,4.971212989870629
lam5_n0.3,5.0,0.3,-0.845,2.6536977964739465,5.080741121783922,13.872680940277869,0.060911081544925576,0.5080741121783923,5.080741121783922
lam5_n0.3,5.0,0.3,-0.84,2.722567750378516,5.187338587605163,13.67550028863324,0.06142371264458885,0.5187338587605164,5.187338587605163
lam5_n0.3,5.0,0.3,-0.835,2.7904548024800038,5.291064136367424,13.479521449397376,0.061945819303349976,0.5291064136367424,5.291064136367424
lam5_n0.3,5.0,0.3,-0.83,2.857364980313817,5.3919757732765445,13.284751815117763,0.062477644411503254,0.5391975773276545,5.3919757732765445
lam5_n0.3,5.0,0.3,-0.825,2.923304348425032,5.490130762683995,13.09119879689107,0.0630194386931106,0.5490130762683995,5.490130762683995
lam5_n0.3,5.0,0.3,-0.8200000000000001,2.9882790084577033,5.585585631092895,12.898869822972493,0.06357146100812686,0.5585585631092895,5.585585631092895
lam5_n0.3,5.0,0.3,-0.815,3.052295099237044,5.678396170197573,12.707772337324727,0.06413397866801696,0.5678396170197573,5.678396170197573
lam5_n0.3,5.0,0.3,-0.81,3.115358796844207,5.768617439957028,12.517913798104965,0.06470726776554593,0.5768617439957028,5.768617439957028
lam5_n0.3,5.0,0.3,-0.8049999999999999,3.1774763146833562,5.856303771702816,12.329301676088107,0.06529161351946201,0.5856303771702817,5.856303771702816
lam5_n0.3,5.0,0.3,-0.8,3.238653903540653,5.941508771281592,12.14194345302467,0.06588731063483191,0.5941508771281593,5.941508771281592
lam5_n0.3,5.0,0.3,-0.7949999999999999,3.298897851634917,6.024285322232898,11.95584661993139,0.06649466367983249,0.6024285322232898,6.024285322232898
lam5_n0.3,5.0,0.3,-0.79,3.3582144846595186,6.104685589002443,11.77101867531319,0.06711398747984576,0.6104685589002443,6.104685589002443
lam5_n0.3,5.0,0.3,-0.785,3.4166101658152384,6.182761020191427,11.587467123314287,0.06774560752975596,0.6182761020191427,6.182761020191427
lam5_n0.3,5.0,0.3,-0.78,3.4740912958336936,6.258562351842198,11.405199471797124,0.06838986042539552,0.6258562351842198,6.258562351842198
lam5_n0.3,5.0,0.3,-0.775,3.530664312990961,6.332139610760725,11.22422323034706,0.06904709431514366,0.6332139610760725,6.332139610760725
lam5_n0.3,5.0,0.3,-0.77,3.586335693111053,6.403542117876292,11.044545908201215,0.06971766937273813,0.6403542117876292,6.403542117876292
lam5_n0.3,5.0,0.3,-0.765,3.6411119495588427,6.47281849163878,10.866175012099607,0.07040195829242249,0.647281849163878,6.47281849163878
lam5_n0.3,5.0,0.3,-0.76,3.6949996332220296,6.540016651453984,10.689118044056926,0.07110034680761662,0.6540016651453984,6.540016651453984
lam5_n0.3,5.0,0.3,-0.755,3.748005332481783,6.605183821157368,10.513382499053023,0.071813234234368,0.6605183821157369,6.605183821157368
lam5_n0.3,5.0,0.3,-0.75,3.800135673171613,6.668366532526646,10.338975862640577,0.07254103404091417,0.6668366532526646,6.668366532526646
lam5_n0.3,5.0,0.3,-0.745,3.851397318524087,6.729610628833616,10.165905608467998,0.0732841744447666,0.6729610628833617,6.729610628833616
lam5_n0.3,5.0,0.3,-0.74,3.901796969104931,6.788961268435627,9.994179195715999,0.07404309903880858,0.6788961268435627,6.788961268435627
lam5_n0.3,5.0,0.3,-0.735,3.9513413627340945,6.846462928407103,9.823804066446085,0.07481826744798847,0.6846462928407103,6.846462928407103
lam5_n0.3,5.0,0.3,-0.73,4.000037274393349,6.902159408211497,9.654787642859306,0.07561015601828477,0.6902159408211497,6.902159408211497
lam5_n0.3,5.0,0.3,-0.725,4.047891516119937,6.956093833414091,9.487137324463669,0.07641925853971825,0.6956093833414091,6.956093833414091
lam5_n0.3,5.0,0.3,-0.72,4.094910936885834,7.0083086594360084,9.320860485148598,0.07724608700529448,0.7008308659436009,7.0083086594360084
lam5_n0.3,5.0,0.3,-0.715,4.141102422462142,7.058845675349846,9.155964470164937,0.07809117240787193,0.7058845675349846,7.058845675349846
lam5_n0.3,5.0,0.3,-0.71,4.1864728952681505,7.107746007717278,8.992456593009036,0.07895506557707178,0.7107746007717278,7.107746007717278
lam5_n0.3,5.0,0.3,-0.7050000000000001,4.231029314204571,7.155050124469039,8.830344132209408,0.07983833805847436,0.7155050124469039,7.155050124469039
lam5_n0.3,5.0,0.3,-0.7,4.274778674470458,7.200797838827635,8.669634328014784,0.08074158303748082,0.7200797838827635,7.200797838827635
lam5_n0.3,5.0,0.3,-0.6950000000000001,4.31772800736332,7.245028313273129,8.51033437898217,0.08166541631036611,0.724502831327313,7.245028313273129
lam5_n0.3,5.0,0.3,-0.69,4.359884380061932,7.287780063552392,8.35245143846375,0.08261047730520064,0.7287780063552393,7.287780063552392
lam5_n0.3,5.0,0.3,-0.685,4.401254895391296,7.329090962732132,8.195992610991688,0.08357743015548147,0.7329090962732132,7.329090962732132
lam5_n0.3,5.0,0.3,-0.6799999999999999,4.441846691569309,7.368998245296056,8.040964948559674,0.08456696482948901,0.7368998245296057,7.368998245296056
lam5_n0.3,5.0,0.3,-0.675,4.4816669419345425,7.4075385112864645,7.8873754468006165,0.08557979831856523,0.7407538511286464,7.4075385112864645
lam5_n0.3,5.0,0.3,-0.6699999999999999,4.520722854654676,7.4447477304906595,7.735231041059502,0.08661667588770941,0.744474773049066,7.4447477304906595
lam5_n0.3,5.0,0.3,-0.665,4.559021672415009,7.480661246672378,7.58453860236119,0.08767837239208918,0.7480661246672379,7.480661246672378
lam5_n0.3,5.0,0.3,-0.6599999999999999,4.596570672086574,7.515313781848635,7.43530493327242,0.08876569366328885,0.7515313781848635,7.515313781848635
lam5_n0.3,5.0,0.3,-0.655,4.633377164373265,7.54873944061218,7.287536763658098,0.08987947796934503,0.754873944061218,7.54873944061218
lam5_n0.3,5.0,0.3,-0.6499999999999999,4.66944849343751,7.580971714499909,7.141240746331614,0.09102059755286902,0.7580971714499909,7.580971714499909
lam5_n0.3,5.0,0.3,-0.645,4.704792036503912,7.6120434864074085,6.996423452599533,0.09218996025181254,0.7612043486407409,7.6120434864074085
lam5_n0.3,5.0,0.3,-0.64,4.739415203440366,7.641987035049933,6.853091367700916,0.09338851120771034,0.7641987035049933,7.641987035049933
lam5_n0.3,5.0,0.3,-0.635,4.773325436316092,7.670834039469991,6.711250886142015,0.0946172346665216,0.7670834039469991,7.670834039469991
lam5_n0.3,5.0,0.3,-0.63,4.806530208936095,7.698615583591767,6.570908306927179,0.09587715587749746,0.7698615583591768,7.698615583591767
lam5_n0.3,5.0,0.3,-0.625,4.839037026351516,7.725362160822556,6.432069828687147,0.09716934309582412,0.7725362160822556,7.725362160822556
lam5_n0.3,5.0,0.3,-0.62,4.8708534243453805,7.751103678701368,6.294741544706203,0.09849490969512673,0.7751103678701368,7.751103678701368
lam5_n0.3,5.0,0.3,-0.615,4.901986968893222,7.775869463594867,6.1589294378499595,0.09985501639627362,0.7775869463594867,7.775869463594867
lam5_n0.3,5.0,0.3,-0.61,4.932445255598101,7.799688265440734,6.024639375395904,0.10125087361928851,0.7799688265440734,7.799688265440734
lam5_n0.3,5.0,0.3,-0.605,4.962235909099553,7.822588262538581,5.891877103769164,0.10268374396556372,0.7822588262538581,7.822588262538581
lam5_n0.3,5.0,0.3,-0.6,4.991366582455964,7.844597066388475,5.760648243186393,0.10415494483796522,0.7844597066388476,7.844597066388475
lam5_n0.3,5.0,0.3,-0.595,5.019844956499957,7.86574172657712,5.63095828221097,0.10566585120683508,0.786574172657712,7.86574172657712
lam5_n0.3,5.0,0.3,-0.59,5.047678739166339,7.886048735711729,5.50281257222331,0.10721789853031853,0.7886048735711729,7.886048735711729
lam5_n0.3,5.0,0.3,-0.585,5.074875664792184,7.905544034401556,5.376216321810333,0.1088125858378803,0.7905544034401557,7.905544034401556
lam5_n0.3,5.0,0.3,-0.5800000000000001,5.101443493388688,7.924253016287093,5.2511745910788035,0.11045147898631277,0.7924253016287093,7.924253016287093
lam5_n0.3,5.0,0.3,-0.575,5.127390009884398,7.942200533116798,5.1276922858976,0.1121362140979851,0.7942200533116799,7.942200533116798
lam5_n0.3,5.0,0.3,-0.5700000000000001,5.152723023339492,7.9594108998713375,5.005774152074673,0.11386850119152105,0.7959410899871338,7.9594108998713375
lam5_n0.3,5.0,0.3,-0.565,5.1774503661307945,7.975907899935115,4.885424769474742,0.115650128015531,0.7975907899935115,7.975907899935115
lam5_n0.3,5.0,0.3,-0.56,5.201579893107233,7.991714790315013,4.766648546084721,0.11748296409643598,0.7991714790315014,7.991714790315013
lam5_n0.3,5.0,0.3,-0.5549999999999999,5.225119480715537,8.006854306906058,4.649449712034007,0.11936896501181914,0.8006854306906059,8.006854306906058
lam5_n0.3,5.0,0.3,-0.55,5.2480770260959,8.021348669803817,4.5338323135778404,0.12131017690108868,0.8021348669803818,8.021348669803817
lam5_n0.3,5.0,0.3,-0.5449999999999999,5.270460446147527,8.035219588663228,4.419800207052139,0.12330874122554442,0.8035219588663228,8.035219588663228
lam5_n0.3,5.0,0.3,-0.54,5.292277676563862,8.048488268103508,4.307357052809203,0.1253668997901669,0.8048488268103509,8.048488268103508
lam5_n0.3,5.0,0.3,-0.5349999999999999,5.313536670837511,8.061175413158836,4.196506309144047,0.12748700003959312,0.8061175413158836,8.061175413158836
lam5_n0.3,5.0,0.3,-0.53,5.334245399234745,8.073301234774332,4.087251226221963,0.12967150064076285,0.8073301234774333,8.073301234774332
lam5_n0.3,5.0,0.3,-0.5249999999999999,5.354411847739718,8.084885455346898,3.979594840018332,0.13192297736459563,0.8084885455346899,8.084885455346898
lam5_n0.3,5.0,0.3,-0.52,5.374044016968401,8.095947314310447,3.8735399662825634,0.13424412927873933,0.8095947314310448,8.095947314310447
lam5_n0.3,5.0,0.3,-0.515,5.393149921052436,8.106505573764895,3.7690891945382883,0.13663778526288956,0.8106505573764896,8.106505573764895
lam5_n0.3,5.0,0.3,-0.51,5.411737586493111,8.1165785241484,3.6662448821327667,0.13910691085733407,0.81165785241484,8.1165785241484
lam5_n0.3,5.0,0.3,-0.505,5.429815050985729,8.126183989952105,3.5650091483486066,0.14165461545419245,0.8126183989952106,8.126183989952105
lam5_n0.3,5.0,0.3,-0.5,5.447390362214713,8.135339335476749,3.4653838685914518,0.1442841598391901,0.8135339335476749,8.135339335476749
lam5_n0.3,5.0,0.3,-0.495,5.464471576619882,8.144061470630339,3.367370668667342,0.1469989640896585,0.8144061470630339,8.144061470630339
lam5_n0.3,5.0,0.3,-0.49,5.481066758134357,8.152366856766088,3.2709709191635787,0.14980261583166202,0.8152366856766089,8.152366856766088
lam5_n0.3,5.0,0.3,-0.485,5.497183976894658,8.160271512559735,3.1761857299466243,0.1526988788555984,0.8160271512559736,8.160271512559735
lam5_n0.3,5.0,0.3,-0.48,5.512831307923615,8.16779101992534,3.083015944790219,0.15569170208513505,0.8167791019925341,8.16779101992534
lam5_n0.3,5.0,0.3,-0.475,5.528016829786767,8.174940529968536,2.9914621361460045,0.15878522888875923,0.8174940529968536,8.174940529968536
lam5_n0.3,5.0,0.3,-0.47,5.542748623223002,8.18173476897623,2.901524600067691,0.16198380671631565,0.8181734768976231,8.18173476897623
lam5_n0.3,5.0,0.3,-0.46499999999999997,5.557034769750207,8.18818804444163,2.813203351298172,0.16529199703442074,0.818818804444163,8.18818804444163
lam5_n0.3,5.0,0.3,-0.45999999999999996,5.570883350246793,8.194314251123453,2.726498118526423,0.16871458552431123,0.8194314251123453,8.194314251123453
lam5_n0.3,5.0,0.3,-0.45499999999999996,5.584302443509921,8.200126877138093,2.641408339817984,0.17225659249313693,0.8200126877138093,8.200126877138093
lam5_n0.3,5.0,0.3,-0.44999999999999996,5.597300124791329,8.2056390100835,2.5579331582186695,0.17592328343457472,0.8205639010083501,8.2056390100835
lam5_n0.3,5.0,0.3,-0.44499999999999995,5.609884464311589,8.210863343193418,2.4760714175258896,0.1797201796564687,0.8210863343193419,8.210863343193418
lam5_n0.3,5.0,0.3,-0.43999999999999995,5.622063525753625,8.215812181520638,2.3958216582153913,0.1836530688714738,0.8215812181520639,8.215812181520638
lam5_n0.3,5.0,0.3,-0.43499999999999994,5.633845364736206,8.220497448147817,2.317182113503009,0.18772801562082964,0.8220497448147818,8.220497448147817
lam5_n0.3,5.0,0.3,-0.42999999999999994,5.645238027268024,8.224930690424436,2.2401507055108714,0.1919513713707656,0.8224930690424437,8.224930690424436
lam5_n0.3,5.0,0.3,-0.42499999999999993,5.656249548182786,8.229123086228338,2.164725041495086,0.1963297840849432,0.8229123086228338,8.229123086228338
lam5_n0.3,5.0,0.3,-0.42000000000000004,5.666887949555469,8.233085450250332,2.090902410076877,0.20087020703398475,0.8233085450250333,8.233085450250332
lam5_n0.3,5.0,0.3,-0.41500000000000004,5.6771612390995925,8.236828240300312,2.018679777400936,0.20557990655373545,0.8236828240300312,8.236828240300312
lam5_n0.3,5.0,0.3,-0.41000000000000003,5.6870774085449005,8.240361563633247,1.9480537831230427,0.21046646840658792,0.8240361563633247,8.240361563633247
lam5_n0.3,5.0,0.3,-0.405,5.6966444319943,8.243695183293475,1.8790207361030336,0.2155378023341794,0.8243695183293476,8.243695183293475
lam5_n0.3,5.0,0.3,-0.4,5.705870264258217,8.246838524475702,1.8115766096487977,0.22080214431425352,0.8246838524475703,8.246838524475702
lam5_n0.3,5.0,0.3,-0.395,5.714762839163658,8.249800680901087,1.7457170361211336,0.22626805594889737,0.8249800680901087,8.249800680901087
lam5_n0.3,5.0,0.3,-0.39,5.723330067834229,8.252590421206872,1.6814373006679624,0.23194442031532775,0.8252590421206872,8.252590421206872
lam5_n0.3,5.0,0.3,-0.385,5.731579836936072,8.25521619534803,1.6187323338087856,0.23784043350398562,0.8255216195348031,8.25521619534803
lam5_n0.3,5.0,0.3,-0.38,5.739520006883182,8.257686141009486,1.5575967025363748,0.24396559095253073,0.8257686141009487,8.257686141009486
lam5_n0.3,5.0,0.3,-0.375,5.747158409993696,8.26000809002753,1.498024599542351,0.2503296675599073,0.826000809002753,8.26000809002753
lam5_n0.3,5.0,0.3,-0.37,5.754502848586699,8.262189574819157,1.4400098301070352,0.2569426904346188,0.8262189574819158,8.262189574819157
lam5_n0.3,5.0,0.3,-0.365,5.76156109300654,8.264237834818243,1.3835457961227111,0.26381490299987653,0.8264237834818243,8.264237834818243
lam5_n0.3,5.0,0.3,-0.36,5.768340879558847,8.266159822917544,1.3286254766449106,0.2709567190515449,0.8266159822917545,8.266159822917544
lam5_n0.3,5.0,0.3,-0.355,5.774849908339228,8.26796221191581,1.2752414042915332,0.2783786652514016,0.826796221191581,8.26796221191581
lam5_n0.3,5.0,0.3,-0.35,5.7810958409320286,8.269651400969403,1.223385636738552,0.28609131044980374,0.8269651400969403,8.269651400969403
lam5_n0.3,5.0,0.3,-0.345,5.787086297952626,8.271233522048187,1.1730497224998122,0.2941051801834898,0.8271233522048187,8.271233522048187
lam5_n0.3,5.0,0.3,-0.33999999999999997,5.7928288564025605,8.27271444639563,1.124224660134899,0.3024306547049078,0.827271444639563,8.27271444639563
lam5_n0.3,5.0,0.3,-0.33499999999999996,5.79833104680246,8.27409979099343,1.0769008500135366,0.31107784899212315,0.8274099790993431,8.27409979099343
lam5_n0.3,5.0,0.3,-0.32999999999999996,5.80360035006339,8.275394925031252,1.0310680377903934,0.3200564733896697,0.8275394925031252,8.275394925031252
lam5_n0.3,5.0,0.3,-0.32499999999999996,5.8086441940532545,8.276604976382512,0.9867152488257562,0.32937567387021466,0.8276604976382512,8.276604976382512
lam5_n0.3,5.0,0.3,-0.31999999999999995,5.813469949811332,8.277734838087436,0.9438307129427309,0.339043851415139,0.8277734838087437,8.277734838087436
lam5_n0.3,5.0,0.3,-0.31499999999999995,5.818084927361638,8.27878917484491,0.9024017791589652,0.34906846071777325,0.827878917484491,8.27878917484491
lam5_n0.3,5.0,0.3,-0.30999999999999994,5.822496371074764,8.279772429514843,0.8624148203884088,0.3594557893385739,0.8279772429514843,8.279772429514843
lam5_n0.3,5.0,0.3,-0.30499999999999994,5.826711454529045,8.28068882963294,0.823855128591512,0.3702107195975551,0.8280688829632941,8.28068882963294
lam5_n0.3,5.0,0.3,-0.29999999999999993,5.830737274825725,8.281542393939741,0.7867068014692609,0.3813364768675155,0.8281542393939741,8.281542393939741
lam5_n0.3,5.0,0.3,-0.29500000000000004,5.834580846320124,8.282336938925658,0.7509526225459191,0.3928343694970736,0.8282336938925658,8.282336938925658
lam5_n0.3,5.0,0.3,-0.29000000000000004,5.838249093742153,8.28307608539337,0.7165739373504086,0.4047035272763324,0.828307608539337,8.28307608539337
lam5_n0.3,5.0,0.3,-0.28500000000000003,5.841748844695378,8.283763265038328,0.6835505293503135,0.4169406470519169,0.8283763265038329,8.283763265038328
lam5_n0.3,5.0,0.3,-0.28,5.845086821544572,8.284401727047161,0.6518605002558585,0.42953975565339303,0.8284401727047161,8.284401727047161
lam5_n0.3,5.0,0.3,-0.275,5.848269632727032,8.284994544712601,0.6214801602103934,0.4424920015256844,0.8284994544712602,8.284994544712601
lam5_n0.3,5.0,0.3,-0.27,5.851303763552456,8.285544622061929,0.592383934114312,0.4557854871666696,0.8285544622061929,8.285544622061929
lam5_n0.3,5.0,0.3,-0.265,5.854195566588673,8.286054700494038,0.5645442907736652,0.46940515444206793,0.8286054700494039,8.286054700494038
lam5_n0.3,5.0,0.3,-0.26,5.856951251764264,8.286527365418006,0.5379317016063353,0.4833327339206921,0.8286527365418007,8.286527365418006
lam5_n0.3,5.0,0.3,-0.255,5.85957687635184,8.286965052883632,0.5125146351797792,0.4975467674411901,0.8286965052883632,8.286965052883632
lam5_n0.3,5.0,0.3,-0.25,5.862078335024823,8.287370056191778,0.48825959283670156,0.5120227101889476,0.8287370056191778,8.287370056191778
lam5_n0.3,5.0,0.3,-0.245,5.8644613502031575,8.287744532469821,0.4651311890885726,0.5267331147586104,0.8287744532469822,8.287744532469821
lam5_n0.3,5.0,0.3,-0.24,5.8667314629167295,8.288090509194983,0.4430922783925775,0.541647895266099,0.8288090509194984,8.288090509194983
lam5_n0.3,5.0,0.3,-0.235,5.868894024417532,8.288409890646188,0.4221041275190141,0.556734664930312,0.8288409890646188,8.288409890646188
lam5_n0.3,5.0,0.3,-0.22999999999999998,5.8709541887611945,8.288704464263382,0.40212663016810263,0.571959136115537,0.8288704464263383,8.288704464263382
lam5_n0.3,5.0,0.3,-0.22499999999999998,5.872916906555636,8.28897590689211,0.38311855804868306,0.5872855680653536,0.8288975906892111,8.28897590689211
lam5_n0.3,5.0,0.3,-0.21999999999999997,5.874786920040213,8.28922579089067,0.3650378405296473,0.6026772448598579,0.8289225790890671,8.28922579089067
lam5_n0.3,5.0,0.3,-0.21499999999999997,5.8765687596151155,8.289455590077578,0.34784186342673873,0.6180969647584772,0.8289455590077579,8.289455590077578
lam5_n0.3,5.0,0.3,-0.20999999999999996,5.878266741891183,8.289666685498014,0.33148777663484064,0.6335075221531659,0.8289666685498015,8.289666685498014
lam5_n0.3,5.0,0.3,-0.20499999999999996,5.879884969278272,8.289860370989818,0.3159328002151358,0.6488721647780932,0.8289860370989818,8.289860370989818
lam5_n0.3,5.0,0.3,-0.19999999999999996,5.881427331079618,8.290037858531825,0.3011345191635514,0.6641550113734271,0.8290037858531826,8.290037858531825
lam5_n0.3,5.0,0.3,-0.19499999999999995,5.882897506013609,8.290200283360388,0.2870511583091464,0.6793214183444966,0.8290200283360388,8.290200283360388
lam5_n0.3,5.0,0.3,-0.18999999999999995,5.8842989660456295,8.29034870884285,0.2736418304511291,0.6943382877053691,0.829034870884285,8.29034870884285
lam5_n0.3,5.0,0.3,-0.18499999999999994,5.885634981382892,8.29048413110027,0.26086675274797555,0.7091743123690784,0.829048413110027,8.29048413110027
lam5_n0.3,5.0,0.3,-0.17999999999999994,5.8869086264651385,8.290607483374913,0.2486874283320446,0.7238001583243122,0.8290607483374913,8.290607483374913
lam5_n0.3,5.0,0.3,-0.17499999999999993,5.888122786773666,8.29071964014117,0.23706679197500824,0.7381885861873415,0.829071964014117,8.29071964014117
lam5_n0.3,5.0,0.3,-0.16999999999999993,5.889280166279446,8.290821420961601,0.22596932025130698,0.7523145169040559,0.8290821420961602,8.290821420961601
lam5_n0.3,5.0,0.3,-0.16500000000000004,5.890383295356746,8.290913594092306,0.21536110796319924,0.7661550479587759,0.8290913594092306,8.290913594092306
lam5_n0.3,5.0,0.3,-0.16000000000000003,5.891434539000093,8.290996879844066,0.2052099135705793,0.7796894273578556,0.8290996879844066,8.290996879844066
lam5_n0.3,5.0,0.3,-0.15500000000000003,5.892436105197855,8.291071953707549,0.19548517701709145,0.7928989929832287,0.829107195370755,8.291071953707549
lam5_n0.3,5.0,0.3,-0.15000000000000002,5.893390053333715,8.291139449252217,0.18615801369321566,0.8057670847691614,0.8291139449252217,8.291139449252217
lam5_n0.3,5.0,0.3,-0.14500000000000002,5.8942983025063045,8.29119996080967,0.1772011883750825,0.8182789366687424,0.8291199960809671,8.29119996080967
lam5_n0.3,5.0,0.3,-0.14,5.895162639676293,8.291254045952815,0.16858907287972055,0.83042155466317,0.8291254045952816,8.291254045952815
lam5_n0.3,5.0,0.3,-0.135,5.895984727568422,8.291302227782602,0.16029759093791468,0.8421835862292356,0.8291302227782602,8.291302227782602
lam5_n0.3,5.0,0.3,-0.13,5.896766112272609,8.291344997034244,0.15230415345437556,0.853555185800911,0.8291344997034245,8.291344997034244
lam5_n0.3,5.0,0.3,-0.125,5.89750823050323,8.291382814014712,0.1445875869432333,0.8645278799007581,0.8291382814014713,8.291382814014712
lam5_n0.3,5.0,0.3,-0.12,5.89821241648856,8.291416110382993,0.1371280575278821,0.8750944348176195,0.8291416110382994,8.291416110382993
lam5_n0.3,5.0,0.3,-0.11499999999999999,5.898879908473379,8.291445290784255,0.12990699250224144,0.885248728993674,0.8291445290784255,8.291445290784255
lam5_n0.3,5.0,0.3,-0.10999999999999999,5.899511854826746,8.291470734348549,0.12290700108218704,0.8949856316683195,0.8291470734348549,8.291470734348549
lam5_n0.3,5.0,0.3,-0.10499999999999998,5.900109319754262,8.291492796064073,0.11611179564147854,0.9043008888107393,0.8291492796064074,8.291492796064073
lam5_n0.3,5.0,0.3,-0.09999999999999998,5.900673288619873,8.291511808034505,0.10950611443119673,0.9131910169530351,0.8291511808034505,8.291511808034505
lam5_n0.3,5.0,0.3,-0.09499999999999997,5.901204672886571,8.291528080629151,0.10307564652700589,0.9216532052031311,0.8291528080629151,8.291528080629151
lam5_n0.3,5.0,0.3,-0.08999999999999997,5.90170431468854,8.291541903534194,0.09680695953342638,0.9296852254607165,0.8291541903534194,8.291541903534194
lam5_n0.3,5.0,0.3,-0.08499999999999996,5.902172991049486,8.291553546712546,0.09068743039600387,0.9372853506691207,0.8291553546712547,8.291553546712546
lam5_n0.3,5.0,0.3,-0.07999999999999996,5.902611417763248,8.291563261279306,0.08470517952714522,0.9444522808001675,0.8291563261279307,8.291563261279306
lam5_n0.3,5.0,0.3,-0.07499999999999996,5.903020252953534,8.291571280299161,0.07884900833536367,0.9511850761775855,0.8291571280299161,8.291571280299161
lam5_n0.3,5.0,0.3,-0.06999999999999995,5.9034001003298195,8.291577819511616,0.07310834015660507,0.9574830976883518,0.8291577819511616,8.291577819511616
lam5_n0.3,5.0,0.3,-0.06499999999999995,5.903751512156275,8.29158307798926,0.06747316451624925,0.9633459534026495,0.8291583077989261,8.29158307798926
lam5_n0.3,5.0,0.3,-0.05999999999999994,5.904074991950086,8.29158723873396,0.06193398459766142,0.9687734511153268,0.8291587238733961,8.29158723873396
lam5_n0.3,5.0,0.3,-0.05499999999999994,5.904370996924782,8.291590469215206,0.05648176775456841,0.9737655563294826,0.8291590469215206,8.291590469215206
lam5_n0.3,5.0,0.3,-0.04999999999999993,5.90463994019337,8.29159292185461,0.05110789887722395,0.9783223552217337,0.829159292185461,8.29159292185461
lam5_n0.3,5.0,0.3,-0.04499999999999993,5.904882192744977,8.291594734459945,0.045804136403896675,0.982444022155424,0.8291594734459946,8.291594734459945
lam5_n0.3,5.0,0.3,-0.040000000000000036,5.905098085207729,8.291596030611908,0.04056257075762941,0.986130791339857,0.8291596030611909,8.291596030611908
lam5_n0.3,5.0,0.3,-0.03500000000000003,5.905287909409386,8.291596920006313,0.035375584981789505,0.9893829322686023,0.8291596920006313,8.291596920006313
lam5_n0.3,5.0,0.3,-0.030000000000000027,5.905451919746193,8.291597498754152,0.030235817345279112,0.9922007286065344,0.8291597498754153,8.291597498754152
lam5_n0.3,5.0,0.3,-0.025000000000000022,5.905590334369186,8.291597849641638,0.025136125688265655,0.9945844602325019,0.8291597849641639,8.291597849641638
lam5_n0.3,5.0,0.3,-0.020000000000000018,5.905703336196117,8.291598042352035,0.020069553281039765,0.9965343881816514,0.8291598042352035,8.291598042352035
lam5_n0.3,5.0,0.3,-0.015000000000000013,5.905791073755981,8.291598133650837,0.015029295971378481,0.9980507422680172,0.8291598133650837,8.291598133650837
lam5_n0.3,5.0,0.3,-0.010000000000000009,5.905853661872041,8.291598167535563,0.010008670399031683,0.9991337112037866,0.8291598167535563,8.291598167535563
lam5_n0.3,5.0,0.3,-0.0050000000000000044,5.90589118218814,8.29159817535122,0.005001083059219849,0.9997834350665606,0.829159817535122,8.29159817535122
lam5_n0.3,5.0,0.3,0.0,5.905903683541997,8.291598175872203,0.0,1.0,0.8291598175872203,8.291598175872203
lam5_n0.3,5.0,0.3,0.0050000000000001155,5.90589118218814,8.29159817535122,0.0050010830592199604,0.9997834350665606,0.829159817535122,8.29159817535122
lam5_n0.3,5.0,0.3,0.010000000000000009,5.905853661872041,8.291598167535563,0.010008670399031683,0.9991337112037866,0.8291598167535563,8.291598167535563
lam5_n0.3,5.0,0.3,0.015000000000000124,5.905791073755981,8.291598133650837,0.015029295971378592,0.9980507422680172,0.8291598133650837,8.291598133650837
lam5_n0.3,5.0,0.3,0.020000000000000018,5.905703336196117,8.291598042352035,0.020069553281039765,0.9965343881816514,0.8291598042352035,8.291598042352035
lam5_n0.3,5.0,0.3,0.02499999999999991,5.905590334369186,8.291597849641638,0.025136125688265544,0.9945844602325019,0.8291597849641639,8.291597849641638
lam5_n0.3,5.0,0.3,0.030000000000000027,5.905451919746193,8.291597498754152,0.030235817345279112,0.9922007286065344,0.8291597498754153,8.291597498754152
lam5_n0.3,5.0,0.3,0.03499999999999992,5.905287909409386,8.291596920006313,0.035375584981789394,0.9893829322686023,0.8291596920006313,8.291596920006313
lam5_n0.3,5.0,0.3,0.040000000000000036,5.905098085207729,8.291596030611908,0.04056257075762941,0.986130791339857,0.8291596030611909,8.291596030611908
lam5_n0.3,5.0,0.3,0.04499999999999993,5.904882192744977,8.291594734459945,0.045804136403896675,0.982444022155424,0.8291594734459946,8.291594734459945
lam5_n0.3,5.0,0.3,0.050000000000000044,5.90463994019337,8.29159292185461,0.05110789887722407,0.9783223552217336,0.829159292185461,8.29159292185461
lam5_n0.3,5.0,0.3,0.05499999999999994,5.904370996924782,8.291590469215206,0.05648176775456841,0.9737655563294826,0.8291590469215206,8.291590469215206
lam5_n0.3,5.0,0.3,0.06000000000000005,5.904074991950086,8.29158723873396,0.06193398459766154,0.9687734511153266,0.8291587238733961,8.29158723873396
lam5_n0.3,5.0,0.3,0.06499999999999995,5.903751512156275,8.29158307798926,0.06747316451624925,0.9633459534026495,0.8291583077989261,8.29158307798926
lam5_n0.3,5.0,0.3,0.07000000000000006,5.9034001003298195,8.291577819511616,0.07310834015660521,0.9574830976883516,0.8291577819511616,8.291577819511616
lam5_n0.3,5.0,0.3,0.07499999999999996,5.903020252953534,8.291571280299161,0.07884900833536367,0.9511850761775855,0.8291571280299161,8.291571280299161
lam5_n0.3,5.0,0.3,0.08000000000000007,5.902611417763248,8.291563261279306,0.08470517952714536,0.9444522808001673,0.8291563261279307,8.291563261279306
lam5_n0.3,5.0,0.3,0.08499999999999996,5.902172991049486,8.291553546712546,0.09068743039600387,0.9372853506691207,0.8291553546712547,8.291553546712546
lam5_n0.3,5.0,0.3,0.09000000000000008,5.90170431468854,8.291541903534194,0.09680695953342652,0.9296852254607163,0.8291541903534194,8.291541903534194
lam5_n0.3,5.0,0.3,0.09499999999999997,5.901204672886571,8.291528080629151,0.10307564652700589,0.9216532052031311,0.8291528080629151,8.291528080629151
lam5_n0.3,5.0,0.3,0.10000000000000009,5.900673288619873,8.291511808034505,0.10950611443119689,0.913191016953035,0.8291511808034505,8.291511808034505
lam5_n0.3,5.0,0.3,0.10499999999999998,5.900109319754262,8.291492796064073,0.11611179564147854,0.9043008888107393,0.8291492796064074,8.291492796064073
lam5_n0.3,5.0,0.3,0.1100000000000001,5.899511854826746,8.291470734348549,0.12290700108218719,0.8949856316683192,0.8291470734348549,8.291470734348549
lam5_n0.3,5.0,0.3,0.11499999999999999,5.898879908473379,8.291445290784255,0.12990699250224144,0.885248728993674,0.8291445290784255,8.291445290784255
lam5_n0.3,5.0,0.3,0.1200000000000001,5.89821241648856,8.291416110382993,0.13712805752788226,0.8750944348176193,0.8291416110382994,8.291416110382993
lam5_n0.3,5.0,0.3,0.125,5.89750823050323,8.291382814014712,0.1445875869432333,0.8645278799007581,0.8291382814014713,8.291382814014712
lam5_n0.3,5.0,0.3,0.13000000000000012,5.896766112272609,8.291344997034244,0.15230415345437573,0.8535551858009108,0.8291344997034245,8.291344997034244
lam5_n0.3,5.0,0.3,0.135,5.895984727568422,8.291302227782602,0.16029759093791468,0.8421835862292356,0.8291302227782602,8.291302227782602
lam5_n0.3,5.0,0.3,0.14000000000000012,5.895162639676293,8.291254045952815,0.16858907287972075,0.8304215546631698,0.8291254045952816,8.291254045952815
lam5_n0.3,5.0,0.3,0.14500000000000002,5.8942983025063045,8.29119996080967,0.1772011883750825,0.8182789366687424,0.8291199960809671,8.29119996080967
lam5_n0.3,5.0,0.3,0.15000000000000013,5.893390053333715,8.291139449252217,0.18615801369321586,0.8057670847691611,0.8291139449252217,8.291139449252217
lam5_n0.3,5.0,0.3,0.15500000000000003,5.892436105197855,8.291071953707549,0.19548517701709145,0.7928989929832287,0.829107195370755,8.291071953707549
lam5_n0.3,5.0,0.3,0.15999999999999992,5.891434539000093,8.290996879844066,0.20520991357057908,0.779689427357856,0.8290996879844066,8.290996879844066
lam5_n0.3,5.0,0.3,0.16500000000000004,5.890383295356746,8.290913594092306,0.21536110796319924,0.7661550479587759,0.8290913594092306,8.290913594092306
lam5_n0.3,5.0,0.3,0.16999999999999993,5.889280166279446,8.290821420961601,0.22596932025130698,0.7523145169040559,0.8290821420961602,8.290821420961601
lam5_n0.3,5.0,0.3,0.17500000000000004,5.888122786773666,8.29071964014117,0.2370667919750085,0.7381885861873412,0.829071964014117,8.29071964014117
lam5_n0.3,5.0,0.3,0.17999999999999994,5.8869086264651385,8.290607483374913,0.2486874283320446,0.7238001583243122,0.8290607483374913,8.290607483374913
lam5_n0.3,5.0,0.3,0.18500000000000005,5.885634981382892,8.29048413110027,0.26086675274797577,0.7091743123690781,0.829048413110027,8.29048413110027
lam5_n0.3,5.0,0.3,0.18999999999999995,5.8842989660456295,8.29034870884285,0.2736418304511291,0.6943382877053691,0.829034870884285,8.29034870884285
lam5_n0.3,5.0,0.3,0.19500000000000006,5.882897506013609,8.290200283360388,0.28705115830914674,0.6793214183444961,0.8290200283360388,8.290200283360388
lam5_n0.3,5.0,0.3,0.19999999999999996,5.881427331079618,8.290037858531825,0.3011345191635514,0.6641550113734271,0.8290037858531826,8.290037858531825
lam5_n0.3,5.0,0.3,0.20500000000000007,5.879884969278272,8.289860370989818,0.31593280021513614,0.6488721647780927,0.8289860370989818,8.289860370989818
lam5_n0.3,5.0,0.3,0.20999999999999996,5.878266741891183,8.289666685498014,0.33148777663484064,0.6335075221531659,0.8289666685498015,8.289666685498014
lam5_n0.3,5.0,0.3,0.21500000000000008,5.8765687596151155,8.289455590077578,0.3478418634267391,0.6180969647584769,0.8289455590077579,8.289455590077578
lam5_n0.3,5.0,0.3,0.21999999999999997,5.874786920040213,8.28922579089067,0.3650378405296473,0.6026772448598579,0.8289225790890671,8.28922579089067
lam5_n0.3,5.0,0.3,0.2250000000000001,5.872916906555636,8.28897590689211,0.3831185580486835,0.5872855680653533,0.8288975906892111,8.28897590689211
lam5_n0.3,5.0,0.3,0.22999999999999998,5.8709541887611945,8.288704464263382,0.40212663016810263,0.571959136115537,0.8288704464263383,8.288704464263382
lam5_n0.3,5.0,0.3,0.2350000000000001,5.868894024417532,8.288409890646188,0.42210412751901455,0.5567346649303117,0.8288409890646188,8.288409890646188
lam5_n0.3,5.0,0.3,0.24,5.8667314629167295,8.288090509194983,0.4430922783925775,0.541647895266099,0.8288090509194984,8.288090509194983
lam5_n0.3,5.0,0.3,0.2450000000000001,5.8644613502031575,8.287744532469821,0.4651311890885731,0.5267331147586101,0.8287744532469822,8.287744532469821
lam5_n0.3,5.0,0.3,0.25,5.862078335024823,8.287370056191778,0.48825959283670156,0.5120227101889476,0.8287370056191778,8.287370056191778
lam5_n0.3,5.0,0.3,0.2550000000000001,5.85957687635184,8.286965052883632,0.5125146351797798,0.49754676744118975,0.8286965052883632,8.286965052883632
lam5_n0.3,5.0,0.3,0.26,5.856951251764264,8.286527365418006,0.5379317016063353,0.4833327339206921,0.8286527365418007,8.286527365418006
lam5_n0.3,5.0,0.3,0.2650000000000001,5.854195566588673,8.286054700494038,0.5645442907736657,0.4694051544420676,0.8286054700494039,8.286054700494038
lam5_n0.3,5.0,0.3,0.27,5.851303763552456,8.285544622061929,0.592383934114312,0.4557854871666696,0.8285544622061929,8.285544622061929
lam5_n0.3,5.0,0.3,0.27500000000000013,5.848269632727032,8.284994544712601,0.6214801602103941,0.44249200152568413,0.8284994544712602,8.284994544712601
lam5_n0.3,5.0,0.3,0.28,5.845086821544572,8.284401727047161,0.6518605002558585,0.42953975565339303,0.8284401727047161,8.284401727047161
lam5_n0.3,5.0,0.3,0.2849999999999999,5.841748844695378,8.283763265038328,0.6835505293503128,0.4169406470519172,0.8283763265038329,8.283763265038328
lam5_n0.3,5.0,0.3,0.29000000000000004,5.838249093742153,8.28307608539337,0.7165739373504086,0.4047035272763324,0.828307608539337,8.28307608539337
lam5_n0.3,5.0,0.3,0.29499999999999993,5.834580846320124,8.282336938925658,0.7509526225459183,0.3928343694970739,0.8282336938925658,8.282336938925658
lam5_n0.3,5.0,0.3,0.30000000000000004,5.830737274825725,8.281542393939741,0.7867068014692618,0.38133647686751526,0.8281542393939741,8.281542393939741
lam5_n0.3,5.0,0.3,0.30499999999999994,5.826711454529045,8.28068882963294,0.823855128591512,0.3702107195975551,0.8280688829632941,8.28068882963294
lam5_n0.3,5.0,0.3,0.31000000000000005,5.822496371074764,8.279772429514843,0.8624148203884097,0.3594557893385737,0.8279772429514843,8.279772429514843
lam5_n0.3,5.0,0.3,0.31499999999999995,5.818084927361638,8.27878917484491,0.9024017791589652,0.34906846071777325,0.827878917484491,8.27878917484491
lam5_n0.3,5.0,0.3,0.32000000000000006,5.813469949811332,8.277734838087436,0.9438307129427318,0.33904385141513876,0.8277734838087437,8.277734838087436
lam5_n0.3,5.0,0.3,0.32499999999999996,5.8086441940532545,8.276604976382512,0.9867152488257562,0.32937567387021466,0.8276604976382512,8.276604976382512
lam5_n0.3,5.0,0.3,0.33000000000000007,5.80360035006339,8.275394925031252,1.0310680377903942,0.32005647338966947,0.8275394925031252,8.275394925031252
lam5_n0.3,5.0,0.3,0.33499999999999996,5.79833104680246,8.27409979099343,1.0769008500135366,0.31107784899212315,0.8274099790993431,8.27409979099343
lam5_n0.3,5.0,0.3,0.3400000000000001,5.7928288564025605,8.27271444639563,1.1242246601349,0.3024306547049076,0.827271444639563,8.27271444639563
lam5_n0.3,5.0,0.3,0.345,5.787086297952626,8.271233522048187,1.1730497224998122,0.2941051801834898,0.8271233522048187,8.271233522048187
lam5_n0.3,5.0,0.3,0.3500000000000001,5.7810958409320286,8.269651400969403,1.2233856367385534,0.2860913104498035,0.8269651400969403,8.269651400969403
lam5_n0.3,5.0,0.3,0.355,5.774849908339228,8.26796221191581,1.2752414042915332,0.2783786652514016,0.826796221191581,8.26796221191581
lam5_n0.3,5.0,0.3,0.3600000000000001,5.768340879558847,8.266159822917544,1.328625476644912,0.2709567190515448,0.8266159822917545,8.266159822917544
lam5_n0.3,5.0,0.3,0.365,5.76156109300654,8.264237834818243,1.3835457961227111,0.26381490299987653,0.8264237834818243,8.264237834818243
lam5_n0.3,5.0,0.3,0.3700000000000001,5.754502848586699,8.262189574819157,1.4400098301070365,0.25694269043461865,0.8262189574819158,8.262189574819157
lam5_n0.3,5.0,0.3,0.375,5.747158409993696,8.26000809002753,1.498024599542351,0.2503296675599073,0.826000809002753,8.26000809002753
lam5_n0.3,5.0,0.3,0.3800000000000001,5.739520006883182,8.257686141009486,1.5575967025363762,0.2439655909525306,0.8257686141009487,8.257686141009486
lam5_n0.3,5.0,0.3,0.385,5.731579836936072,8.25521619534803,1.6187323338087856,0.23784043350398562,0.8255216195348031,8.25521619534803
lam5_n0.3,5.0,0.3,0.3900000000000001,5.723330067834229,8.252590421206872,1.6814373006679637,0.2319444203153276,0.8252590421206872,8.252590421206872
lam5_n0.3,5.0,0.3,0.395,5.714762839163658,8.249800680901087,1.7457170361211336,0.22626805594889737,0.8249800680901087,8.249800680901087
lam5_n0.3,5.0,0.3,0.40000000000000013,5.705870264258217,8.246838524475702,1.8115766096487993,0.2208021443142534,0.8246838524475703,8.246838524475702
lam5_n0.3,5.0,0.3,0.405,5.6966444319943,8.243695183293475,1.8790207361030336,0.2155378023341794,0.8243695183293476,8.243695183293475
lam5_n0.3,5.0,0.3,0.4099999999999999,5.6870774085449005,8.240361563633247,1.9480537831230411,0.21046646840658803,0.8240361563633247,8.240361563633247
lam5_n0.3,5.0,0.3,0.41500000000000004,5.6771612390995925,8.236828240300312,2.018679777400936,0.20557990655373545,0.8236828240300312,8.236828240300312
lam5_n0.3,5.0,0.3,0.41999999999999993,5.666887949555469,8.233085450250332,2.0909024100768754,0.20087020703398487,0.8233085450250333,8.233085450250332
lam5_n0.3,5.0,0.3,0.42500000000000004,5.656249548182786,8.229123086228338,2.1647250414950876,0.1963297840849431,0.8229123086228338,8.229123086228338
lam5_n0.3,5.0,0.3,0.42999999999999994,5.645238027268024,8.224930690424436,2.2401507055108714,0.1919513713707656,0.8224930690424437,8.224930690424436
lam5_n0.3,5.0,0.3,0.43500000000000005,5.633845364736206,8.220497448147817,2.317182113503011,0.18772801562082952,0.8220497448147818,8.220497448147817
lam5_n0.3,5.0,0.3,0.43999999999999995,5.622063525753625,8.215812181520638,2.3958216582153913,0.1836530688714738,0.8215812181520639,8.215812181520638
lam5_n0.3,5.0,0.3,0.44500000000000006,5.609884464311589,8.210863343193418,2.4760714175258913,0.17972017965646858,0.8210863343193419,8.210863343193418
lam5_n0.3,5.0,0.3,0.44999999999999996,5.597300124791329,8.2056390100835,2.5579331582186695,0.17592328343457472,0.8205639010083501,8.2056390100835
lam5_n0.3,5.0,0.3,0.45500000000000007,5.584302443509921,8.200126877138093,2.641408339817986,0.17225659249313688,0.8200126877138093,8.200126877138093
lam5_n0.3,5.0,0.3,0.45999999999999996,5.570883350246793,8.194314251123453,2.726498118526423,0.16871458552431123,0.8194314251123453,8.194314251123453
lam5_n0.3,5.0,0.3,0.4650000000000001,5.557034769750207,8.18818804444163,2.813203351298174,0.16529199703442068,0.818818804444163,8.18818804444163
lam5_n0.3,5.0,0.3,0.47,5.542748623223002,8.18173476897623,2.901524600067691,0.16198380671631565,0.8181734768976231,8.18173476897623
lam5_n0.3,5.0,0.3,0.4750000000000001,5.528016829786767,8.174940529968536,2.9914621361460063,0.15878522888875918,0.8174940529968536,8.174940529968536
lam5_n0.3,5.0,0.3,0.48,5.512831307923615,8.16779101992534,3.083015944790219,0.15569170208513505,0.8167791019925341,8.16779101992534
lam5_n0.3,5.0,0.3,0.4850000000000001,5.497183976894658,8.160271512559735,3.176185729946626,0.15269887885559835,0.8160271512559736,8.160271512559735
lam5_n0.3,5.0,0.3,0.49,5.481066758134357,8.152366856766088,3.2709709191635787,0.14980261583166202,0.8152366856766089,8.152366856766088
lam5_n0.3,5.0,0.3,0.4950000000000001,5.464471576619882,8.144061470630339,3.367370668667344,0.14699896408965846,0.8144061470630339,8.144061470630339
lam5_n0.3,5.0,0.3,0.5,5.447390362214713,8.135339335476749,3.4653838685914518,0.1442841598391901,0.8135339335476749,8.135339335476749
lam5_n0.3,5.0,0.3,0.5050000000000001,5.429815050985729,8.126183989952105,3.565009148348609,0.1416546154541924,0.8126183989952106,8.126183989952105
lam5_n0.3,5.0,0.3,0.51,5.411737586493111,8.1165785241484,3.6662448821327667,0.13910691085733407,0.81165785241484,8.1165785241484
lam5_n0.3,5.0,0.3,0.5150000000000001,5.393149921052436,8.106505573764895,3.7690891945382905,0.1366377852628895,0.8106505573764896,8.106505573764895
lam5_n0.3,5.0,0.3,0.52,5.374044016968401,8.095947314310447,3.8735399662825634,0.13424412927873933,0.8095947314310448,8.095947314310447
lam5_n0.3,5.0,0.3,0.5250000000000001,5.354411847739718,8.084885455346898,3.9795948400183363,0.13192297736459552,0.8084885455346899,8.084885455346898
lam5_n0.3,5.0,0.3,0.53,5.334245399234745,8.073301234774332,4.087251226221963,0.12967150064076285,0.8073301234774333,8.073301234774332
lam5_n0.3,5.0,0.3,0.5350000000000001,5.313536670837509,8.061175413158836,4.196506309144052,0.127487000039593,0.8061175413158836,8.061175413158836
lam5_n0.3,5.0,0.3,0.54,5.292277676563862,8.048488268103508,4.307357052809203,0.1253668997901669,0.8048488268103509,8.048488268103508
lam5_n0.3,5.0,0.3,0.5449999999999999,5.270460446147527,8.035219588663228,4.419800207052139,0.12330874122554442,0.8035219588663228,8.035219588663228
lam5_n0.3,5.0,0.3,0.55,5.2480770260959,8.021348669803817,4.5338323135778404,0.12131017690108868,0.8021348669803818,8.021348669803817
lam5_n0.3,5.0,0.3,0.5549999999999999,5.225119480715537,8.006854306906058,4.649449712034007,0.11936896501181914,0.8006854306906059,8.006854306906058
lam5_n0.3,5.0,0.3,0.56,5.201579893107233,7.991714790315013,4.766648546084721,0.11748296409643598,0.7991714790315014,7.991714790315013
lam5_n0.3,5.0,0.3,0.565,5.1774503661307945,7.975907899935115,4.885424769474742,0.115650128015531,0.7975907899935115,7.975907899935115
lam5_n0.3,5.0,0.3,0.5700000000000001,5.152723023339492,7.9594108998713375,5.005774152074673,0.11386850119152105,0.7959410899871338,7.9594108998713375
lam5_n0.3,5.0,0.3,0.575,5.127390009884398,7.942200533116798,5.1276922858976,0.1121362140979851,0.7942200533116799,7.942200533116798
lam5_n0.3,5.0,0.3,0.5800000000000001,5.101443493388688,7.924253016287093,5.2511745910788035,0.11045147898631277,0.7924253016287093,7.924253016287093
lam5_n0.3,5.0,0.3,0.585,5.074875664792184,7.905544034401556,5.376216321810333,0.1088125858378803,0.7905544034401557,7.905544034401556
lam5_n0.3,5.0,0.3,0.5900000000000001,5.047678739166338,7.886048735711729,5.502812572223313,0.10721789853031849,0.7886048735711729,7.886048735711729
lam5_n0.3,5.0,0.3,0.595,5.019844956499957,7.86574172657712,5.63095828221097,0.10566585120683508,0.786574172657712,7.86574172657712
lam5_n0.3,5.0,0.3,0.6000000000000001,4.991366582455963,7.8445970663884745,5.760648243186395,0.1041549448379652,0.7844597066388475,7.8445970663884745
lam5_n0.3,5.0,0.3,0.605,4.962235909099553,7.822588262538581,5.891877103769164,0.10268374396556372,0.7822588262538581,7.822588262538581
lam5_n0.3,5.0,0.3,0.6100000000000001,4.9324452555981,7.799688265440733,6.024639375395907,0.10125087361928849,0.7799688265440734,7.799688265440733
lam5_n0.3,5.0,0.3,0.615,4.901986968893222,7.775869463594867,6.1589294378499595,0.09985501639627362,0.7775869463594867,7.775869463594867
lam5_n0.3,5.0,0.3,0.6200000000000001,4.87085342434538,7.751103678701367,6.294741544706206,0.0984949096951267,0.7751103678701368,7.751103678701367
lam5_n0.3,5.0,0.3,0.625,4.839037026351516,7.725362160822556,6.432069828687147,0.09716934309582412,0.7725362160822556,7.725362160822556
lam5_n0.3,5.0,0.3,0.6300000000000001,4.806530208936094,7.698615583591766,6.570908306927182,0.09587715587749743,0.7698615583591767,7.698615583591766
lam5_n0.3,5.0,0.3,0.635,4.773325436316092,7.670834039469991,6.711250886142015,0.0946172346665216,0.7670834039469991,7.670834039469991
lam5_n0.3,5.0,0.3,0.6400000000000001,4.739415203440365,7.641987035049932,6.8530913677009195,0.09338851120771031,0.7641987035049933,7.641987035049932
lam5_n0.3,5.0,0.3,0.645,4.704792036503912,7.6120434864074085,6.996423452599533,0.09218996025181254,0.7612043486407409,7.6120434864074085
lam5_n0.3,5.0,0.3,0.6500000000000001,4.669448493437508,7.580971714499907,7.141240746331621,0.09102059755286897,0.7580971714499908,7.580971714499907
lam5_n0.3,5.0,0.3,0.655,4.633377164373265,7.54873944061218,7.287536763658098,0.08987947796934503,0.754873944061218,7.54873944061218
lam5_n0.3,5.0,0.3,0.6600000000000001,4.596570672086572,7.515313781848633,7.435304933272427,0.08876569366328879,0.7515313781848634,7.515313781848633
lam5_n0.3,5.0,0.3,0.665,4.559021672415009,7.480661246672378,7.58453860236119,0.08767837239208918,0.7480661246672379,7.480661246672378
lam5_n0.3,5.0,0.3,0.6699999999999999,4.520722854654676,7.4447477304906595,7.735231041059502,0.08661667588770941,0.744474773049066,7.4447477304906595
lam5_n0.3,5.0,0.3,0.675,4.4816669419345425,7.4075385112864645,7.8873754468006165,0.08557979831856523,0.7407538511286464,7.4075385112864645
lam5_n0.3,5.0,0.3,0.6799999999999999,4.441846691569309,7.368998245296056,8.040964948559674,0.08456696482948901,0.7368998245296057,7.368998245296056
lam5_n0.3,5.0,0.3,0.685,4.401254895391296,7.329090962732132,8.195992610991688,0.08357743015548147,0.7329090962732132,7.329090962732132
lam5_n0.3,5.0,0.3,0.69,4.359884380061932,7.287780063552392,8.35245143846375,0.08261047730520064,0.7287780063552393,7.287780063552392
lam5_n0.3,5.0,0.3,0.6950000000000001,4.31772800736332,7.245028313273129,8.51033437898217,0.08166541631036611,0.724502831327313,7.245028313273129
lam5_n0.3,5.0,0.3,0.7,4.274778674470458,7.200797838827635,8.669634328014784,0.08074158303748082,0.7200797838827635,7.200797838827635
lam5_n0.3,5.0,0.3,0.7050000000000001,4.231029314204571,7.155050124469039,8.830344132209408,0.07983833805847436,0.7155050124469039,7.155050124469039
lam5_n0.3,5.0,0.3,0.71,4.1864728952681505,7.107746007717278,8.992456593009036,0.07895506557707178,0.7107746007717278,7.107746007717278
lam5_n0.3,5.0,0.3,0.7150000000000001,4.141102422462141,7.058845675349845,9.15596447016494,0.07809117240787192,0.7058845675349845,7.058845675349845
lam5_n0.3,5.0,0.3,0.72,4.094910936885834,7.0083086594360084,9.320860485148598,0.07724608700529448,0.7008308659436009,7.0083086594360084
lam5_n0.3,5.0,0.3,0.7250000000000001,4.047891516119936,6.95609383341409,9.487137324463673,0.07641925853971823,0.695609383341409,6.95609383341409
lam5_n0.3,5.0,0.3,0.73,4.000037274393349,6.902159408211497,9.654787642859306,0.07561015601828477,0.6902159408211497,6.902159408211497
lam5_n0.3,5.0,0.3,0.7350000000000001,3.9513413627340936,6.846462928407102,9.823804066446089,0.07481826744798846,0.6846462928407102,6.846462928407102
lam5_n0.3,5.0,0.3,0.74,3.901796969104931,6.788961268435627,9.994179195715999,0.07404309903880858,0.6788961268435627,6.788961268435627
lam5_n0.3,5.0,0.3,0.7450000000000001,3.8513973185240857,6.729610628833615,10.165905608468002,0.07328417444476659,0.6729610628833615,6.729610628833615
lam5_n0.3,5.0,0.3,0.75,3.800135673171613,6.668366532526646,10.338975862640577,0.07254103404091417,0.6668366532526646,6.668366532526646
lam5_n0.3,5.0,0.3,0.7550000000000001,3.7480053324817817,6.605183821157366,10.513382499053026,0.07181323423436799,0.6605183821157367,6.605183821157366
lam5_n0.3,5.0,0.3,0.76,3.6949996332220296,6.540016651453984,10.689118044056926,0.07110034680761662,0.6540016651453984,6.540016651453984
lam5_n0.3,5.0,0.3,0.7650000000000001,3.6411119495588413,6.472818491638778,10.86617501209961,0.07040195829242248,0.6472818491638779,6.472818491638778
lam5_n0.3,5.0,0.3,0.77,3.586335693111053,6.403542117876292,11.044545908201215,0.06971766937273813,0.6403542117876292,6.403542117876292
lam5_n0.3,5.0,0.3,0.7750000000000001,3.5306643129909596,6.3321396107607235,11.224223230347064,0.06904709431514365,0.6332139610760724,6.3321396107607235
lam5_n0.3,5.0,0.3,0.78,3.4740912958336936,6.258562351842198,11.405199471797124,0.06838986042539552,0.6258562351842198,6.258562351842198
lam5_n0.3,5.0,0.3,0.7850000000000001,3.416610165815237,6.182761020191426,11.58746712331429,0.06774560752975595,0.6182761020191426,6.182761020191426
lam5_n0.3,5.0,0.3,0.79,3.3582144846595186,6.104685589002443,11.77101867531319,0.06711398747984576,0.6104685589002443,6.104685589002443
lam5_n0.3,5.0,0.3,0.7949999999999999,3.298897851634917,6.024285322232898,11.95584661993139,0.06649466367983249,0.6024285322232898,6.024285322232898
lam5_n0.3,5.0,0.3,0.8,3.238653903540653,5.941508771281592,12.14194345302467,0.06588731063483191,0.5941508771281593,5.941508771281592
lam5_n0.3,5.0,0.3,0.8049999999999999,3.1774763146833562,5.856303771702816,12.329301676088107,0.06529161351946201,0.5856303771702817,5.856303771702816
lam5_n0.3,5.0,0.3,0.81,3.115358796844207,5.768617439957028,12.517913798104965,0.06470726776554593,0.5768617439957028,5.768617439957028
lam5_n0.3,5.0,0.3,0.815,3.052295099237044,5.678396170197573,12.707772337324727,0.06413397866801696,0.5678396170197573,5.678396170197573
lam5_n0.3,5.0,0.3,0.8200000000000001,2.9882790084577033,5.585585631092895,12.898869822972493,0.06357146100812686,0.5585585631092895,5.585585631092895
lam5_n0.3,5.0,0.3,0.825,2.923304348425032,5.490130762683995,13.09119879689107,0.0630194386931106,0.5490130762683995,5.490130762683995
lam5_n0.3,5.0,0.3,0.8300000000000001,2.8573649803138155,5.391975773276543,13.284751815117767,0.06247764441150324,0.5391975773276543,5.391975773276543
lam5_n0.3,5.0,0.3,0.835,2.7904548024800038,5.291064136367424,13.479521449397376,0.061945819303349976,0.5291064136367424,5.291064136367424
lam5_n0.3,5.0,0.3,0.8400000000000001,2.7225677503785146,5.1873385876051605,13.675500288633243,0.06142371264458884,0.518733858760516,5.1873385876051605
lam5_n0.3,5.0,0.3,0.845,2.6536977964739465,5.080741121783922,13.872680940277869,0.060911081544925576,0.5080741121783923,5.080741121783922
lam5_n0.3,5.0,0.3,0.8500000000000001,2.5838389501444685,4.971212989870627,14.071056031664869,0.060407690658554586,0.4971212989870627,4.971212989870627
lam5_n0.3,5.0,0.3,0.855,2.512985257579226,4.858694696064824,14.270618211283788,0.05991331190711492,0.4858694696064825,4.858694696064824
lam5_n0.3,5.0,0.3,0.8600000000000001,2.4411308016694613,4.7431259948908755,14.47136014999951,0.05942772421430125,0.47431259948908755,4.7431259948908755
lam5_n0.3,5.0,0.3,0.865,2.3682697018937247,4.624445888322138,14.673274542217612,0.05895071325158141,0.46244458883221384,4.624445888322138
lam5_n0.3,5.0,0.3,0.8700000000000001,2.2943961141973457,4.502592622936624,14.8763541069975,0.05848207119449865,0.4502592622936624,4.502592622936624
lam5_n0.3,5.0,0.3,0.875,2.2195042308665145,4.377503687103924,15.080591589114551,0.05802159648906553,0.4377503687103924,4.377503687103924
lam5_n0.3,5.0,0.3,0.8800000000000001,2.1435882803971165,4.249115808202805,15.28597976007306,0.057569093627780274,0.4249115808202805,4.249115808202805
lam5_n0.3,5.0,0.3,0.885,2.066642527358684,4.1173649498693194,15.492511419071128,0.05712437293482151,0.411736494986932,4.1173649498693194
lam5_n0.3,5.0,0.3,0.8900000000000001,1.9886612722535983,3.9821863092747924,15.700179393919285,0.05668725035999902,0.3982186309274793,3.9821863092747924
lam5_n0.3,5.0,0.3,0.895,1.9096388513718319,3.843514314433607,15.908976541913946,0.05625754728106011,0.3843514314433607,3.843514314433607
lam5_n0.3,5.0,0.3,0.9000000000000001,1.829569636641411,3.7012826215400914,16.118895750667303,0.055835090313971485,0.3701282621540092,3.7012826215400914
lam5_n0.3,5.0,0.3,0.905,1.7484480354748841,3.5554241123344363,16.329929938894868,0.05541971113081494,0.35554241123344366,3.5554241123344363
lam5_n0.3,5.0,0.3,0.9100000000000001,1.6662684906118779,3.4058708914970266,16.54207205716212,0.05501124628495394,0.3405870891497027,3.4058708914970266
lam5_n0.3,5.0,0.3,0.915,1.5830254799580974,3.2525542840710364,16.755315088591388,0.05460953704314513,0.32525542840710364,3.2525542840710364
lam5_n0.3,5.0,0.3,0.9199999999999999,1.4987135164208434,3.0954048329127293,16.969652049530474,0.054214429224284245,0.3095404832912729,3.0954048329127293
lam5_n0.3,5.0,0.3,0.925,1.4133271477412732,2.9343522961692536,17.185075990183957,0.05382577304449256,0.29343522961692536,2.9343522961692536
lam5_n0.3,5.0,0.3,0.9299999999999999,1.3268609563236604,2.7693256447835437,17.401579995208643,0.05344342296826302,0.2769325644783544,2.7693256447835437
lam5_n0.3,5.0,0.3,0.935,1.239309559061665,2.600253060025902,17.61915718427428,0.053067237565399585,0.2600253060025902,2.600253060025902
lam5_n0.3,5.0,0.3,0.94,1.15066760716198,2.4270619310520334,17.837800712590507,0.05269707937349681,0.24270619310520336,2.4270619310520334
lam5_n0.3,5.0,0.3,0.9450000000000001,1.0609297859653415,2.2496788524870714,18.057503771401535,0.05233281476571741,0.22496788524870714,2.2496788524870714
lam5_n0.3,5.0,0.3,0.95,0.9700908147652296,2.0680296220353926,18.278259588449195,0.05197431382363916,0.20680296220353928,2.0680296220353926
lam5_n0.3,5.0,0.3,0.9550000000000001,0.8781454466242371,1.8820392381156847,18.50006142840587,0.0516214502149516,0.18820392381156847,1.8820392381156847
lam5_n0.3,5.0,0.3,0.96,0.7850884681884555,1.6916318975212394,18.722902593278,0.05127410107579497,0.16916318975212397,1.6916318975212394
lam5_n0.3,5.0,0.3,0.9650000000000001,0.6909146994997952,1.4967309931047568,18.946776422781426,0.05093214689754259,0.14967309931047568,1.4967309931047568
lam5_n0.3,5.0,0.3,0.97,0.5956189938065938,1.2972591114877263,19.171676294689316,0.050595471417838225,0.12972591114877263,1.2972591114877263
lam5_n0.3,5.0,0.3,0.9750000000000001,0.4991962373724981,1.0931380307937244,19.397595625153997,0.05026396151570768,0.10931380307937244,1.0931380307937244
lam5_n0.3,5.0,0.3,0.98,0.4016413492838384,0.884288718405605,19.624527869003103,0.049937507110574,0.0884288718405605,0.884288718405605
lam5_n0.3,5.0,0.3,0.9850000000000001,0.3029492812555157,0.6706313287460275,19.852466520011564,0.04961600106501156,0.06706313287460275,0.6706313287460275
lam5_n0.3,5.0,0.3,0.99,0.20311501743569726,0.45208520108120864,20.08140511114974,0.04929933909108408,0.04520852010812087,0.45208520108120864
lam5_n0.3,5.0,0.3,0.9950000000000001,0.10213357420922128,0.22856885734738816,20.311337214809033,0.0489874196601169,0.02285688573473882,0.22856885734738816
lam5_n0.3,5.0,0.3,1.0,0.0,0.0,20.54225644300542,0.048680143915762336,0.0,0.0
lam5_n0.5,5.0,0.5,-1.0,0.0,0.0,4.643083984403699,0.2153740925985916,0.0,0.0
lam5_n0.5,5.0,0.5,-0.995,0.02310484156128334,0.05881456619100722,4.598884931866784,0.2163567940361814,0.005881456619100722,0.05881456619100722
lam5_n0.5,5.0,0.5,-0.99,0.04598917249923635,0.11648514654526891,4.554879778003451,0.21734931507543512,0.011648514654526891,0.11648514654526891
lam5_n0.5,5.0,0.5,-0.985,0.06865396295194875,0.17302838099984383,4.511068780838078,0.21835180261139894,0.017302838099984383,0.17302838099984383
lam5_n0.5,5.0,0.5,-0.98,0.09110018434967354,0.2284607516679042,4.467452199213543,0.2193644064445772,0.022846075166790422,0.2284607516679042
lam5_n0.5,5.0,0.5,-0.975,0.11332880941894845,0.28279858350341563,4.42403029280157,0.22038727935169034,0.028279858350341566,0.28279858350341563
lam5_n0.5,5.0,0.5,-0.97,0.1353408121867597,0.3360580449668996,4.380803322113352,0.22142057715845145,0.03360580449668996,0.3360580449668996
lam5_n0.5,5.0,0.5,-0.965,0.15713716798477464,0.3882551486922867,4.337771548510527,0.22246445881442392,0.038825514869228674,0.3882551486922867
lam5_n0.5,5.0,0.5,-0.96,0.17871885345361818,0.4394057521548775,4.2949352342164495,0.2235190864700288,0.04394057521548775,0.4394057521548775
lam5_n0.5,5.0,0.5,-0.955,0.2000868465472088,0.48952555834039513,4.252294642327833,0.22458462555576925,0.04895255583403951,0.48952555834039513
lam5_n0.5,5.0,0.5,-0.95,0.22124212653715783,0.5386301164151466,4.2098500368267215,0.2256612448637448,0.05386301164151466,0.5386301164151466
lam5_n0.5,5.0,0.5,-0.945,0.24218567401722504,0.5867348223972818,4.167601682592857,0.22674911663152794,0.05867348223972818,0.5867348223972818
lam5_n0.5,5.0,0.5,-0.94,0.2629184709078398,0.6338549198291722,4.125549845416402,0.22784841662848054,0.06338549198291722,0.6338549198291722
lam5_n0.5,5.0,0.5,-0.935,0.28344150046068717,0.6800055004508809,4.083694792011086,0.2289593242445876,0.06800055004508809,0.6800055004508809
lam5_n0.5,5.0,0.5,-0.9299999999999999,0.3037557472633561,0.7252015048747733,4.042036790027738,0.23008202258189195,0.07252015048747733,0.7252015048747733
lam5_n0.5,5.0,0.5,-0.925,0.3238621972440612,0.7694577232612099,4.000576108068276,0.23121669854861152,0.07694577232612099,0.7694577232612099
lam5_n0.5,5.0,0.5,-0.92,0.34376183767643664,0.8127887959953908,3.9593130157001224,0.23236354295602896,0.08127887959953908,0.8127887959953908
lam5_n0.5,5.0,0.5,-0.915,0.363455657184395,0.8552092143652954,3.918247783471089,0.23352275061824238,0.08552092143652955,0.8552092143652954
lam5_n0.5,5.0,0.5,-0.91,0.3829446457470731,0.8967333212407611,3.8773806829247417,0.23469452045487035,0.08967333212407612,0.8967333212407611
lam5_n0.5,5.0,0.5,-0.905,0.4022297947038487,0.9373753117536807,3.836711986616272,0.2358790555968082,0.09373753117536808,0.9373753117536807
lam5_n0.5,5.0,0.5,-0.9,0.4213120967594368,0.9771492339793286,3.7962419681288786,0.2370765634951344,0.09771492339793286,0.9771492339793286
lam5_n0.5,5.0,0.5,-0.895,0.4401925459890732,1.0160689896188275,3.755970902090696,0.2382872560332706,0.10160689896188276,1.0160689896188275
lam5_n0.5,5.0,0.5,-0.89,0.45887213784378633,1.0541483346827338,3.7158990641922816,0.23951134964250106,0.10541483346827339,1.0541483346827338
lam5_n0.5,5.0,0.5,-0.885,0.4773518691557461,1.0914008801757755,3.6760267312046913,0.2407490654209611,0.10914008801757756,1.0914008801757755
lam5_n0.5,5.0,0.5,-0.88,0.4956327381437218,1.1278400927827201,3.636354180998158,0.24200062925620877,0.11278400927827202,1.1278400927827201
lam5_n0.5,5.0,0.5,-0.875,0.5137157444186189,1.1634792955553832,3.596881692561406,0.24326627195149592,0.11634792955553833,1.1634792955553832
lam5_n0.5,5.0,0.5,-0.87,0.531601888989127,1.1983316686007919,3.557609546021621,0.2445462293558599,0.1198331668600792,1.1983316686007919
lam5_n0.5,5.0,0.5,-0.865,0.5492921742674595,1.2324102497704819,3.5185380226651,0.24584074249816115,0.1232410249770482,1.2324102497704819
lam5_n0.5,5.0,0.5,-0.86,0.5667876040752022,1.2657279353509574,3.479667404958625,0.24715005772519394,0.12657279353509573,1.2657279353509574
lam5_n0.5,5.0,0.5,-0.855,0.5840891836492744,1.2982974807552956,3.4409979765715564,0.24847442684400542,0.12982974807552958,1.2982974807552956
lam5_n0.5,5.0,0.5,-0.85,0.6011979196479941,1.3301315012159087,3.402530022398718,0.24981410726855727,0.13301315012159087,1.3301315012159087
lam5_n0.5,5.0,0.5,-0.845,0.6181148201572678,1.3612424724784644,3.364263828584073,0.25116936217087277,0.13612424724784644,1.3612424724784644
lam5_n0.5,5.0,0.5,-0.84,0.634840894696894,1.391642731496965,3.326199682545227,0.2525404606368152,0.1391642731496965,1.391642731496965
lam5_n0.5,5.0,0.5,-0.835,0.6513771542269962,1.4213444771299943,3.2883378729988144,0.2539276778266456,0.14213444771299943,1.4213444771299943
lam5_n0.5,5.0,0.5,-0.83,0.6677246111545836,1.4503597708381242,3.2506786899867763,0.25533129514051617,0.1450359770838124,1.4503597708381242
lam5_n0.5,5.0,0.5,-0.825,0.6838842793402455,1.4787005373824953,3.213222424903588,0.25675160038905614,0.14787005373824955,1.4787005373824953
lam5_n0.5,5.0,0.5,-0.8200000000000001,0.6998571741049823,1.5063785655245654,3.1759693705244523,0.25818888796921624,0.15063785655245654,1.5063785655245654
lam5_n0.5,5.0,0.5,-0.815,0.7156443122371843,1.5334055087270344,3.138919821034525,0.2596434590455364,0.15334055087270346,1.5334055087270344
lam5_n0.5,5.0,0.5,-0.81,0.731246711999754,1.5597928858559398,3.102074072059196,0.2611156217370115,0.15597928858559398,1.5597928858559398
lam5_n0.5,5.0,0.5,-0.8049999999999999,0.7466653931373872,1.5855520818839446,3.0654324206954695,0.2626056913097323,0.15855520818839447,1.5855520818839446
lam5_n0.5,5.0,0.5,-0.8,0.7619013768840112,1.6106943485947895,3.028995165544506,0.26411399037548094,0.16106943485947897,1.6106943485947895
lam5_n0.5,5.0,0.5,-0.7949999999999999,0.7769556859703896,1.6352308052889475,2.992762606745344,0.2656408490964706,0.16352308052889475,1.6352308052889475
lam5_n0.5,5.0,0.5,-0.79,0.7918293446318984,1.6591724394904475,2.9567350460098902,0.26718660539641653,0.16591724394904475,1.6591724394904475
lam5_n0.5,5.0,0.5,-0.785,0.8065233786164799,1.6825301076549084,2.9209127866591813,0.26875160517813695,0.16825301076549085,1.6825301076549084
lam5_n0.5,5.0,0.5,-0.78,0.8210388151927838,1.705314535878748,2.885296133661016,0.2703362025478802,0.1705314535878748,1.705314535878748
lam5_n0.5,5.0,0.5,-0.775,0.8353766831584964,1.7275363206095968,2.849885393668988,0.271940760046583,0.1727536320609597,1.7275363206095968
lam5_n0.5,5.0,0.5,-0.77,0.8495380128488702,1.7492059293579076,2.814680875062971,0.2735656488882681,0.17492059293579076,1.7492059293579076
lam5_n0.5,5.0,0.5,-0.765,0.86352383614546,1.770333701409768,2.779682887991149,0.27521124920578927,0.1770333701409768,1.770333701409768
lam5_n0.5,5.0,0.5,-0.76,0.8773351864850726,1.790929848540912,2.7448917444136027,0.2768779503041423,0.1790929848540912,1.790929848540912
lam5_n0.5,5.0,0.5,-0.755,0.8909730988689393,1.8110044557319447,2.710307758147577,0.27856615092155523,0.1811004455731945,1.8110044557319447
lam5_n0.5,5.0,0.5,-0.75,0.9044386098721175,1.8305674818847693,2.67593124491444,0.2802762594985808,0.18305674818847695,1.8305674818847693
lam5_n0.5,5.0,0.5,-0.745,0.9177327576531338,1.8496287605402313,2.6417625223884413,0.2820086944554118,0.18496287605402315,1.8496287605402313
lam5_n0.5,5.0,0.5,-0.74,0.9308565819638723,1.8681980005969763,2.6078019102473218,0.28376388447764384,0.18681980005969764,1.8681980005969763
lam5_n0.5,5.0,0.5,-0.735,0.9438111241597238,1.886284787031522,2.5740497302248677,0.28554226881070816,0.18862847870315222,1.886284787031522
lam5_n0.5,5.0,0.5,-0.73,0.9565974272100017,1.9038985816195582,2.5405063061654514,0.28734429756320334,0.19038985816195583,1.9038985816195582
lam5_n0.5,5.0,0.5,-0.725,0.969216535708636,1.9210487236584628,2.5071719640806838,0.28917043201934456,0.19210487236584628,1.9210487236584628
lam5_n0.5,5.0,0.5,-0.72,0.9816694958851532,1.937744430691047,2.4740470322082255,0.2910211449607567,0.1937744430691047,1.937744430691047
lam5_n0.5,5.0,0.5,-0.715,0.9939573556159611,1.9539947992305333,2.4411318410728606,0.29289692099782794,0.19539947992305334,1.9539947992305333
lam5_n0.5,5.0,0.5,-0.71,1.006081164435941,1.9698088054867597,2.4084267235499004,0.29479825691084155,0.196980880548676,1.9698088054867597
lam5_n0.5,5.0,0.5,-0.7050000000000001,1.0180419735503632,1.9851953060936223,2.375932014931038,0.2967256620010918,0.19851953060936223,1.9851953060936223
lam5_n0.5,5.0,0.5,-0.7,1.0298408358471394,2.0001630388377607,2.3436480529927053,0.2986796584521894,0.2000163038837761,2.0001630388377607
lam5_n0.5,5.0,0.5,-0.6950000000000001,1.041478805909422,2.014720623388473,2.311575178067078,0.30066078170174587,0.2014720623388473,2.014720623388473
lam5_n0.5,5.0,0.5,-0.69,1.0529569400285694,2.028876562028893,2.2797137331157606,0.3026695808236212,0.20288765620288932,2.028876562028893
lam5_n0.5,5.0,0.5,-0.685,1.0642762962174768,2.0426392403883966,2.248064063806316,0.3047066189208996,0.20426392403883967,2.0426392403883966
lam5_n0.5,5.0,0.5,-0.6799999999999999,1.0754379342243083,2.056016928176277,2.21662651859168,0.3067724735297463,0.2056016928176277,2.056016928176277
lam5_n0.5,5.0,0.5,-0.675,1.0864429155466289,2.069017779916659,2.185401448792625,0.3088677370342731,0.2069017779916659,2.069017779916659
lam5_n0.5,5.0,0.5,-0.6699999999999999,1.097292303445952,2.0816498356846864,2.154389208683297,0.3109930170925268,0.20816498356846866,2.0816498356846864
lam5_n0.5,5.0,0.5,-0.665,1.1079871629627305,2.0939210218439595,2.1235901555800147,0.3131489370736742,0.20939210218439597,2.0939210218439595
lam5_n0.5,5.0,0.5,-0.6599999999999999,1.1185285609317963,2.1058391517852453,2.0930046499333614,0.3153361365064399,0.21058391517852454,2.1058391517852453
lam5_n0.5,5.0,0.5,-0.655,1.1289175659982664,2.1174119266664517,2.062633055423723,0.3175552715388073,0.21174119266664518,2.1174119266664517
lam5_n0.5,5.0,0.5,-0.6499999999999999,1.1391552486339427,2.1286469361538827,2.0324757390603345,0.31980701540895706,0.2128646936153883,2.1286469361538827
lam5_n0.5,5.0,0.5,-0.645,1.1492426811542051,2.1395516591647628,2.002533071283984,0.32209205892736587,0.2139551659164763,2.1395516591647628
lam5_n0.5,5.0,0.5,-0.64,1.1591809377354405,2.1501334646110486,1.972805426073402,0.3244111109699409,0.21501334646110487,2.1501334646110486
lam5_n0.5,5.0,0.5,-0.635,1.1689710944330014,2.1603996121445244,1.9432931810555076,0.3267648989819936,0.21603996121445246,2.1603996121445244
lam5_n0.5,5.0,0.5,-0.63,1.1786142291997321,2.1703572529031887,1.9139967176195385,0.3291541694927977,0.2170357252903189,2.1703572529031887
lam5_n0.5,5.0,0.5,-0.625,1.1881114219050743,2.1800134302589362,1.8849164210351774,0.3315796886403887,0.21800134302589363,2.1800134302589362
lam5_n0.5,5.0,0.5,-0.62,1.1974637543547737,2.189375080566542,1.8560526805747437,0.33404224270617755,0.2189375080566542,2.189375080566542
lam5_n0.5,5.0,0.5,-0.615,1.206672310311206,2.1984490339139495,1.8274058896395098,0.33654263865884787,0.21984490339139495,2.1984490339139495
lam5_n0.5,5.0,0.5,-0.61,1.215738175514347,2.2072420148738714,1.7989764458901978,0.33908170470689525,0.22072420148738714,2.2072420148738714
lam5_n0.5,5.0,0.5,-0.605,1.2246624377034037,2.2157606432567074,1.7707647513816949,0.3416602908590369,0.22157606432567076,2.2157606432567074
lam5_n0.5,5.0,0.5,-0.6,1.2334461866391317,2.224011434864787,1.7427712127020074,0.3442792694915788,0.2224011434864787,2.224011434864787
lam5_n0.5,5.0,0.5,-0.595,1.2420905141268581,2.232000802247938,1.7149962411154502,0.3469395359216684,0.22320008022479382,2.232000802247938
lam5_n0.5,5.0,0.5,-0.59,1.2505965140402275,2.2397350554604016,1.6874402527100594,0.349642008985177,0.22397350554604017,2.2397350554604016
lam5_n0.5,5.0,0.5,-0.585,1.2589652823456985,2.2472204028190816,1.660103668549162,0.35238763161776354,0.22472204028190818,2.2472204028190816
lam5_n0.5,5.0,0.5,-0.5800000000000001,1.267197917127809,2.2544629516631542,1.6329869148270324,0.35517737143744,0.22544629516631542,2.2544629516631542
lam5_n0.5,5.0,0.5,-0.575,1.2752955186152275,2.261468709115036,1.6060904230285016,0.3580122213267167,0.2261468709115036,2.261468709115036
lam5_n0.5,5.0,0.5,-0.5700000000000001,1.2832591892076113,2.268243582842721,1.579414630092378,0.3608932000121219,0.22682435828427214,2.268243582842721
lam5_n0.5,5.0,0.5,-0.565,1.2910900335032953,2.274793381823505,1.5529599785784236,0.36382135263859133,0.22747933818235053,2.274793381823505
lam5_n0.5,5.0,0.5,-0.56,1.2987891583278186,2.2811238171090897,1.5267269168376716,0.36679775133586756,0.22811238171090897,2.2811238171090897
lam5_n0.5,5.0,0.5,-0.5549999999999999,1.306357672763316,2.2872405025920988,1.5007158991856833,0.36982349577368595,0.2287240502592099,2.2872405025920988
lam5_n0.5,5.0,0.5,-0.55,1.3137966881787746,2.2931489557740026,1.4749273860783927,0.3728997137020869,0.22931489557740026,2.2931489557740026
lam5_n0.5,5.0,0.5,-0.5449999999999999,1.3211073182611848,2.298854598534473,1.449361844289983,0.3760275614727431,0.22988545985344733,2.298854598534473
lam5_n0.5,5.0,0.5,-0.54,1.3282906790475753,2.3043627579021795,1.4240197470922564,0.3792082245366613,0.23043627579021797,2.3043627579021795
lam5_n0.5,5.0,0.5,-0.5349999999999999,1.335347888957954,2.309678666827037,1.398901574434728,0.3824429179130663,0.23096786668270372,2.309678666827037
lam5_n0.5,5.0,0.5,-0.53,1.342280068829145,2.3148074649539385,1.3740078131246696,0.38573288662363003,0.23148074649539385,2.3148074649539385
lam5_n0.5,5.0,0.5,-0.5249999999999999,1.3490883419495279,2.319754199397964,1.3493389570060772,0.3890794060855351,0.23197541993979642,2.319754199397964
lam5_n0.5,5.0,0.5,-0.52,1.355773834094661,2.324523825521114,1.3248955071364654,0.39248378245609034,0.2324523825521114,2.324523825521114
lam5_n0.5,5.0,0.5,-0.515,1.3623376735637878,2.3291212077105645,1.3006779719601356,0.39594735292079214,0.23291212077105647,2.3291212077105645
lam5_n0.5,5.0,0.5,-0.51,1.3687809912171907,2.3335511201584818,1.276686867476424,0.39947148591580384,0.2333551120158482,2.3335511201584818
lam5_n0.5,5.0,0.5,-0.505,1.375104920514375,2.3378182476434164,1.2529227174011526,0.40305758127483327,0.23378182476434164,2.3378182476434164
lam5_n0.5,5.0,0.5,-0.5,1.3813105975530366,2.341927186313297,1.2293860533192857,0.4067070702892904,0.2341927186313297,2.341927186313297
lam5_n0.5,5.0,0.5,-0.495,1.3873991611087662,2.345882444470069,1.2060774148264826,0.41042141566942064,0.23458824444700693,2.345882444470069
lam5_n0.5,5.0,0.5,-0.49,1.3933717526754295,2.349688443355993,1.1829973496569237,0.41420211139281327,0.23496884433559928,2.349688443355993
lam5_n0.5,5.0,0.5,-0.485,1.3992295165061444,2.3533495179416435,1.1601464137944273,0.4180506824252786,0.23533495179416436,2.3533495179416435
lam5_n0.5,5.0,0.5,-0.48,1.4049735996547668,2.3568699177156547,1.137525171563456,0.4219686842975708,0.2356869917715655,2.3568699177156547
lam5_n0.5,5.0,0.5,-0.475,1.4106051520177714,2.3602538074762354,1.1151341956961884,0.42595770251978793,0.23602538074762355,2.3602538074762354
lam5_n0.5,5.0,0.5,-0.47,1.4161253263764004,2.363505268124516,1.092974067371315,0.43001935181352047,0.2363505268124516,2.363505268124516
lam5_n0.5,5.0,0.5,-0.46499999999999997,1.421535278438925,2.366628297459759,1.07104537621967,0.4341552751399293,0.2366628297459759,2.366628297459759
lam5_n0.5,5.0,0.5,-0.45999999999999996,1.4268361668828415,2.3696268109765013,1.0493487202912202,0.4383671424999105,0.23696268109765015,2.3696268109765013
lam5_n0.5,5.0,0.5,-0.45499999999999996,1.4320291533967917,2.3725046426636713,1.0278847059772331,0.4426566494803726,0.23725046426636714,2.3725046426636713
lam5_n0.5,5.0,0.5,-0.44999999999999996,1.4371154027219686,2.3752655458057483,1.0066539478807488,0.4470255155183758,0.23752655458057484,2.3752655458057483
lam5_n0.5,5.0,0.5,-0.44499999999999995,1.4420960826927296,2.3779131937860356,0.9856570686276408,0.45147548185251335,0.23779131937860357,2.3779131937860356
lam5_n0.5,5.0,0.5,-0.43999999999999995,1.4469723642760992,2.3804511808921047,0.9648946986097059,0.456008309128432,0.23804511808921047,2.3804511808921047
lam5_n0.5,5.0,0.5,-0.43499999999999994,1.4517454216097962,2.3828830231235116,0.9443674756502523,0.4606257746228257,0.23828830231235118,2.3828830231235116
lam5_n0.5,5.0,0.5,-0.42999999999999994,1.4564164320383748,2.3852121590018465,0.9240760445816374,0.4653296690476123,0.23852121590018466,2.3852121590018465
lam5_n0.5,5.0,0.5,-0.42499999999999993,1.460986576147007,2.387441950383224,0.9040210567230968,0.47012179289334644,0.23874419503832242,2.387441950383224
lam5_n0.5,5.0,0.5,-0.42000000000000004,1.4654570377923828,2.3895756832733124,0.8842031692460307,0.47500395226827613,0.23895756832733125,2.3895756832733124
lam5_n0.5,5.0,0.5,-0.41500000000000004,1.46982900413012,2.391616568644998,0.8646230444126423,0.4799779541868663,0.23916165686449983,2.391616568644998
lam5_n0.5,5.0,0.5,-0.41000000000000003,1.4741036656380255,2.393567743258816,0.8452813486725266,0.4850456012591372,0.2393567743258816,2.393567743258816
lam5_n0.5,5.0,0.5,-0.405,1.4782822161344442,2.395432270486257,0.8261787516003923,0.4902086857299026,0.2395432270486257,2.395432270486257
lam5_n0.5,5.0,0.5,-0.4,1.4823658527908647,2.3972131411360973,0.8073159246566919,0.4954689828149972,0.23972131411360975,2.3972131411360973
lam5_n0.5,5.0,0.5,-0.395,1.486355776137844,2.3989132742838826,0.7886935397514634,0.500828243279987,0.23989132742838826,2.3989132742838826
lam5_n0.5,5.0,0.5,-0.39,1.4902531900632159,2.40053551810473,0.7703122675902198,0.506288185205778,0.240053551810473,2.40053551810473
lam5_n0.5,5.0,0.5,-0.385,1.4940593018014354,2.4020826507096054,0.7521727757792729,0.5118504848851101,0.24020826507096055,2.4020826507096054
lam5_n0.5,5.0,0.5,-0.38,1.4977753219128016,2.4035573809852573,0.7342757266664862,0.5175167667943339,0.24035573809852573,2.4035573809852573
lam5_n0.5,5.0,0.5,-0.375,1.5014024642511685,2.404962349437983,0.7166217748921544,0.5232885925862836,0.2404962349437983,2.404962349437983
lam5_n0.5,5.0,0.5,-0.37,1.50494194591863,2.4063001290414348,0.6992115646235801,0.52916744905269,0.2406300129041435,2.4063001290414348
lam5_n0.5,5.0,0.5,-0.365,1.5083949872055322,2.407573226088669,0.6820457264459812,0.5351547350086775,0.2407573226088669,2.407573226088669
lam5_n0.5,5.0,0.5,-0.36,1.5117628115140214,2.4087840810486534,0.6651248738817483,0.5412517470576569,0.24087840810486535,2.4087840810486534
lam5_n0.5,5.0,0.5,-0.355,1.5150466452632012,2.409935069427466,0.6484495995098117,0.547459664202674,0.2409935069427466,2.409935069427466
lam5_n0.5,5.0,0.5,-0.35,1.5182477177738278,2.411028502634419,0.6320204706570992,0.5537795312802319,0.24110285026344191,2.411028502634419
lam5_n0.5,5.0,0.5,-0.345,1.5213672611303353,2.4120666288533585,0.615838024634878,0.5602122412050567,0.24120666288533588,2.4120666288533585
lam5_n0.5,5.0,0.5,-0.33999999999999997,1.5244065100178525,2.413051633919388,0.5999027634942753,0.5667585160294807,0.2413051633919388,2.413051633919388
lam5_n0.5,5.0,0.5,-0.33499999999999996,1.5273667015317447,2.413985642201277,0.5842151482776117,0.5734188868392919,0.2413985642201277,2.413985642201277
lam5_n0.5,5.0,0.5,-0.32999999999999996,1.5302490749571092,2.4148707174898125,0.5687755927454711,0.5801936725292571,0.24148707174898126,2.4148707174898125
lam5_n0.5,5.0,0.5,-0.32499999999999996,1.533054871515562,2.415708863892359,0.5535844565638183,0.5870829575261626,0.2415708863892359,2.415708863892359
lam5_n0.5,5.0,0.5,-0.31999999999999995,1.5357853340765886,2.4165020267338786,0.5386420379410886,0.5940865685551978,0.24165020267338788,2.4165020267338786
lam5_n0.5,5.0,0.5,-0.31499999999999995,1.538441706830695,2.4172520934646697,0.5239485657121008,0.6012040505767624,0.241725209346467,2.4172520934646697
lam5_n0.5,5.0,0.5,-0.30999999999999994,1.541025234921606,2.4179608945750517,0.5095041908740412,0.6084346420550595,0.2417960894575052,2.4179608945750517
lam5_n0.5,5.0,0.5,-0.30499999999999994,1.5435371640348032,2.4186302045172323,0.49530897758962117,0.6157772497568212,0.24186302045172325,2.4186302045172323
lam5_n0.5,5.0,0.5,-0.29999999999999993,1.5459787399397968,2.419261742634542,0.4813628936839151,0.6232304233175764,0.2419261742634542,2.419261742634542
lam5_n0.5,5.0,0.5,-0.29500000000000004,1.548351207983698,2.4198571740982153,0.4676658006742731,0.630792329853228,0.24198571740982155,2.4198571740982153
lam5_n0.5,5.0,0.5,-0.29000000000000004,1.550655812533881,2.4204181108518457,0.4542174433869666,0.6384607289353638,0.24204181108518458,2.4204181108518457
lam5_n0.5,5.0,0.5,-0.28500000000000003,1.5528937963678344,2.420946112563605,0.4410174392297305,0.6462329482883342,0.2420946112563605,2.420946112563605
lam5_n0.5,5.0,0.5,-0.28,1.5550664000086931,2.42144268758626,0.4280652672057718,0.6541058606032698,0.242144268758626,2.42144268758626
lam5_n0.5,5.0,0.5,-0.275,1.557174861005401,2.4219092939249567,0.41536025677183636,0.6620758618970656,0.24219092939249567,2.4219092939249567
lam5_n0.5,5.0,0.5,-0.27,1.5592204131570209,2.4223473402126787,0.4029015766600112,0.6701388518711102,0.24223473402126788,2.4223473402126787
lam5_n0.5,5.0,0.5,-0.265,1.5612042856813448,2.4227581866931884,0.3906882237995704,0.6782902167431324,0.24227581866931885,2.4227581866931884
lam5_n0.5,5.0,0.5,-0.26,1.5631277023286747,2.4231431462111894,0.3787190124906531,0.6865248150339874,0.24231431462111896,2.4231431462111894
lam5_n0.5,5.0,0.5,-0.255,1.564991880442444,2.4235034852093347,0.36699256399517455,0.6948369667875693,0.24235034852093348,2.4235034852093347
lam5_n0.5,5.0,0.5,-0.25,1.5667980299692041,2.4238404247316017,0.35550729672129533,0.7032204466846452,0.24238404247316017,2.4238404247316017
lam5_n0.5,5.0,0.5,-0.245,1.5685473524213955,2.4241551414324443,0.34426141718526054,0.7116684814788754,0.24241551414324444,2.4241551414324443
lam5_n0.5,5.0,0.5,-0.24,1.5702410397972641,2.4244487685910014,0.3332529119376457,0.7201737521348527,0.24244487685910016,2.4244487685910014
lam5_n0.5,5.0,0.5,-0.235,1.5718802734632062,2.4247223971295293,0.32247954063938233,0.7287284009834047,0.24247223971295295,2.4247223971295293
lam5_n0.5,5.0,0.5,-0.22999999999999998,1.5734662230047407,2.4249770766350816,0.31193883046579685,0.7373240441292825,0.24249770766350817,2.4249770766350816
lam5_n0.5,5.0,0.5,-0.22499999999999998,1.5750000450531703,2.4252138163833497,0.3016280720039523,0.7459517892520685,0.24252138163833498,2.4252138163833497
lam5_n0.5,5.0,0.5,-0.21999999999999997,1.5764828820957733,2.4254335863634306,0.2915443167897011,0.7546022588349475,0.24254335863634308,2.4254335863634306
lam5_n0.5,5.0,0.5,-0.21499999999999997,1.5779158612780366,2.4256373183021944,0.28168437660620893,0.763265618740961,0.24256373183021945,2.4256373183021944
lam5_n0.5,5.0,0.5,-0.20999999999999996,1.579300093206986,2.425825906686781,0.27204482463573715,0.771931611936327,0.2425825906686781,2.425825906686781
lam5_n0.5,5.0,0.5,-0.20499999999999996,1.5806366707650348,2.426000209783675,0.2626219985219394,0.7805895970396947,0.24260002097836753,2.426000209783675
lam5_n0.5,5.0,0.5,-0.19999999999999996,1.5819266679439665,2.426161050652718,0.2534120053618625,0.7892285912595488,0.24261610506527181,2.426161050652718
lam5_n0.5,5.0,0.5,-0.19499999999999995,1.58317113870867,2.4263092181543238,0.24441072860651683,0.7978373171741389,0.2426309218154324,2.4263092181543238
lam5_n0.5,5.0,0.5,-0.18999999999999995,1.5843711159000233,2.4264454679481346,0.2356138368077459,0.8064042527138782,0.24264454679481348,2.4264454679481346
lam5_n0.5,5.0,0.5,-0.18499999999999994,1.5855276101859266,2.426570523481297,0.22701679410872294,0.8149176836291667,0.2426570523481297,2.426570523481297
lam5_n0.5,5.0,0.5,-0.17999999999999994,1.5866416090688567,2.426685076964539,0.21861487233728064,0.8233657576703867,0.24266850769645393,2.426685076964539
lam5_n0.5,5.0,0.5,-0.17499999999999993,1.5877140759575386,2.4267897903342215,0.21040316452691202,0.8317365396736521,0.24267897903342217,2.4267897903342215
lam5_n0.5,5.0,0.5,-0.16999999999999993,1.5887459493093716,2.4268852961985763,0.20237659966094856,0.8400180667370104,0.24268852961985765,2.4268852961985763
lam5_n0.5,5.0,0.5,-0.16500000000000004,1.5897381418491625,2.4269721987663857,0.19452995841217496,0.848198402687127,0.2426972198766386,2.4269721987663857
lam5_n0.5,5.0,0.5,-0.16000000000000003,1.5906915398685386,2.427051074756435,0.18685788963370253,0.8562656910749019,0.2427051074756435,2.427051074756435
lam5_n0.5,5.0,0.5,-0.15500000000000003,1.5916070026091673,2.427122474286148,0.179354927347699,0.8642082059976847,0.2427122474286148,2.427122474286148
lam5_n0.5,5.0,0.5,-0.15000000000000002,1.5924853617316321,2.427186921737926,0.17201550797658505,0.8720144001226807,0.2427186921737926,2.427186921737926
lam5_n0.5,5.0,0.5,-0.14500000000000002,1.5933274208705448,2.427244916601831,0.1648339875662851,0.8796729493769653,0.2427244916601831,2.427244916601831
lam5_n0.5,5.0,0.5,-0.14,1.5941339552752554,2.4272969342933677,0.15780465876245256,0.8871727938700823,0.24272969342933678,2.4272969342933677
lam5_n0.5,5.0,0.5,-0.135,1.5949057115343568,2.4273434269452903,0.15092176731745796,0.8945031747211974,0.24273434269452904,2.4273434269452903
lam5_n0.5,5.0,0.5,-0.13,1.5956434073811283,2.427384824172453,0.14417952792731759,0.9016536665700166,0.2427384824172453,2.427384824172453
lam5_n0.5,5.0,0.5,-0.125,1.5963477315761174,2.4274215338089205,0.1375721392225475,0.9086142056553339,0.24274215338089206,2.4274215338089205
lam5_n0.5,5.0,0.5,-0.12,1.5970193438622429,2.4274539426166624,0.131093797763997,0.9153751134438204,0.24274539426166625,2.4274539426166624
lam5_n0.5,5.0,0.5,-0.11499999999999999,1.5976588749871337,2.4274824169653137,0.12473871092294087,0.9219271158817963,0.2427482416965314,2.4274824169653137
lam5_n0.5,5.0,0.5,-0.10999999999999999,1.5982669267868794,2.42750730348262,0.1185011085530533,0.9282613584222519,0.242750730348262,2.42750730348262
lam5_n0.5,5.0,0.5,-0.10499999999999998,1.5988440723249802,2.427528929675308,0.11237525338944439,0.9343694170469637,0.2427528929675308,2.427528929675308
lam5_n0.5,5.0,0.5,-0.09999999999999998,1.5993908560800238,2.427547604520258,0.1063554501359547,0.9402433055585726,0.24275476045202582,2.427547604520258
lam5_n0.5,5.0,0.5,-0.09499999999999997,1.5999077941754838,2.42756361902594,0.10043605322578898,0.945875479459868,0.242756361902594,2.42756361902594
lam5_n0.5,5.0,0.5,-0.08999999999999997,1.6003953746450128,2.4275772467642085,0.09461147326190383,0.9512588367677315,0.24275772467642087,2.4275772467642085
lam5_n0.5,5.0,0.5,-0.08499999999999996,1.600854057726687,2.4275887443726045,0.08887618216209042,0.9563867161280493,0.24275887443726046,2.4275887443726045
lam5_n0.5,5.0,0.5,-0.07999999999999996,1.6012842761798185,2.42759835202742,0.08322471704929629,0.961252892606577,0.242759835202742,2.42759835202742
lam5_n0.5,5.0,0.5,-0.07499999999999996,1.601686435618191,2.427606293887815,0.07765168294042704,0.9658515715305049,0.2427606293887815,2.427606293887815
lam5_n0.5,5.0,0.5,-0.06999999999999995,1.602060914853866,2.4276127785113557,0.07215175429677262,0.9701773807477759,0.24276127785113558,2.4276127785113557
lam5_n0.5,5.0,0.5,-0.06499999999999995,1.6024080662460398,2.4276179992413645,0.06671967550651318,0.9742253616574414,0.24276179992413646,2.4276179992413645
lam5_n0.5,5.0,0.5,-0.05999999999999994,1.6027282160498015,2.427622134566503,0.06135026037472811,0.977990959345881,0.24276221345665033,2.427622134566503
lam5_n0.5,5.0,0.5,-0.05499999999999994,1.6030216647600202,2.4276253484530437,0.05603839069924888,0.9814700121418214,0.24276253484530438,2.4276253484530437
lam5_n0.5,5.0,0.5,-0.04999999999999993,1.6032886874459935,2.427627790650269,0.050779014011870384,0.9846587408788926,0.2427627790650269,2.427627790650269
lam5_n0.5,5.0,0.5,-0.04499999999999993,1.6035295340728806,2.427629596969459,0.04556714056417733,0.9875537381289345,0.2427629596969459,2.427629596969459
lam5_n0.5,5.0,0.5,-0.040000000000000036,1.603744429806338,2.427630889536914,0.040397839635856386,0.9901519576432193,0.24276308895369142,2.427630889536914
lam5_n0.5,5.0,0.5,-0.03500000000000003,1.603933575297161,2.4276317770214306,0.03526623524113507,0.9924507042128359,0.24276317770214306,2.4276317770214306
lam5_n0.5,5.0,0.5,-0.030000000000000027,1.6040971469431065,2.4276323548366445,0.030167501306184473,0.9944476241341835,0.24276323548366446,2.4276323548366445
lam5_n0.5,5.0,0.5,-0.025000000000000022,1.6042352971254241,2.4276327053186173,0.025096856387170116,0.9961406964411842,0.24276327053186175,2.4276327053186173
lam5_n0.5,5.0,0.5,-0.020000000000000018,1.60434815441797,2.4276328978790116,0.020049557995358354,0.9975282250426762,0.24276328978790118,2.4276328978790116
lam5_n0.5,5.0,0.5,-0.015000000000000013,1.6044358237670957,2.427632989134158,0.015020896592449423,0.9986088318815859,0.24276329891341583,2.427632989134158
lam5_n0.5,5.0,0.5,-0.010000000000000009,1.604498386640813,2.4276330230102854,0.010006189316274977,0.9993814512119114,0.24276330230102855,2.4276330230102854
lam5_n0.5,5.0,0.5,-0.0050000000000000044,1.6045359011460365,2.427633030825129,0.005000773494289145,0.9998453250702068,0.2427633030825129,2.427633030825129
lam5_n0.5,5.0,0.5,0.0,1.6045484021129774,2.4276330313460988,0.0,1.0,0.2427633031346099,2.4276330313460988
lam5_n0.5,5.0,0.5,0.0050000000000001155,1.6045359011460365,2.427633030825129,0.005000773494289256,0.9998453250702068,0.2427633030825129,2.427633030825129
lam5_n0.5,5.0,0.5,0.010000000000000009,1.604498386640813,2.4276330230102854,0.010006189316274977,0.9993814512119114,0.24276330230102855,2.4276330230102854
lam5_n0.5,5.0,0.5,0.015000000000000124,1.6044358237670957,2.427632989134158,0.015020896592449534,0.9986088318815859,0.24276329891341583,2.427632989134158
lam5_n0.5,5.0,0.5,0.020000000000000018,1.60434815441797,2.4276328978790116,0.020049557995358354,0.9975282250426762,0.24276328978790118,2.4276328978790116
lam5_n0.5,5.0,0.5,0.02499999999999991,1.6042352971254241,2.4276327053186173,0.025096856387170005,0.9961406964411842,0.24276327053186175,2.4276327053186173
lam5_n0.5,5.0,0.5,0.030000000000000027,1.6040971469431065,2.4276323548366445,0.030167501306184473,0.9944476241341835,0.24276323548366446,2.4276323548366445
lam5_n0.5,5.0,0.5,0.03499999999999992,1.603933575297161,2.4276317770214306,0.03526623524113496,0.9924507042128359,0.24276317770214306,2.4276317770214306
lam5_n0.5,5.0,0.5,0.040000000000000036,1.603744429806338,2.427630889536914,0.040397839635856386,0.9901519576432193,0.24276308895369142,2.427630889536914
lam5_n0.5,5.0,0.5,0.04499999999999993,1.6035295340728806,2.427629596969459,0.04556714056417733,0.9875537381289345,0.2427629596969459,2.427629596969459
lam5_n0.5,5.0,0.5,0.050000000000000044,1.6032886874459935,2.427627790650269,0.050779014011870495,0.9846587408788926,0.2427627790650269,2.427627790650269
lam5_n0.5,5.0,0.5,0.05499999999999994,1.6030216647600202,2.4276253484530437,0.05603839069924888,0.9814700121418214,0.24276253484530438,2.4276253484530437
lam5_n0.5,5.0,0.5,0.06000000000000005,1.6027282160498015,2.427622134566503,0.06135026037472823,0.977990959345881,0.24276221345665033,2.427622134566503
lam5_n0.5,5.0,0.5,0.06499999999999995,1.6024080662460398,2.4276179992413645,0.06671967550651318,0.9742253616574414,0.24276179992413646,2.4276179992413645
lam5_n0.5,5.0,0.5,0.07000000000000006,1.602060914853866,2.4276127785113557,0.07215175429677273,0.9701773807477759,0.24276127785113558,2.4276127785113557
lam5_n0.5,5.0,0.5,0.07499999999999996,1.601686435618191,2.427606293887815,0.07765168294042704,0.9658515715305049,0.2427606293887815,2.427606293887815
lam5_n0.5,5.0,0.5,0.08000000000000007,1.6012842761798185,2.42759835202742,0.08322471704929642,0.9612528926065769,0.242759835202742,2.42759835202742
lam5_n0.5,5.0,0.5,0.08499999999999996,1.600854057726687,2.4275887443726045,0.08887618216209042,0.9563867161280493,0.24275887443726046,2.4275887443726045
lam5_n0.5,5.0,0.5,0.09000000000000008,1.6003953746450128,2.4275772467642085,0.09461147326190396,0.9512588367677314,0.24275772467642087,2.4275772467642085
lam5_n0.5,5.0,0.5,0.09499999999999997,1.5999077941754838,2.42756361902594,0.10043605322578898,0.945875479459868,0.242756361902594,2.42756361902594
lam5_n0.5,5.0,0.5,0.10000000000000009,1.5993908560800238,2.427547604520258,0.10635545013595482,0.9402433055585725,0.24275476045202582,2.427547604520258
lam5_n0.5,5.0,0.5,0.10499999999999998,1.5988440723249802,2.427528929675308,0.11237525338944439,0.9343694170469637,0.2427528929675308,2.427528929675308
lam5_n0.5,5.0,0.5,0.1100000000000001,1.5982669267868794,2.42750730348262,0.11850110855305344,0.9282613584222518,0.242750730348262,2.42750730348262
lam5_n0.5,5.0,0.5,0.11499999999999999,1.5976588749871337,2.4274824169653137,0.12473871092294087,0.9219271158817963,0.2427482416965314,2.4274824169653137
lam5_n0.5,5.0,0.5,0.1200000000000001,1.5970193438622429,2.4274539426166624,0.13109379776399713,0.9153751134438203,0.24274539426166625,2.4274539426166624
lam5_n0.5,5.0,0.5,0.125,1.5963477315761174,2.4274215338089205,0.1375721392225475,0.9086142056553339,0.24274215338089206,2.4274215338089205
lam5_n0.5,5.0,0.5,0.13000000000000012,1.5956434073811283,2.427384824172453,0.14417952792731772,0.9016536665700164,0.2427384824172453,2.427384824172453
lam5_n0.5,5.0,0.5,0.135,1.5949057115343568,2.4273434269452903,0.15092176731745796,0.8945031747211974,0.24273434269452904,2.4273434269452903
lam5_n0.5,5.0,0.5,0.14000000000000012,1.5941339552752554,2.4272969342933677,0.15780465876245273,0.8871727938700822,0.24272969342933678,2.4272969342933677
lam5_n0.5,5.0,0.5,0.14500000000000002,1.5933274208705448,2.427244916601831,0.1648339875662851,0.8796729493769653,0.2427244916601831,2.427244916601831
lam5_n0.5,5.0,0.5,0.15000000000000013,1.5924853617316321,2.427186921737926,0.1720155079765852,0.8720144001226805,0.2427186921737926,2.427186921737926
lam5_n0.5,5.0,0.5,0.15500000000000003,1.5916070026091673,2.427122474286148,0.179354927347699,0.8642082059976847,0.2427122474286148,2.427122474286148
lam5_n0.5,5.0,0.5,0.15999999999999992,1.5906915398685386,2.427051074756435,0.18685788963370234,0.856265691074902,0.2427051074756435,2.427051074756435
lam5_n0.5,5.0,0.5,0.16500000000000004,1.5897381418491625,2.4269721987663857,0.19452995841217496,0.848198402687127,0.2426972198766386,2.4269721987663857
lam5_n0.5,5.0,0.5,0.16999999999999993,1.5887459493093716,2.4268852961985763,0.20237659966094856,0.8400180667370104,0.24268852961985765,2.4268852961985763
lam5_n0.5,5.0,0.5,0.17500000000000004,1.5877140759575386,2.4267897903342215,0.2104031645269122,0.831736539673652,0.24267897903342217,2.4267897903342215
lam5_n0.5,5.0,0.5,0.17999999999999994,1.5866416090688567,2.426685076964539,0.21861487233728064,0.8233657576703867,0.24266850769645393,2.426685076964539
lam5_n0.5,5.0,0.5,0.18500000000000005,1.5855276101859266,2.426570523481297,0.2270167941087231,0.8149176836291665,0.2426570523481297,2.426570523481297
lam5_n0.5,5.0,0.5,0.18999999999999995,1.5843711159000233,2.4264454679481346,0.2356138368077459,0.8064042527138782,0.24264454679481348,2.4264454679481346
lam5_n0.5,5.0,0.5,0.19500000000000006,1.58317113870867,2.4263092181543238,0.24441072860651705,0.7978373171741386,0.2426309218154324,2.4263092181543238
lam5_n0.5,5.0,0.5,0.19999999999999996,1.5819266679439665,2.426161050652718,0.2534120053618625,0.7892285912595488,0.24261610506527181,2.426161050652718
lam5_n0.5,5.0,0.5,0.20500000000000007,1.5806366707650348,2.426000209783675,0.2626219985219396,0.7805895970396944,0.24260002097836753,2.426000209783675
lam5_n0.5,5.0,0.5,0.20999999999999996,1.579300093206986,2.425825906686781,0.27204482463573715,0.771931611936327,0.2425825906686781,2.425825906686781
lam5_n0.5,5.0,0.5,0.21500000000000008,1.5779158612780366,2.4256373183021944,0.28168437660620915,0.7632656187409609,0.24256373183021945,2.4256373183021944
lam5_n0.5,5.0,0.5,0.21999999999999997,1.5764828820957733,2.4254335863634306,0.2915443167897011,0.7546022588349475,0.24254335863634308,2.4254335863634306
lam5_n0.5,5.0,0.5,0.2250000000000001,1.5750000450531703,2.4252138163833497,0.30162807200395253,0.7459517892520684,0.24252138163833498,2.4252138163833497
lam5_n0.5,5.0,0.5,0.22999999999999998,1.5734662230047407,2.4249770766350816,0.31193883046579685,0.7373240441292825,0.24249770766350817,2.4249770766350816
lam5_n0.5,5.0,0.5,0.2350000000000001,1.5718802734632062,2.4247223971295293,0.32247954063938256,0.7287284009834046,0.24247223971295295,2.4247223971295293
lam5_n0.5,5.0,0.5,0.24,1.5702410397972641,2.4244487685910014,0.3332529119376457,0.7201737521348527,0.24244487685910016,2.4244487685910014
lam5_n0.5,5.0,0.5,0.2450000000000001,1.5685473524213955,2.4241551414324443,0.34426141718526077,0.7116684814788753,0.24241551414324444,2.4241551414324443
lam5_n0.5,5.0,0.5,0.25,1.5667980299692041,2.4238404247316017,0.35550729672129533,0.7032204466846452,0.24238404247316017,2.4238404247316017
lam5_n0.5,5.0,0.5,0.2550000000000001,1.564991880442444,2.4235034852093347,0.3669925639951748,0.6948369667875691,0.24235034852093348,2.4235034852093347
lam5_n0.5,5.0,0.5,0.26,1.5631277023286747,2.4231431462111894,0.3787190124906531,0.6865248150339874,0.24231431462111896,2.4231431462111894
lam5_n0.5,5.0,0.5,0.2650000000000001,1.5612042856813448,2.4227581866931884,0.3906882237995707,0.6782902167431322,0.24227581866931885,2.4227581866931884
lam5_n0.5,5.0,0.5,0.27,1.5592204131570209,2.4223473402126787,0.4029015766600112,0.6701388518711102,0.24223473402126788,2.4223473402126787
lam5_n0.5,5.0,0.5,0.27500000000000013,1.557174861005401,2.4219092939249567,0.41536025677183663,0.6620758618970654,0.24219092939249567,2.4219092939249567
lam5_n0.5,5.0,0.5,0.28,1.5550664000086931,2.42144268758626,0.4280652672057718,0.6541058606032698,0.242144268758626,2.42144268758626
lam5_n0.5,5.0,0.5,0.2849999999999999,1.5528937963678344,2.420946112563605,0.44101743922973025,0.6462329482883344,0.2420946112563605,2.420946112563605
lam5_n0.5,5.0,0.5,0.29000000000000004,1.550655812533881,2.4204181108518457,0.4542174433869666,0.6384607289353638,0.24204181108518458,2.4204181108518457
lam5_n0.5,5.0,0.5,0.29499999999999993,1.548351207983698,2.4198571740982153,0.4676658006742728,0.6307923298532282,0.24198571740982155,2.4198571740982153
lam5_n0.5,5.0,0.5,0.30000000000000004,1.5459787399397968,2.419261742634542,0.48136289368391544,0.6232304233175762,0.2419261742634542,2.419261742634542
lam5_n0.5,5.0,0.5,0.30499999999999994,1.5435371640348032,2.4186302045172323,0.49530897758962117,0.6157772497568212,0.24186302045172325,2.4186302045172323
lam5_n0.5,5.0,0.5,0.31000000000000005,1.541025234921606,2.4179608945750517,0.5095041908740414,0.6084346420550593,0.2417960894575052,2.4179608945750517
lam5_n0.5,5.0,0.5,0.31499999999999995,1.538441706830695,2.4172520934646697,0.5239485657121008,0.6012040505767624,0.241725209346467,2.4172520934646697
lam5_n0.5,5.0,0.5,0.32000000000000006,1.5357853340765886,2.4165020267338786,0.5386420379410888,0.5940865685551976,0.24165020267338788,2.4165020267338786
lam5_n0.5,5.0,0.5,0.32499999999999996,1.533054871515562,2.415708863892359,0.5535844565638183,0.5870829575261626,0.2415708863892359,2.415708863892359
lam5_n0.5,5.0,0.5,0.33000000000000007,1.5302490749571092,2.4148707174898125,0.5687755927454715,0.5801936725292569,0.24148707174898126,2.4148707174898125
lam5_n0.5,5.0,0.5,0.33499999999999996,1.5273667015317447,2.413985642201277,0.5842151482776117,0.5734188868392919,0.2413985642201277,2.413985642201277
lam5_n0.5,5.0,0.5,0.3400000000000001,1.5244065100178525,2.413051633919388,0.5999027634942757,0.5667585160294805,0.2413051633919388,2.413051633919388
lam5_n0.5,5.0,0.5,0.345,1.5213672611303353,2.4120666288533585,0.615838024634878,0.5602122412050567,0.24120666288533588,2.4120666288533585
lam5_n0.5,5.0,0.5,0.3500000000000001,1.5182477177738278,2.411028502634419,0.6320204706570997,0.5537795312802317,0.24110285026344191,2.411028502634419
lam5_n0.5,5.0,0.5,0.355,1.5150466452632012,2.409935069427466,0.6484495995098117,0.547459664202674,0.2409935069427466,2.409935069427466
lam5_n0.5,5.0,0.5,0.3600000000000001,1.5117628115140214,2.4087840810486534,0.6651248738817488,0.5412517470576567,0.24087840810486535,2.4087840810486534
lam5_n0.5,5.0,0.5,0.365,1.5083949872055322,2.407573226088669,0.6820457264459812,0.5351547350086775,0.2407573226088669,2.407573226088669
lam5_n0.5,5.0,0.5,0.3700000000000001,1.50494194591863,2.4063001290414348,0.6992115646235805,0.5291674490526899,0.2406300129041435,2.4063001290414348
lam5_n0.5,5.0,0.5,0.375,1.5014024642511685,2.404962349437983,0.7166217748921544,0.5232885925862836,0.2404962349437983,2.404962349437983
lam5_n0.5,5.0,0.5,0.3800000000000001,1.4977753219128016,2.4035573809852573,0.7342757266664867,0.5175167667943338,0.24035573809852573,2.4035573809852573
lam5_n0.5,5.0,0.5,0.385,1.4940593018014354,2.4020826507096054,0.7521727757792729,0.5118504848851101,0.24020826507096055,2.4020826507096054
lam5_n0.5,5.0,0.5,0.3900000000000001,1.4902531900632159,2.40053551810473,0.7703122675902202,0.5062881852057779,0.240053551810473,2.40053551810473
lam5_n0.5,5.0,0.5,0.395,1.486355776137844,2.3989132742838826,0.7886935397514634,0.500828243279987,0.23989132742838826,2.3989132742838826
lam5_n0.5,5.0,0.5,0.40000000000000013,1.4823658527908647,2.3972131411360973,0.8073159246566923,0.49546898281499707,0.23972131411360975,2.3972131411360973
lam5_n0.5,5.0,0.5,0.405,1.4782822161344442,2.395432270486257,0.8261787516003923,0.4902086857299026,0.2395432270486257,2.395432270486257
lam5_n0.5,5.0,0.5,0.4099999999999999,1.4741036656380255,2.393567743258816,0.8452813486725261,0.4850456012591373,0.2393567743258816,2.393567743258816
lam5_n0.5,5.0,0.5,0.41500000000000004,1.46982900413012,2.391616568644998,0.8646230444126423,0.4799779541868663,0.23916165686449983,2.391616568644998
lam5_n0.5,5.0,0.5,0.41999999999999993,1.4654570377923828,2.3895756832733124,0.8842031692460303,0.47500395226827624,0.23895756832733125,2.3895756832733124
lam5_n0.5,5.0,0.5,0.42500000000000004,1.460986576147007,2.387441950383224,0.9040210567230973,0.4701217928933463,0.23874419503832242,2.387441950383224
lam5_n0.5,5.0,0.5,0.42999999999999994,1.4564164320383748,2.3852121590018465,0.9240760445816374,0.4653296690476123,0.23852121590018466,2.3852121590018465
lam5_n0.5,5.0,0.5,0.43500000000000005,1.4517454216097962,2.3828830231235116,0.9443674756502527,0.4606257746228256,0.23828830231235118,2.3828830231235116
lam5_n0.5,5.0,0.5,0.43999999999999995,1.4469723642760992,2.3804511808921047,0.9648946986097059,0.456008309128432,0.23804511808921047,2.3804511808921047
lam5_n0.5,5.0,0.5,0.44500000000000006,1.4420960826927296,2.3779131937860356,0.9856570686276412,0.45147548185251324,0.23779131937860357,2.3779131937860356
lam5_n0.5,5.0,0.5,0.44999999999999996,1.4371154027219686,2.3752655458057483,1.0066539478807488,0.4470255155183758,0.23752655458057484,2.3752655458057483
lam5_n0.5,5.0,0.5,0.45500000000000007,1.4320291533967917,2.3725046426636713,1.0278847059772336,0.4426566494803725,0.23725046426636714,2.3725046426636713
lam5_n0.5,5.0,0.5,0.45999999999999996,1.4268361668828415,2.3696268109765013,1.0493487202912202,0.4383671424999105,0.23696268109765015,2.3696268109765013
lam5_n0.5,5.0,0.5,0.4650000000000001,1.421535278438925,2.366628297459759,1.0710453762196706,0.4341552751399292,0.2366628297459759,2.366628297459759
lam5_n0.5,5.0,0.5,0.47,1.4161253263764004,2.363505268124516,1.092974067371315,0.43001935181352047,0.2363505268124516,2.363505268124516
lam5_n0.5,5.0,0.5,0.4750000000000001,1.4106051520177714,2.3602538074762354,1.1151341956961889,0.4259577025197878,0.23602538074762355,2.3602538074762354
lam5_n0.5,5.0,0.5,0.48,1.4049735996547668,2.3568699177156547,1.137525171563456,0.4219686842975708,0.2356869917715655,2.3568699177156547
lam5_n0.5,5.0,0.5,0.4850000000000001,1.3992295165061444,2.3533495179416435,1.1601464137944277,0.4180506824252785,0.23533495179416436,2.3533495179416435
lam5_n0.5,5.0,0.5,0.49,1.3933717526754295,2.349688443355993,1.1829973496569237,0.41420211139281327,0.23496884433559928,2.349688443355993
lam5_n0.5,5.0,0.5,0.4950000000000001,1.3873991611087662,2.345882444470069,1.206077414826483,0.41042141566942053,0.23458824444700693,2.345882444470069
lam5_n0.5,5.0,0.5,0.5,1.3813105975530366,2.341927186313297,1.2293860533192857,0.4067070702892904,0.2341927186313297,2.341927186313297
lam5_n0.5,5.0,0.5,0.5050000000000001,1.3751049205143748,2.3378182476434164,1.252922717401153,0.4030575812748332,0.23378182476434164,2.3378182476434164
lam5_n0.5,5.0,0.5,0.51,1.3687809912171907,2.3335511201584818,1.276686867476424,0.39947148591580384,0.2333551120158482,2.3335511201584818
lam5_n0.5,5.0,0.5,0.5150000000000001,1.3623376735637875,2.3291212077105645,1.300677971960136,0.3959473529207921,0.23291212077105647,2.3291212077105645
lam5_n0.5,5.0,0.5,0.52,1.355773834094661,2.324523825521114,1.3248955071364654,0.39248378245609034,0.2324523825521114,2.324523825521114
lam5_n0.5,5.0,0.5,0.5250000000000001,1.3490883419495274,2.319754199397964,1.349338957006078,0.389079406085535,0.23197541993979642,2.319754199397964
lam5_n0.5,5.0,0.5,0.53,1.342280068829145,2.3148074649539385,1.3740078131246696,0.38573288662363003,0.23148074649539385,2.3148074649539385
lam5_n0.5,5.0,0.5,0.5350000000000001,1.3353478889579535,2.309678666827037,1.3989015744347293,0.38244291791306617,0.23096786668270372,2.309678666827037
lam5_n0.5,5.0,0.5,0.54,1.3282906790475753,2.3043627579021795,1.4240197470922564,0.3792082245366613,0.23043627579021797,2.3043627579021795
lam5_n0.5,5.0,0.5,0.5449999999999999,1.3211073182611848,2.298854598534473,1.449361844289983,0.3760275614727431,0.22988545985344733,2.298854598534473
lam5_n0.5,5.0,0.5,0.55,1.3137966881787746,2.2931489557740026,1.4749273860783927,0.3728997137020869,0.22931489557740026,2.2931489557740026
lam5_n0.5,5.0,0.5,0.5549999999999999,1.306357672763316,2.2872405025920988,1.5007158991856833,0.36982349577368595,0.2287240502592099,2.2872405025920988
lam5_n0.5,5.0,0.5,0.56,1.2987891583278186,2.2811238171090897,1.5267269168376716,0.36679775133586756,0.22811238171090897,2.2811238171090897
lam5_n0.5,5.0,0.5,0.565,1.2910900335032953,2.274793381823505,1.5529599785784236,0.36382135263859133,0.22747933818235053,2.274793381823505
lam5_n0.5,5.0,0.5,0.5700000000000001,1.2832591892076113,2.268243582842721,1.579414630092378,0.3608932000121219,0.22682435828427214,2.268243582842721
lam5_n0.5,5.0,0.5,0.575,1.2752955186152275,2.261468709115036,1.6060904230285016,0.3580122213267167,0.2261468709115036,2.261468709115036
lam5_n0.5,5.0,0.5,0.5800000000000001,1.267197917127809,2.2544629516631542,1.6329869148270324,0.35517737143744,0.22544629516631542,2.2544629516631542
lam5_n0.5,5.0,0.5,0.585,1.2589652823456985,2.2472204028190816,1.660103668549162,0.35238763161776354,0.22472204028190818,2.2472204028190816
lam5_n0.5,5.0,0.5,0.5900000000000001,1.2505965140402273,2.2397350554604016,1.68744025271006,0.34964200898517694,0.22397350554604017,2.2397350554604016
lam5_n0.5,5.0,0.5,0.595,1.2420905141268581,2.232000802247938,1.7149962411154502,0.3469395359216684,0.22320008022479382,2.232000802247938
lam5_n0.5,5.0,0.5,0.6000000000000001,1.2334461866391315,2.224011434864787,1.742771212702008,0.3442792694915787,0.2224011434864787,2.224011434864787
lam5_n0.5,5.0,0.5,0.605,1.2246624377034037,2.2157606432567074,1.7707647513816949,0.3416602908590369,0.22157606432567076,2.2157606432567074
lam5_n0.5,5.0,0.5,0.6100000000000001,1.2157381755143468,2.2072420148738714,1.7989764458901985,0.3390817047068952,0.22072420148738714,2.2072420148738714
lam5_n0.5,5.0,0.5,0.615,1.206672310311206,2.1984490339139495,1.8274058896395098,0.33654263865884787,0.21984490339139495,2.1984490339139495
lam5_n0.5,5.0,0.5,0.6200000000000001,1.1974637543547735,2.189375080566542,1.8560526805747444,0.3340422427061775,0.2189375080566542,2.189375080566542
lam5_n0.5,5.0,0.5,0.625,1.1881114219050743,2.1800134302589362,1.8849164210351774,0.3315796886403887,0.21800134302589363,2.1800134302589362
lam5_n0.5,5.0,0.5,0.6300000000000001,1.178614229199732,2.1703572529031887,1.9139967176195392,0.32915416949279763,0.2170357252903189,2.1703572529031887
lam5_n0.5,5.0,0.5,0.635,1.1689710944330014,2.1603996121445244,1.9432931810555076,0.3267648989819936,0.21603996121445246,2.1603996121445244
lam5_n0.5,5.0,0.5,0.6400000000000001,1.1591809377354403,2.150133464611048,1.9728054260734027,0.32441111096994085,0.21501334646110482,2.150133464611048
lam5_n0.5,5.0,0.5,0.645,1.1492426811542051,2.1395516591647628,2.002533071283984,0.32209205892736587,0.2139551659164763,2.1395516591647628
lam5_n0.5,5.0,0.5,0.6500000000000001,1.1391552486339422,2.128646936153882,2.0324757390603363,0.31980701540895695,0.21286469361538818,2.128646936153882
lam5_n0.5,5.0,0.5,0.655,1.1289175659982664,2.1174119266664517,2.062633055423723,0.3175552715388073,0.21174119266664518,2.1174119266664517
lam5_n0.5,5.0,0.5,0.6600000000000001,1.1185285609317959,2.1058391517852444,2.093004649933363,0.31533613650643977,0.21058391517852446,2.1058391517852444
lam5_n0.5,5.0,0.5,0.665,1.1079871629627305,2.0939210218439595,2.1235901555800147,0.3131489370736742,0.20939210218439597,2.0939210218439595
lam5_n0.5,5.0,0.5,0.6699999999999999,1.097292303445952,2.0816498356846864,2.154389208683297,0.3109930170925268,0.20816498356846866,2.0816498356846864
lam5_n0.5,5.0,0.5,0.675,1.0864429155466289,2.069017779916659,2.185401448792625,0.3088677370342731,0.2069017779916659,2.069017779916659
lam5_n0.5,5.0,0.5,0.6799999999999999,1.0754379342243083,2.056016928176277,2.21662651859168,0.3067724735297463,0.2056016928176277,2.056016928176277
lam5_n0.5,5.0,0.5,0.685,1.0642762962174768,2.0426392403883966,2.248064063806316,0.3047066189208996,0.20426392403883967,2.0426392403883966
lam5_n0.5,5.0,0.5,0.69,1.0529569400285694,2.028876562028893,2.2797137331157606,0.3026695808236212,0.20288765620288932,2.028876562028893
lam5_n0.5,5.0,0.5,0.6950000000000001,1.041478805909422,2.014720623388473,2.311575178067078,0.30066078170174587,0.2014720623388473,2.014720623388473
lam5_n0.5,5.0,0.5,0.7,1.0298408358471394,2.0001630388377607,2.3436480529927053,0.2986796584521894,0.2000163038837761,2.0001630388377607
lam5_n0.5,5.0,0.5,0.7050000000000001,1.0180419735503632,1.9851953060936223,2.375932014931038,0.2967256620010918,0.19851953060936223,1.9851953060936223
lam5_n0.5,5.0,0.5,0.71,1.006081164435941,1.9698088054867597,2.4084267235499004,0.29479825691084155,0.196980880548676,1.9698088054867597
lam5_n0.5,5.0,0.5,0.7150000000000001,0.9939573556159609,1.9539947992305329,2.4411318410728615,0.2928969209978279,0.1953994799230533,1.9539947992305329
lam5_n0.5,5.0,0.5,0.72,0.9816694958851532,1.937744430691047,2.4740470322082255,0.2910211449607567,0.1937744430691047,1.937744430691047
lam5_n0.5,5.0,0.5,0.7250000000000001,0.9692165357086356,1.9210487236584624,2.5071719640806847,0.2891704320193445,0.19210487236584625,1.9210487236584624
lam5_n0.5,5.0,0.5,0.73,0.9565974272100017,1.9038985816195582,2.5405063061654514,0.28734429756320334,0.19038985816195583,1.9038985816195582
lam5_n0.5,5.0,0.5,0.7350000000000001,0.9438111241597235,1.8862847870315216,2.5740497302248686,0.2855422688107081,0.18862847870315216,1.8862847870315216
lam5_n0.5,5.0,0.5,0.74,0.9308565819638723,1.8681980005969763,2.6078019102473218,0.28376388447764384,0.18681980005969764,1.8681980005969763
lam5_n0.5,5.0,0.5,0.7450000000000001,0.9177327576531334,1.8496287605402308,2.6417625223884422,0.28200869445541177,0.1849628760540231,1.8496287605402308
lam5_n0.5,5.0,0.5,0.75,0.9044386098721175,1.8305674818847693,2.67593124491444,0.2802762594985808,0.18305674818847695,1.8305674818847693
lam5_n0.5,5.0,0.5,0.7550000000000001,0.8909730988689389,1.8110044557319442,2.710307758147578,0.2785661509215552,0.18110044557319444,1.8110044557319442
lam5_n0.5,5.0,0.5,0.76,0.8773351864850726,1.790929848540912,2.7448917444136027,0.2768779503041423,0.1790929848540912,1.790929848540912
lam5_n0.5,5.0,0.5,0.7650000000000001,0.8635238361454597,1.7703337014097675,2.7796828879911497,0.2752112492057892,0.17703337014097675,1.7703337014097675
lam5_n0.5,5.0,0.5,0.77,0.8495380128488702,1.7492059293579076,2.814680875062971,0.2735656488882681,0.17492059293579076,1.7492059293579076
lam5_n0.5,5.0,0.5,0.7750000000000001,0.8353766831584961,1.7275363206095964,2.849885393668989,0.27194076004658296,0.17275363206095964,1.7275363206095964
lam5_n0.5,5.0,0.5,0.78,0.8210388151927838,1.705314535878748,2.885296133661016,0.2703362025478802,0.1705314535878748,1.705314535878748
lam5_n0.5,5.0,0.5,0.7850000000000001,0.8065233786164796,1.682530107654908,2.920912786659182,0.2687516051781369,0.16825301076549082,1.682530107654908
lam5_n0.5,5.0,0.5,0.79,0.7918293446318984,1.6591724394904475,2.9567350460098902,0.26718660539641653,0.16591724394904475,1.6591724394904475
lam5_n0.5,5.0,0.5,0.7949999999999999,0.7769556859703896,1.6352308052889475,2.992762606745344,0.2656408490964706,0.16352308052889475,1.6352308052889475
lam5_n0.5,5.0,0.5,0.8,0.7619013768840112,1.6106943485947895,3.028995165544506,0.26411399037548094,0.16106943485947897,1.6106943485947895
lam5_n0.5,5.0,0.5,0.8049999999999999,0.7466653931373872,1.5855520818839446,3.0654324206954695,0.2626056913097323,0.15855520818839447,1.5855520818839446
lam5_n0.5,5.0,0.5,0.81,0.731246711999754,1.5597928858559398,3.102074072059196,0.2611156217370115,0.15597928858559398,1.5597928858559398
lam5_n0.5,5.0,0.5,0.815,0.7156443122371843,1.5334055087270344,3.138919821034525,0.2596434590455364,0.15334055087270346,1.5334055087270344
lam5_n0.5,5.0,0.5,0.8200000000000001,0.6998571741049823,1.5063785655245654,3.1759693705244523,0.25818888796921624,0.15063785655245654,1.5063785655245654
lam5_n0.5,5.0,0.5,0.825,0.6838842793402455,1.4787005373824953,3.213222424903588,0.25675160038905614,0.14787005373824955,1.4787005373824953
lam5_n0.5,5.0,0.5,0.8300000000000001,0.6677246111545833,1.4503597708381235,3.2506786899867772,0.2553312951405161,0.14503597708381236,1.4503597708381235
lam5_n0.5,5.0,0.5,0.835,0.6513771542269962,1.4213444771299943,3.2883378729988144,0.2539276778266456,0.14213444771299943,1.4213444771299943
lam5_n0.5,5.0,0.5,0.8400000000000001,0.6348408946968936,1.3916427314969644,3.326199682545228,0.2525404606368151,0.13916427314969645,1.3916427314969644
lam5_n0.5,5.0,0.5,0.845,0.6181148201572678,1.3612424724784644,3.364263828584073,0.25116936217087277,0.13612424724784644,1.3612424724784644
lam5_n0.5,5.0,0.5,0.8500000000000001,0.6011979196479937,1.330131501215908,3.402530022398719,0.24981410726855724,0.13301315012159082,1.330131501215908
lam5_n0.5,5.0,0.5,0.855,0.5840891836492744,1.2982974807552956,3.4409979765715564,0.24847442684400542,0.12982974807552958,1.2982974807552956
lam5_n0.5,5.0,0.5,0.8600000000000001,0.5667876040752019,1.2657279353509567,3.479667404958626,0.2471500577251939,0.12657279353509568,1.2657279353509567
lam5_n0.5,5.0,0.5,0.865,0.5492921742674595,1.2324102497704819,3.5185380226651,0.24584074249816115,0.1232410249770482,1.2324102497704819
lam5_n0.5,5.0,0.5,0.8700000000000001,0.5316018889891265,1.1983316686007912,3.557609546021622,0.24454622935585987,0.11983316686007912,1.1983316686007912
lam5_n0.5,5.0,0.5,0.875,0.5137157444186189,1.1634792955553832,3.596881692561406,0.24326627195149592,0.11634792955553833,1.1634792955553832
lam5_n0.5,5.0,0.5,0.8800000000000001,0.4956327381437214,1.1278400927827192,3.636354180998159,0.24200062925620874,0.11278400927827192,1.1278400927827192
lam5_n0.5,5.0,0.5,0.885,0.4773518691557461,1.0914008801757755,3.6760267312046913,0.2407490654209611,0.10914008801757756,1.0914008801757755
lam5_n0.5,5.0,0.5,0.8900000000000001,0.45887213784378594,1.054148334682733,3.7158990641922824,0.23951134964250104,0.1054148334682733,1.054148334682733
lam5_n0.5,5.0,0.5,0.895,0.4401925459890732,1.0160689896188275,3.755970902090696,0.2382872560332706,0.10160689896188276,1.0160689896188275
lam5_n0.5,5.0,0.5,0.9000000000000001,0.42131209675943637,0.9771492339793277,3.7962419681288795,0.23707656349513437,0.09771492339793278,0.9771492339793277
lam5_n0.5,5.0,0.5,0.905,0.4022297947038487,0.9373753117536807,3.836711986616272,0.2358790555968082,0.09373753117536808,0.9373753117536807
lam5_n0.5,5.0,0.5,0.9100000000000001,0.38294464574707265,0.8967333212407602,3.8773806829247426,0.23469452045487033,0.08967333212407602,0.8967333212407602
lam5_n0.5,5.0,0.5,0.915,0.363455657184395,0.8552092143652954,3.918247783471089,0.23352275061824238,0.08552092143652955,0.8552092143652954
lam5_n0.5,5.0,0.5,0.9199999999999999,0.3437618376764371,0.8127887959953918,3.9593130157001215,0.23236354295602898,0.08127887959953918,0.8127887959953918
lam5_n0.5,5.0,0.5,0.925,0.3238621972440612,0.7694577232612099,4.000576108068276,0.23121669854861152,0.07694577232612099,0.7694577232612099
lam5_n0.5,5.0,0.5,0.9299999999999999,0.3037557472633561,0.7252015048747733,4.042036790027738,0.23008202258189195,0.07252015048747733,0.7252015048747733
lam5_n0.5,5.0,0.5,0.935,0.28344150046068717,0.6800055004508809,4.083694792011086,0.2289593242445876,0.06800055004508809,0.6800055004508809
lam5_n0.5,5.0,0.5,0.94,0.2629184709078398,0.6338549198291722,4.125549845416402,0.22784841662848054,0.06338549198291722,0.6338549198291722
lam5_n0.5,5.0,0.5,0.9450000000000001,0.24218567401722457,0.5867348223972807,4.167601682592858,0.2267491166315279,0.05867348223972807,0.5867348223972807
lam5_n0.5,5.0,0.5,0.95,0.22124212653715783,0.5386301164151466,4.2098500368267215,0.2256612448637448,0.05386301164151466,0.5386301164151466
lam5_n0.5,5.0,0.5,0.9550000000000001,0.20008684654720832,0.489525558340394,4.252294642327834,0.22458462555576922,0.0489525558340394,0.489525558340394
lam5_n0.5,5.0,0.5,0.96,0.17871885345361818,0.4394057521548775,4.2949352342164495,0.2235190864700288,0.04394057521548775,0.4394057521548775
lam5_n0.5,5.0,0.5,0.9650000000000001,0.15713716798477417,0.38825514869228556,4.337771548510528,0.2224644588144239,0.038825514869228556,0.38825514869228556
lam5_n0.5,5.0,0.5,0.97,0.1353408121867597,0.3360580449668996,4.380803322113352,0.22142057715845145,0.03360580449668996,0.3360580449668996
lam5_n0.5,5.0,0.5,0.9750000000000001,0.11332880941894796,0.2827985835034144,4.424030292801571,0.2203872793516903,0.02827985835034144,0.2827985835034144
lam5_n0.5,5.0,0.5,0.98,0.09110018434967354,0.2284607516679042,4.467452199213543,0.2193644064445772,0.022846075166790422,0.2284607516679042
lam5_n0.5,5.0,0.5,0.9850000000000001,0.06865396295194826,0.17302838099984258,4.5110687808380785,0.21835180261139892,0.017302838099984258,0.17302838099984258
lam5_n0.5,5.0,0.5,0.99,0.04598917249923635,0.11648514654526891,4.554879778003451,0.21734931507543512,0.011648514654526891,0.11648514654526891
lam5_n0.5,5.0,0.5,0.9950000000000001,0.02310484156128283,0.05881456619100593,4.598884931866785,0.21635679403618138,0.005881456619100594,0.05881456619100593
lam5_n0.5,5.0,0.5,1.0,0.0,0.0,4.643083984403699,0.2153740925985916,0.0,0.0
lam5_n0.9,5.0,0.9,-1.0,0.0,0.0,1.1950285612388971,0.8368000836425958,0.0,0.0
lam5_n0.9,5.0,0.9,-0.995,0.005958619669395593,0.019116652205856816,1.1884199282477517,0.8372461419988667,0.0019116652205856816,0.019116652205856816
lam5_n0.9,5.0,0.9,-0.99,0.011884205515461786,0.03793768350034296,1.1818150348660945,0.8376945383100256,0.003793768350034296,0.03793768350034296
lam5_n0.9,5.0,0.9,-0.985,0.017776776280790905,0.05646621412028415,1.1752138989430807,0.8381452949848975,0.005646621412028416,0.05646621412028415
lam5_n0.9,5.0,0.9,-0.98,0.02363635079768402,0.07470534686499981,1.1686165385127687,0.8385984347330817,0.007470534686499982,0.07470534686499981
lam5_n0.9,5.0,0.9,-0.975,0.029462947989081462,0.09265816710597963,1.162022971797073,0.839053980569901,0.009265816710597964,0.09265816710597963
lam5_n0.9,5.0,0.9,-0.97,0.035256586869507736,0.11032774279659718,1.1554332172087787,0.8395119558214396,0.01103277427965972,0.11032774279659718
lam5_n0.9,5.0,0.9,-0.965,0.04101728654603411,0.12771712448187142,1.1488472933546185,0.8399723841296722,0.012771712448187143,0.12771712448187142
lam5_n0.9,5.0,0.9,-0.96,0.046745066219259904,0.1448293453082759,1.1422652190384206,0.840435289457684,0.014482934530827591,0.1448293453082759
lam5_n0.9,5.0,0.9,-0.955,0.05243994518430041,0.16166742103358772,1.1356870132643193,0.8409006960949844,0.016166742103358774,0.16166742103358772
lam5_n0.9,5.0,0.9,-0.95,0.058101942831799494,0.1782343500367887,1.1291126952400385,0.8413686286629156,0.017823435003678872,0.1782343500367887
lam5_n0.9,5.0,0.9,-0.945,0.06373107864895557,0.19453311332800852,1.1225422843802482,0.841839112120156,0.019453311332800854,0.19453311332800852
lam5_n0.9,5.0,0.9,-0.94,0.06932737222056674,0.21056667455851907,1.1159758003099893,0.8423121717683233,0.02105666745585191,0.21056667455851907
lam5_n0.9,5.0,0.9,-0.935,0.07489084323008682,0.22633798003077327,1.1094132628681819,0.8427878332576728,0.022633798003077327,0.22633798003077327
lam5_n0.9,5.0,0.9,-0.9299999999999999,0.08042151146070838,0.2418499587084933,1.1028546921112024,0.8432661225928998,0.02418499587084933,0.2418499587084933
lam5_n0.9,5.0,0.9,-0.925,0.08591939679645588,0.2571055222268075,1.0963001083165482,0.8437470661390406,0.02571055222268075,0.2571055222268075
lam5_n0.9,5.0,0.9,-0.92,0.09138451922330293,0.2721075649024369,1.0897495319865795,0.8442306906274771,0.027210756490243695,0.2721075649024369
lam5_n0.9,5.0,0.9,-0.915,0.09681689883030409,0.28685896374393033,1.0832029838523463,0.8447170231620462,0.028685896374393033,0.28685896374393033
lam5_n0.9,5.0,0.9,-0.91,0.10221655581074968,0.301362578461949,1.0766604848775034,0.8452060912252528,0.030136257846194905,0.301362578461949
lam5_n0.9,5.0,0.9,-0.905,0.10758351046333775,0.31562125147960696,1.0701220562623124,0.8456979226845905,0.031562125147960696,0.31562125147960696
lam5_n0.9,5.0,0.9,-0.9,0.11291778319336804,0.3296378079428528,1.0635877194477352,0.8461925457989702,0.03296378079428528,0.3296378079428528
lam5_n0.9,5.0,0.9,-0.895,0.11821939451395497,0.343415055730916,1.057057496119624,0.8466899892252556,0.0343415055730916,0.343415055730916
lam5_n0.9,5.0,0.9,-0.89,0.12348836504726401,0.35695578546679346,1.0505314082130022,0.8471902820249108,0.035695578546679346,0.35695578546679346
lam5_n0.9,5.0,0.9,-0.885,0.1287247155257673,0.3702627705277986,1.0440094779164515,0.8476934536707563,0.03702627705277986,0.3702627705277986
lam5_n0.9,5.0,0.9,-0.88,0.13392846679352322,0.3833387670561575,1.037491727676595,0.8481995340538389,0.03833387670561575,0.3833387670561575
lam5_n0.9,5.0,0.9,-0.875,0.13909963980747853,0.39618651396966303,1.0309781802026876,0.8487085534904116,0.039618651396966305,0.39618651396966303
lam5_n0.9,5.0,0.9,-0.87,0.1442382556387915,0.40880873297238174,1.0244688584713157,0.8492205427290294,0.04088087329723818,0.40880873297238174
lam5_n0.9,5.0,0.9,-0.865,0.1493443354741823,0.4212081285654168,1.0179637857312043,0.8497355329577562,0.04212081285654168,0.4212081285654168
lam5_n0.9,5.0,0.9,-0.86,0.15441790061730531,0.43338738805772825,1.0114629855081403,0.8502535558114882,0.043338738805772825,0.43338738805772825
lam5_n0.9,5.0,0.9,-0.855,0.1594589724901474,0.4453491815770076,1.0049664816100128,0.8507746433793909,0.04453491815770076,0.4453491815770076
lam5_n0.9,5.0,0.9,-0.85,0.16446757263444972,0.4570961620806107,0.998474298131975,0.8512988282124513,0.04570961620806108,0.4570961620806107
lam5_n0.9,5.0,0.9,-0.845,0.1694437227131591,0.46863096536654986,0.9919864594617267,0.8518261433311451,0.04686309653665499,0.46863096536654986
lam5_n0.9,5.0,0.9,-0.84,0.17438744451190358,0.4799562100845424,0.985502990284929,0.8523566222332201,0.047995621008454246,0.4799562100845424
lam5_n0.9,5.0,0.9,-0.835,0.17929875994049532,0.49107449774712075,0.9790239155907476,0.8528902989015923,0.04910744977471208,0.49107449774712075
lam5_n0.9,5.0,0.9,-0.83,0.18417769103446335,0.5019884127408017,0.9725492606775313,0.8534272078123594,0.050198841274080176,0.5019884127408017
lam5_n0.9,5.0,0.9,-0.825,0.18902425995661376,0.512700522337315,0.9660790511586321,0.8539673839429247,0.0512700522337315,0.512700522337315
lam5_n0.9,5.0,0.9,-0.8200000000000001,0.19383848899861833,0.523213376704896,0.9596133129683652,0.8545108627802378,0.052321337670489604,0.523213376704896
lam5_n0.9,5.0,0.9,-0.815,0.1986204005826369,0.5335295089196399,0.9531520723681185,0.8550576803291442,0.05335295089196399,0.5335295089196399
lam5_n0.9,5.0,0.9,-0.81,0.20337001726296555,0.5436514349769166,0.9466953559526151,0.8556078731208469,0.05436514349769166,0.5436514349769166
lam5_n0.9,5.0,0.9,-0.8049999999999999,0.2080873617277217,0.5535816538028532,0.9402431906563279,0.8561614782214773,0.05535816538028532,0.5535816538028532
lam5_n0.9,5.0,0.9,-0.8,0.2127724568005575,0.5633226472658776,0.933795603760061,0.8567185332407714,0.056332264726587755,0.5633226472658776
lam5_n0.9,5.0,0.9,-0.7949999999999999,0.21742532544240945,0.5728768801883315,0.9273526228976907,0.8572790763408533,0.057287688018833154,0.5728768801883315
lam5_n0.9,5.0,0.9,-0.79,0.22204599075328002,0.5822468003581437,0.9209142760630824,0.8578431462451183,0.05822468003581437,0.5822468003581437
lam5_n0.9,5.0,0.9,-0.785,0.22663447597405617,0.5914348385405787,0.91448059161718,0.8584107822472157,0.05914348385405787,0.5914348385405787
lam5_n0.9,5.0,0.9,-0.78,0.2311908044883622,0.6004434084900433,0.9080515982952776,0.8589820242201279,0.060044340849004334,0.6004434084900433
lam5_n0.9,5.0,0.9,-0.775,0.23571499982444905,0.6092749069619712,0.9016273252144785,0.8595569126253394,0.06092749069619712,0.6092749069619712
lam5_n0.9,5.0,0.9,-0.77,0.24020708565712623,0.6179317137247712,0.8952078018813442,0.8601354885220941,0.06179317137247712,0.6179317137247712
lam5_n0.9,5.0,0.9,-0.765,0.24466708580972435,0.62641619157185,0.8887930581997434,0.8607177935767331,0.06264161915718501,0.62641619157185
lam5_n0.9,5.0,0.9,-0.76,0.24909502425610314,0.6347306863337023,0.882383124478904,0.8613038700721096,0.06347306863337024,0.6347306863337023
lam5_n0.9,5.0,0.9,-0.755,0.2534909251226996,0.6428775268900786,0.8759780314416756,0.8618937609170731,0.06428775268900787,0.6428775268900786
lam5_n0.9,5.0,0.9,-0.75,0.25785481269061616,0.650859025182221,0.8695778102330087,0.8624875096560167,0.0650859025182221,0.650859025182221
lam5_n0.9,5.0,0.9,-0.745,0.2621867113977542,0.6586774762251781,0.8631824924286556,0.8630851604784793,0.06586774762251782,0.6586774762251781
lam5_n0.9,5.0,0.9,-0.74,0.26648664584098875,0.6663351581201928,0.8567921100441042,0.8636867582287935,0.06663351581201929,0.6663351581201928
lam5_n0.9,5.0,0.9,-0.735,0.2707546407783904,0.673834332067167,0.850406695543745,0.8642923484157722,0.0673834332067167,0.673834332067167
lam5_n0.9,5.0,0.9,-0.73,0.2749907211314947,0.681177242377205,0.8440262818502862,0.8649019772224199,0.0681177242377205,0.681177242377205
lam5_n0.9,5.0,0.9,-0.725,0.2791949119876157,0.6883661164852335,0.8376509023544174,0.8655156915156598,0.06883661164852335,0.6883661164852335
lam5_n0.9,5.0,0.9,-0.72,0.2833672386022114,0.695403164962704,0.8312805909247347,0.8661335388560634,0.0695403164962704,0.695403164962704
lam5_n0.9,5.0,0.9,-0.715,0.28750772640129885,0.702290581530374,0.8249153819179319,0.8667555675075689,0.07022905815303741,0.702290581530374
lam5_n0.9,5.0,0.9,-0.71,0.29161640098392083,0.7090305430711714,0.8185553101892685,0.867381826447173,0.07090305430711714,0.7090305430711714
lam5_n0.9,5.0,0.9,-0.7050000000000001,0.2956932881246646,0.7156252096431414,0.8122004111033213,0.8680123653745798,0.07156252096431413,0.7156252096431414
lam5_n0.9,5.0,0.9,-0.7,0.2997384137762378,0.7220767244924793,0.8058507205450277,0.8686472347217896,0.07220767244924793,0.7220767244924793
lam5_n0.9,5.0,0.9,-0.6950000000000001,0.3037518040720955,0.7283872140666467,0.799506274931033,0.8692864856626074,0.07283872140666468,0.7283872140666467
lam5_n0.9,5.0,0.9,-0.69,0.3077334853291315,0.7345587880275783,0.7931671112213468,0.8699301701220485,0.07345587880275783,0.7345587880275783
lam5_n0.9,5.0,0.9,-0.685,0.3116834840504202,0.7405935392649727,0.7868332669313209,0.8705783407856224,0.07405935392649728,0.7405935392649727
lam5_n0.9,5.0,0.9,-0.6799999999999999,0.3156018269280298,0.746493543909677,0.7805047801439572,0.8712310511084634,0.0746493543909677,0.746493543909677
lam5_n0.9,5.0,0.9,-0.675,0.31948854084588674,0.7522608613471592,0.774181689522557,0.8718883553242871,0.07522608613471593,0.7522608613471592
lam5_n0.9,5.0,0.9,-0.6699999999999999,0.3233436528827126,0.7578975342310753,0.7678640343237191,0.8725503084541381,0.07578975342310754,0.7578975342310753
lam5_n0.9,5.0,0.9,-0.665,0.3271671903150223,0.7634055884969299,0.7615518544107024,0.8732169663149001,0.07634055884969299,0.7634055884969299
lam5_n0.9,5.0,0.9,-0.6599999999999999,0.33095918062019314,0.7687870333758309,0.7552451902671579,0.8738883855275316,0.07687870333758309,0.7687870333758309
lam5_n0.9,5.0,0.9,-0.655,0.33471965147960037,0.7740438614083425,0.7489440830112469,0.87456462352499,0.07740438614083425,0.7740438614083425
lam5_n0.9,5.0,0.9,-0.6499999999999999,0.3384486307818267,0.7791780484584372,0.7426485744101531,0.8752457385598039,0.07791780484584372,0.7791780484584372
lam5_n0.9,5.0,0.9,-0.645,0.34214614662594417,0.7841915537275458,0.7363587068950027,0.875931789711248,0.07841915537275458,0.7841915537275458
lam5_n0.9,5.0,0.9,-0.64,0.3458122273248723,0.7890863197687117,0.7300745235762028,0.8766228368920737,0.07890863197687117,0.7890863197687117
lam5_n0.9,5.0,0.9,-0.635,0.34944690140881374,0.7938642725008465,0.7237960682592126,0.8773189408547435,0.07938642725008466,0.7938642725008465
lam5_n0.9,5.0,0.9,-0.63,0.35305019762876944,0.798527321223092,0.7175233854607586,0.8780201631971126,0.0798527321223092,0.798527321223092
lam5_n0.9,5.0,0.9,-0.625,0.3566221449601368,0.8030773586292893,0.7112565204255066,0.8787265663674986,0.08030773586292894,0.8030773586292893
lam5_n0.9,5.0,0.9,-0.62,0.36016277260639223,0.8075162608225567,0.7049955191432057,0.8794382136690707,0.08075162608225567,0.8075162608225567
lam5_n0.9,5.0,0.9,-0.615,0.36367211000286015,0.8118458873299765,0.6987404283663152,0.8801551692634934,0.08118458873299766,0.8118458873299765
lam5_n0.9,5.0,0.9,-0.61,0.3671501868205718,0.816068081117398,0.6924912956281296,0.8808774981737421,0.08160680811173981,0.816068081117398
lam5_n0.9,5.0,0.9,-0.605,0.37059703297021573,0.8201846686043524,0.6862481692614165,0.881605266286013,0.08201846686043524,0.8201846686043524
lam5_n0.9,5.0,0.9,-0.6,0.37401267860618226,0.8241974596790849,0.6800110984175793,0.8823385403506365,0.08241974596790849,0.8241974596790849
lam5_n0.9,5.0,0.9,-0.595,0.37739715413070696,0.8281082477137064,0.6737801330863612,0.8830773879818987,0.08281082477137064,0.8281082477137064
lam5_n0.9,5.0,0.9,-0.59,0.38075049019811164,0.8319188095794666,0.6675553241161031,0.8838218776566683,0.08319188095794666,0.8319188095794666
lam5_n0.9,5.0,0.9,-0.585,0.38407271771914975,0.8356309056621481,0.661336723234572,0.8845720787117156,0.08356309056621482,0.8356309056621481
lam5_n0.9,5.0,0.9,-0.5800000000000001,0.3873638678654566,0.8392462798775896,0.6551243830703739,0.8853280613396068,0.08392462798775896,0.8392462798775896
lam5_n0.9,5.0,0.9,-0.575,0.39062397207410854,0.8427666596873343,0.648918357174963,0.8860898965830412,0.08427666596873344,0.8427666596873343
lam5_n0.9,5.0,0.9,-0.5700000000000001,0.39385306205229287,0.8461937561144095,0.6427187000452693,0.8868576563274922,0.08461937561144095,0.8461937561144095
lam5_n0.9,5.0,0.9,-0.565,0.3970511697820938,0.8495292637592406,0.6365254671469485,0.8876314132920057,0.08495292637592407,0.8495292637592406
lam5_n0.9,5.0,0.9,-0.56,0.40021832752539527,0.8527748608156984,0.6303387149382803,0.888411241017986,0.08527748608156985,0.8527748608156984
lam5_n0.9,5.0,0.9,-0.5549999999999999,0.4033545678289055,0.8559322090872874,0.624158500894719,0.8891972138558046,0.08559322090872874,0.8559322090872874
lam5_n0.9,5.0,0.9,-0.55,0.4064599235293045,0.8590029540034722,0.6179848835341193,0.8899894069490363,0.08590029540034722,0.8590029540034722
lam5_n0.9,5.0,0.9,-0.5449999999999999,0.4095344277585224,0.8619887246361514,0.6118179224426408,0.8907878962161244,0.08619887246361514,0.8619887246361514
lam5_n0.9,5.0,0.9,-0.54,0.4125781139491454,0.8648911337162757,0.6056576783013569,0.8915927583292562,0.08648911337162757,0.8648911337162757
lam5_n0.9,5.0,0.9,-0.5349999999999999,0.41559101583995955,0.8677117776506181,0.5995042129135664,0.8924040706902149,0.08677117776506182,0.8677117776506181
lam5_n0.9,5.0,0.9,-0.53,0.41857316748163076,0.8704522365386951,0.5933575892328322,0.8932219114029553,0.08704522365386952,0.8704522365386951
lam5_n0.9,5.0,0.9,-0.5249999999999999,0.4215246032425291,0.8731140741898477,0.5872178713917464,0.8940463592426336,0.08731140741898477,0.8731140741898477
lam5_n0.9,5.0,0.9,-0.52,0.42444535781469517,0.8756988381404794,0.581085124731441,0.8948774936207967,0.08756988381404796,0.8756988381404794
lam5_n0.9,5.0,0.9,-0.515,0.4273354662199605,0.8782080596714599,0.574959415831845,0.8957153945464197,0.08782080596714599,0.8782080596714599
lam5_n0.9,5.0,0.9,-0.51,0.4301949638162175,0.8806432538256946,0.5688408125426977,0.896560142582454,0.08806432538256947,0.8806432538256946
lam5_n0.9,5.0,0.9,-0.505,0.43302388630384747,0.8830059194258657,0.5627293840153235,0.897411818797521,0.08830059194258658,0.8830059194258657
lam5_n0.9,5.0,0.9,-0.5,0.4358222697323104,0.8852975390923489,0.5566252007351674,0.8982705047123645,0.0885297539092349,0.8852975390923489
lam5_n0.9,5.0,0.9,-0.495,0.438590150506898,0.8875195792613073,0.5505283345550956,0.8991362822406399,0.08875195792613073,0.8875195792613073
lam5_n0.9,5.0,0.9,-0.49,0.441327565395655,0.8896734902029713,0.5444388587294549,0.9000092336235923,0.08896734902029713,0.8896734902029713
lam5_n0.9,5.0,0.9,-0.485,0.4440345515364747,0.8917607060401023,0.5383568479488858,0.9008894413581382,0.08917607060401023,0.8917607060401023
lam5_n0.9,5.0,0.9,-0.48,0.44671114644436777,0.8937826447666524,0.532282378375883,0.9017769881178318,0.08937826447666525,0.8937826447666524
lam5_n0.9,5.0,0.9,-0.475,0.4493573880189129,0.8957407082666189,0.5262155276810844,0.9026719566661593,0.0895740708266619,0.8957407082666189
lam5_n0.9,5.0,0.9,-0.47,0.4519733145518889,0.8976362823330999,0.5201563750802741,0.9035744297615622,0.08976362823331,0.8976362823330999
lam5_n0.9,5.0,0.9,-0.46499999999999997,0.45455896473509494,0.8994707366875592,0.5141050013720753,0.9044844900535476,0.08994707366875593,0.8994707366875592
lam5_n0.9,5.0,0.9,-0.45999999999999996,0.45711437766835994,0.9012454249993003,0.5080614889763021,0.9054022199691976,0.09012454249993003,0.9012454249993003
lam5_n0.9,5.0,0.9,-0.45499999999999996,0.4596395928677463,0.9029616849051605,0.5020259219729355,0.9063277015893398,0.09029616849051605,0.9029616849051605
lam5_n0.9,5.0,0.9,-0.44999999999999996,0.46213465027394873,0.9046208380294268,0.49599838614168007,0.9072610165135884,0.09046208380294268,0.9046208380294268
lam5_n0.9,5.0,0.9,-0.44499999999999995,0.4645995902608934,0.9062241900039814,0.48997896900204735,0.9082022457134085,0.09062241900039814,0.9062241900039814
lam5_n0.9,5.0,0.9,-0.43999999999999995,0.46703445364453794,0.9077730304886823,0.4839677598539081,0.9091514693722978,0.09077730304886823,0.9077730304886823
lam5_n0.9,5.0,0.9,-0.43499999999999994,0.4694392816918752,0.9092686331919868,0.47796484981843756,0.9101087667121159,0.09092686331919869,0.9092686331919868
lam5_n0.9,5.0,0.9,-0.42999999999999994,0.47181411613014324,0.9107122558918218,0.47197033187937254,0.9110742158045233,0.09107122558918218,0.9107122558918218
lam5_n0.9,5.0,0.9,-0.42499999999999993,0.47415899915624166,0.9121051404567109,0.4659843009244834,0.912047893366422,0.0912105140456711,0.9121051404567109
lam5_n0.9,5.0,0.9,-0.42000000000000004,0.47647397344635556,0.9134485128671628,0.4600068537871487,0.9130298745382165,0.09134485128671628,0.9134485128671628
lam5_n0.9,5.0,0.9,-0.41500000000000004,0.47875908216578744,0.9147435832373318,0.45403808928790573,0.9140202326436282,0.09147435832373318,0.9147435832373318
lam5_n0.9,5.0,0.9,-0.41000000000000003,0.48101436897899685,0.915991545836954,0.44807810827583244,0.9150190389297218,0.0915991545836954,0.915991545836954
lam5_n0.9,5.0,0.9,-0.405,0.4832398780598455,0.9171935791135715,0.44212701366959295,0.9160263622857064,0.09171935791135716,0.9171935791135715
lam5_n0.9,5.0,0.9,-0.4,0.48543565410204703,0.9183508457150508,0.43618491049796165,0.9170422689389877,0.09183508457150508,0.9183508457150508
lam5_n0.9,5.0,0.9,-0.395,0.4876017423298172,0.9194644925124041,0.4302519059396132,0.9180668221268475,0.09194644925124042,0.9194644925124041
lam5_n0.9,5.0,0.9,-0.39,0.4897381885087212,0.920535650622925,0.424328109361939,0.919100081742032,0.09205356506229251,0.920535650622925
lam5_n0.9,5.0,0.9,-0.385,0.4918450389567115,0.9215654354336449,0.4184136323586219,0.9201421039504203,0.0921565435433645,0.9215654354336449
lam5_n0.9,5.0,0.9,-0.38,0.49392234055534984,0.9225549466251232,0.41250858878566815,0.9211929407788427,0.09225549466251232,0.9225549466251232
lam5_n0.9,5.0,0.9,-0.375,0.49597014076120605,0.9235052681955809,0.40661309479555724,0.9222526396710069,0.09235052681955809,0.9235052681955809
lam5_n0.9,5.0,0.9,-0.37,0.49798848761741976,0.9244174684853869,0.40072726886913335,0.9233212430093745,0.09244174684853869,0.9244174684853869
lam5_n0.9,5.0,0.9,-0.365,0.4999774297654176,0.9252926002019106,0.39485123184481646,0.9243987876007221,0.09252926002019107,0.9252926002019106
lam5_n0.9,5.0,0.9,-0.36,0.5019370164567671,0.9261317004447517,0.38898510694466365,0.9254853041230007,0.09261317004447517,0.9261317004447517
lam5_n0.9,5.0,0.9,-0.355,0.503867297565153,0.92693579073136,0.38312901979675873,0.9265808165309938,0.09269357907313601,0.92693579073136
lam5_n0.9,5.0,0.9,-0.35,0.5057683235984539,0.9277058770230567,0.3772830984533506,0.9276853414181657,0.09277058770230567,0.9277058770230567
lam5_n0.9,5.0,0.9,-0.345,0.5076401457108989,0.9284429497514737,0.3714474734040989,0.9287988873319738,0.09284429497514737,0.9284429497514737
lam5_n0.9,5.0,0.9,-0.33999999999999997,0.5094828157152762,0.9291479838454209,0.3656222775837161,0.92992145403982,0.09291479838454209,0.9291479838454209
lam5_n0.9,5.0,0.9,-0.33499999999999996,0.511296386095164,0.9298219387581994,0.3598076463732219,0.9310530317427179,0.09298219387581995,0.9298219387581994
lam5_n0.9,5.0,0.9,-0.32999999999999996,0.5130809100171507,0.9304657584953742,0.35400371759394383,0.9321936002336646,0.09304657584953742,0.9304657584953742
lam5_n0.9,5.0,0.9,-0.32499999999999996,0.5148364413430045,0.9310803716430233,0.3482106314933144,0.9333431279976296,0.09310803716430233,0.9310803716430233
lam5_n0.9,5.0,0.9,-0.31999999999999995,0.5165630346417489,0.9316666913964766,0.3424285307214157,0.9345015712500236,0.09316666913964766,0.9316666913964766
lam5_n0.9,5.0,0.9,-0.31499999999999995,0.5182607452015965,0.9322256155895674,0.336657560297127,0.9356688729104656,0.09322256155895675,0.9322256155895674
lam5_n0.9,5.0,0.9,-0.30999999999999994,0.5199296290416837,0.9327580267244068,0.3308978675626173,0.9368449615086663,0.09327580267244068,0.9327580267244068
lam5_n0.9,5.0,0.9,-0.30499999999999994,0.5215697429235475,0.9332647920017062,0.3251496021248129,0.9380297500192595,0.09332647920017062,0.9332647920017062
lam5_n0.9,5.0,0.9,-0.29999999999999993,0.5231811443622721,0.9337467633516625,0.3194129157823437,0.9392231346224826,0.09337467633516626,0.9337467633516625
lam5_n0.9,5.0,0.9,-0.29500000000000004,0.5247638916372319,0.934204777465427,0.31368796243634206,0.9404249933877064,0.0934204777465427,0.934204777465427
lam5_n0.9,5.0,0.9,-0.29000000000000004,0.526318043802344,0.9346396558271787,0.3079748979833289,0.941635184876977,0.09346396558271787,0.9346396558271787
lam5_n0.9,5.0,0.9,-0.28500000000000003,0.5278436606957367,0.9350522047468229,0.30227388018828,0.9428535466659559,0.0935052204746823,0.9350522047468229
lam5_n0.9,5.0,0.9,-0.28,0.5293408029487289,0.9354432153933344,0.2965850685358072,0.9440798937799365,0.09354432153933345,0.9354432153933344
lam5_n0.9,5.0,0.9,-0.275,0.5308095319940068,0.9358134638287716,0.29090862405723994,0.9453140170429952,0.09358134638287717,0.9358134638287716
lam5_n0.9,5.0,0.9,-0.27,0.5322499100728706,0.9361637110429798,0.28524470913122785,0.9465556813388099,0.09361637110429799,0.9361637110429798
lam5_n0.9,5.0,0.9,-0.265,0.5336620002414124,0.9364947029890098,0.2795934872553215,0.9478046237822596,0.09364947029890099,0.9364947029890098
lam5_n0.9,5.0,0.9,-0.26,0.5350458663754744,0.9368071706192744,0.27395512278582596,0.9490605518016327,0.09368071706192745,0.9368071706192744
lam5_n0.9,5.0,0.9,-0.255,0.5364015731742205,0.9371018299224655,0.26832978064305896,0.9503231411321031,0.09371018299224655,0.9371018299224655
lam5_n0.9,5.0,0.9,-0.25,0.5377291861621426,0.9373793819612579,0.26271762597898846,0.951592033722147,0.0937379381961258,0.9373793819612579
lam5_n0.9,5.0,0.9,-0.245,0.5390287716893025,0.9376405129108234,0.25711882380407447,0.9528668355557308,0.09376405129108234,0.9376405129108234
lam5_n0.9,5.0,0.9,-0.24,0.5403003969296011,0.9378858940981785,0.2515335385700066,0.9541471143944622,0.09378858940981785,0.9378858940981785
lam5_n0.9,5.0,0.9,-0.235,0.5415441298768428,0.9381161820423917,0.24596193370490865,0.9554323974454512,0.09381161820423917,0.9381161820423917
lam5_n0.9,5.0,0.9,-0.22999999999999998,0.5427600393383499,0.9383320184956718,0.24040417109748935,0.9567221689624086,0.09383320184956719,0.9383320184956718
lam5_n0.9,5.0,0.9,-0.22499999999999998,0.5439481949258637,0.9385340304853634,0.2348604105265556,0.9580158677895153,0.09385340304853634,0.9385340304853634
lam5_n0.9,5.0,0.9,-0.21999999999999997,0.5451086670434466,0.9387228303568691,0.22933080903227884,0.9593128848598553,0.09387228303568691,0.9387228303568691
lam5_n0.9,5.0,0.9,-0.21499999999999997,0.5462415268720906,0.9388990158175214,0.22381552022563125,0.960612560662709,0.09388990158175214,0.9388990158175214
lam5_n0.9,5.0,0.9,-0.20999999999999996,0.5473468463507084,0.9390631699814247,0.21831469353248714,0.9619141826967781,0.09390631699814248,0.9390631699814247
lam5_n0.9,5.0,0.9,-0.20499999999999996,0.5484246981531764,0.939215861415284,0.21282847336903507,0.9632169829294369,0.0939215861415284,0.939215861415284
lam5_n0.9,5.0,0.9,-0.19999999999999996,0.5494751556610753,0.9393576441852379,0.2073569982453738,0.9645201352853883,0.0939357644185238,0.9393576441852379
lam5_n0.9,5.0,0.9,-0.19499999999999995,0.5504982929317641,0.9394890579047078,0.2019003997944871,0.9658227531916181,0.09394890579047079,0.9394890579047078
lam5_n0.9,5.0,0.9,-0.18999999999999995,0.5514941846614069,0.9396106277832765,0.19645880172421598,0.9671238872092749,0.09396106277832766,0.9396106277832765
lam5_n0.9,5.0,0.9,-0.18499999999999994,0.5524629061425627,0.9397228646765983,0.19103231869039197,0.968422522787002,0.09397228646765983,0.9397228646765983
lam5_n0.9,5.0,0.9,-0.17999999999999994,0.5534045332159423,0.9398262651373488,0.18562105508996835,0.9697175781742866,0.09398262651373489,0.9398262651373488
lam5_n0.9,5.0,0.9,-0.17499999999999993,0.5543191422159289,0.9399213114672067,0.18022510377380493,0.9710079025374686,0.09399213114672067,0.9399213114672067
lam5_n0.9,5.0,0.9,-0.16999999999999993,0.5552068099094636,0.9400084717698641,0.17484454467973373,0.972292274325129,0.09400084717698642,0.9400084717698641
lam5_n0.9,5.0,0.9,-0.16500000000000004,0.5560676134278992,0.9400882000050477,0.1694794433876711,0.9735693999335089,0.09400882000050477,0.9400882000050477
lam5_n0.9,5.0,0.9,-0.16000000000000003,0.5569016301914428,0.9401609360435327,0.1641298495998491,0.9748379127263096,0.09401609360435327,0.9401609360435327
lam5_n0.9,5.0,0.9,-0.15500000000000003,0.5577089378258191,0.940227105723118,0.15879579555072454,0.9760963724665367,0.0940227105723118,0.940227105723118
lam5_n0.9,5.0,0.9,-0.15000000000000002,0.5584896140708216,0.9402871209055264,0.15347729435277743,0.9773432652208174,0.09402871209055264,0.9402871209055264
lam5_n0.9,5.0,0.9,-0.14500000000000002,0.5592437366804491,0.940341379534182,0.14817433828624035,0.9785770037986725,0.0940341379534182,0.940341379534182
lam5_n0.9,5.0,0.9,-0.14,0.5599713833143695,0.9403902656928078,0.14288689704277616,0.9797959287903643,0.09403902656928079,0.9403902656928078
lam5_n0.9,5.0,0.9,-0.135,0.5606726314205132,0.940434149664774,0.1376149159352384,0.9809983102669703,0.0940434149664774,0.940434149664774
lam5_n0.9,5.0,0.9,-0.13,0.5613475581086593,0.9404733879931159,0.13235831408786744,0.9821823502050513,0.0940473387993116,0.9404733879931159
lam5_n0.9,5.0,0.9,-0.125,0.5619962400149583,0.9405083235411292,0.12711698262356574,0.9833461856954643,0.09405083235411293,0.9405083235411292
lam5_n0.9,5.0,0.9,-0.12,0.5626187531574226,0.9405392855534356,0.12189078286720367,0.9844878929913542,0.09405392855534356,0.9405392855534356
lam5_n0.9,5.0,0.9,-0.11499999999999999,0.5632151727825173,0.9405665897173938,0.11667954458618311,0.9856054924439428,0.09405665897173938,0.9405665897173938
lam5_n0.9,5.0,0.9,-0.10999999999999999,0.5637855732030961,0.9405905382247268,0.11148306429165764,0.9866969543662909,0.09405905382247269,0.9405905382247268
lam5_n0.9,5.0,0.9,-0.10499999999999998,0.5643300276280462,0.9406114198332082,0.10630110362580315,0.9877602058546517,0.09406114198332083,0.9406114198332082
lam5_n0.9,5.0,0.9,-0.09999999999999998,0.5648486079841418,0.9406295099282475,0.1011333878622719,0.988793138584308,0.09406295099282475,0.9406295099282475
lam5_n0.9,5.0,0.9,-0.09499999999999997,0.5653413847307421,0.9406450705841902,0.09597960454835475,0.989793617581939,0.09406450705841903,0.9406450705841902
lam5_n0.9,5.0,0.9,-0.08999999999999997,0.5658084266681148,0.9406583506251396,0.09083940231833687,0.9907594909597125,0.09406583506251397,0.9406583506251396
lam5_n0.9,5.0,0.9,-0.08499999999999996,0.5662498007403174,0.9406695856850901,0.08571238990797081,0.9916886005776325,0.09406695856850901,0.9406695856850901
lam5_n0.9,5.0,0.9,-0.07999999999999996,0.5666655718337157,0.9406789982671524,0.0805981353998267,0.9925787935805271,0.09406789982671525,0.9406789982671524
lam5_n0.9,5.0,0.9,-0.07499999999999996,0.5670558025723667,0.9406867978016316,0.07549616572843926,0.9934279347348047,0.09406867978016316,0.9406867978016316
lam5_n0.9,5.0,0.9,-0.06999999999999995,0.5674205531116339,0.9406931807027199,0.07040596647259494,0.994233919468274,0.094069318070272,0.9406931807027199
lam5_n0.9,5.0,0.9,-0.06499999999999995,0.5677598809315348,0.940698330423544,0.06532698195975169,0.994994687494469,0.0940698330423544,0.940698330423544
lam5_n0.9,5.0,0.9,-0.05999999999999994,0.5680738406314377,0.9407024175093126,0.06025861570443762,0.9957082368817405,0.09407024175093126,0.9407024175093126
lam5_n0.9,5.0,0.9,-0.05499999999999994,0.5683624837278216,0.9407055996482963,0.055200231198543594,0.9963726384075555,0.09407055996482963,0.9407055996482963
lam5_n0.9,5.0,0.9,-0.04999999999999993,0.5686258584568987,0.9407080217203763,0.05015115306674462,0.9969860500207538,0.09407080217203763,0.9407080217203763
lam5_n0.9,5.0,0.9,-0.04499999999999993,0.5688640095839427,0.9407098158428967,0.04511066859492356,0.9975467312196723,0.09407098158428967,0.9407098158428967
lam5_n0.9,5.0,0.9,-0.040000000000000036,0.569076978221197,0.9407111014135594,0.04007802963352658,0.9980530571427776,0.09407111014135594,0.9407111014135594
lam5_n0.9,5.0,0.9,-0.03500000000000003,0.5692648016562302,0.9407119851501131,0.035052454871380145,0.9985035321613682,0.09407119851501132,0.9407119851501131
lam5_n0.9,5.0,0.9,-0.030000000000000027,0.5694275131925638,0.9407125611265901,0.030033132468801307,0.9988968027615601,0.09407125611265901,0.9407125611265901
lam5_n0.9,5.0,0.9,-0.025000000000000022,0.5695651420043285,0.9407129108058696,0.025019223032003653,0.9992316695055221,0.09407129108058697,0.9407129108058696
lam5_n0.9,5.0,0.9,-0.020000000000000018,0.5696777130065951,0.9407131030683534,0.020009862904046005,0.9995070978700212,0.09407131030683535,0.9407131030683534
lam5_n0.9,5.0,0.9,-0.015000000000000013,0.5697652467428874,0.9407131942365701,0.015004167741075942,0.9997222277737858,0.09407131942365701,0.9407131942365701
lam5_n0.9,5.0,0.9,-0.010000000000000009,0.5698277592912142,0.9407132280955388,0.010001236336595505,0.9998763816238426,0.09407132280955388,0.9407132280955388
lam5_n0.9,5.0,0.9,-0.0050000000000000044,0.5698652621897534,0.9407132359087572,0.00500015465111099,0.9999690707344518,0.09407132359087572,0.9407132359087572
lam5_n0.9,5.0,0.9,0.0,0.5698777623831018,0.9407132364297012,0.0,1.0,0.09407132364297012,0.9407132364297012
lam5_n0.9,5.0,0.9,0.0050000000000001155,0.5698652621897534,0.9407132359087572,0.005000154651111101,0.9999690707344518,0.09407132359087572,0.9407132359087572
lam5_n0.9,5.0,0.9,0.010000000000000009,0.5698277592912142,0.9407132280955388,0.010001236336595505,0.9998763816238426,0.09407132280955388,0.9407132280955388
lam5_n0.9,5.0,0.9,0.015000000000000124,0.5697652467428874,0.9407131942365701,0.015004167741076053,0.9997222277737858,0.09407131942365701,0.9407131942365701
lam5_n0.9,5.0,0.9,0.020000000000000018,0.5696777130065951,0.9407131030683534,0.020009862904046005,0.9995070978700212,0.09407131030683535,0.9407131030683534
lam5_n0.9,5.0,0.9,0.02499999999999991,0.5695651420043285,0.9407129108058696,0.025019223032003542,0.9992316695055221,0.09407129108058697,0.9407129108058696
lam5_n0.9,5.0,0.9,0.030000000000000027,0.5694275131925638,0.9407125611265901,0.030033132468801307,0.9988968027615601,0.09407125611265901,0.9407125611265901
lam5_n0.9,5.0,0.9,0.03499999999999992,0.5692648016562302,0.9407119851501131,0.035052454871380034,0.9985035321613682,0.09407119851501132,0.9407119851501131
lam5_n0.9,5.0,0.9,0.040000000000000036,0.569076978221197,0.9407111014135594,0.04007802963352658,0.9980530571427776,0.09407111014135594,0.9407111014135594
lam5_n0.9,5.0,0.9,0.04499999999999993,0.5688640095839427,0.9407098158428967,0.04511066859492356,0.9975467312196723,0.09407098158428967,0.9407098158428967
lam5_n0.9,5.0,0.9,0.050000000000000044,0.5686258584568987,0.9407080217203763,0.05015115306674473,0.9969860500207538,0.09407080217203763,0.9407080217203763
lam5_n0.9,5.0,0.9,0.05499999999999994,0.5683624837278216,0.9407055996482963,0.055200231198543594,0.9963726384075555,0.09407055996482963,0.9407055996482963
lam5_n0.9,5.0,0.9,0.06000000000000005,0.5680738406314377,0.9407024175093126,0.06025861570443773,0.9957082368817405,0.09407024175093126,0.9407024175093126
lam5_n0.9,5.0,0.9,0.06499999999999995,0.5677598809315348,0.940698330423544,0.06532698195975169,0.994994687494469,0.0940698330423544,0.940698330423544
lam5_n0.9,5.0,0.9,0.07000000000000006,0.5674205531116339,0.9406931807027199,0.07040596647259505,0.994233919468274,0.094069318070272,0.9406931807027199
lam5_n0.9,5.0,0.9,0.07499999999999996,0.5670558025723667,0.9406867978016316,0.07549616572843926,0.9934279347348047,0.09406867978016316,0.9406867978016316
lam5_n0.9,5.0,0.9,0.08000000000000007,0.5666655718337157,0.9406789982671524,0.08059813539982681,0.9925787935805271,0.09406789982671525,0.9406789982671524
lam5_n0.9,5.0,0.9,0.08499999999999996,0.5662498007403174,0.9406695856850901,0.08571238990797081,0.9916886005776325,0.09406695856850901,0.9406695856850901
lam5_n0.9,5.0,0.9,0.09000000000000008,0.5658084266681148,0.9406583506251396,0.09083940231833698,0.9907594909597125,0.09406583506251397,0.9406583506251396
lam5_n0.9,5.0,0.9,0.09499999999999997,0.5653413847307421,0.9406450705841902,0.09597960454835475,0.989793617581939,0.09406450705841903,0.9406450705841902
lam5_n0.9,5.0,0.9,0.10000000000000009,0.5648486079841418,0.9406295099282475,0.10113338786227201,0.988793138584308,0.09406295099282475,0.9406295099282475
lam5_n0.9,5.0,0.9,0.10499999999999998,0.5643300276280462,0.9406114198332082,0.10630110362580315,0.9877602058546517,0.09406114198332083,0.9406114198332082
lam5_n0.9,5.0,0.9,0.1100000000000001,0.5637855732030961,0.9405905382247268,0.11148306429165775,0.9866969543662909,0.09405905382247269,0.9405905382247268
lam5_n0.9,5.0,0.9,0.11499999999999999,0.5632151727825173,0.9405665897173938,0.11667954458618311,0.9856054924439428,0.09405665897173938,0.9405665897173938
lam5_n0.9,5.0,0.9,0.1200000000000001,0.5626187531574226,0.9405392855534356,0.12189078286720378,0.9844878929913542,0.09405392855534356,0.9405392855534356
lam5_n0.9,5.0,0.9,0.125,0.5619962400149583,0.9405083235411292,0.12711698262356574,0.9833461856954643,0.09405083235411293,0.9405083235411292
lam5_n0.9,5.0,0.9,0.13000000000000012,0.5613475581086593,0.9404733879931159,0.13235831408786755,0.9821823502050513,0.0940473387993116,0.9404733879931159
lam5_n0.9,5.0,0.9,0.135,0.5606726314205132,0.940434149664774,0.1376149159352384,0.9809983102669703,0.0940434149664774,0.940434149664774
lam5_n0.9,5.0,0.9,0.14000000000000012,0.5599713833143695,0.9403902656928078,0.14288689704277627,0.9797959287903643,0.09403902656928079,0.9403902656928078
lam5_n0.9,5.0,0.9,0.14500000000000002,0.5592437366804491,0.940341379534182,0.14817433828624035,0.9785770037986725,0.0940341379534182,0.940341379534182
lam5_n0.9,5.0,0.9,0.15000000000000013,0.5584896140708216,0.9402871209055264,0.15347729435277754,0.9773432652208174,0.09402871209055264,0.9402871209055264
lam5_n0.9,5.0,0.9,0.15500000000000003,0.5577089378258191,0.940227105723118,0.15879579555072454,0.9760963724665367,0.0940227105723118,0.940227105723118
lam5_n0.9,5.0,0.9,0.15999999999999992,0.5569016301914428,0.9401609360435327,0.164129849599849,0.9748379127263096,0.09401609360435327,0.9401609360435327
lam5_n0.9,5.0,0.9,0.16500000000000004,0.5560676134278992,0.9400882000050477,0.1694794433876711,0.9735693999335089,0.09400882000050477,0.9400882000050477
lam5_n0.9,5.0,0.9,0.16999999999999993,0.5552068099094636,0.9400084717698641,0.17484454467973373,0.972292274325129,0.09400084717698642,0.9400084717698641
lam5_n0.9,5.0,0.9,0.17500000000000004,0.5543191422159289,0.9399213114672067,0.18022510377380505,0.9710079025374686,0.09399213114672067,0.9399213114672067
lam5_n0.9,5.0,0.9,0.17999999999999994,0.5534045332159423,0.9398262651373488,0.18562105508996835,0.9697175781742866,0.09398262651373489,0.9398262651373488
lam5_n0.9,5.0,0.9,0.18500000000000005,0.5524629061425627,0.9397228646765983,0.19103231869039208,0.968422522787002,0.09397228646765983,0.9397228646765983
lam5_n0.9,5.0,0.9,0.18999999999999995,0.5514941846614069,0.9396106277832765,0.19645880172421598,0.9671238872092749,0.09396106277832766,0.9396106277832765
lam5_n0.9,5.0,0.9,0.19500000000000006,0.5504982929317641,0.9394890579047078,0.2019003997944872,0.9658227531916181,0.09394890579047079,0.9394890579047078
lam5_n0.9,5.0,0.9,0.19999999999999996,0.5494751556610753,0.9393576441852379,0.2073569982453738,0.9645201352853883,0.0939357644185238,0.9393576441852379
lam5_n0.9,5.0,0.9,0.20500000000000007,0.5484246981531764,0.939215861415284,0.21282847336903518,0.9632169829294369,0.0939215861415284,0.939215861415284
lam5_n0.9,5.0,0.9,0.20999999999999996,0.5473468463507084,0.9390631699814247,0.21831469353248714,0.9619141826967781,0.09390631699814248,0.9390631699814247
lam5_n0.9,5.0,0.9,0.21500000000000008,0.5462415268720906,0.9388990158175214,0.22381552022563136,0.960612560662709,0.09388990158175214,0.9388990158175214
lam5_n0.9,5.0,0.9,0.21999999999999997,0.5451086670434466,0.9387228303568691,0.22933080903227884,0.9593128848598553,0.09387228303568691,0.9387228303568691
lam5_n0.9,5.0,0.9,0.2250000000000001,0.5439481949258637,0.9385340304853634,0.2348604105265557,0.9580158677895153,0.09385340304853634,0.9385340304853634
lam5_n0.9,5.0,0.9,0.22999999999999998,0.5427600393383499,0.9383320184956718,0.24040417109748935,0.9567221689624086,0.09383320184956719,0.9383320184956718
lam5_n0.9,5.0,0.9,0.2350000000000001,0.5415441298768428,0.9381161820423917,0.24596193370490876,0.9554323974454512,0.09381161820423917,0.9381161820423917
lam5_n0.9,5.0,0.9,0.24,0.5403003969296011,0.9378858940981785,0.2515335385700066,0.9541471143944622,0.09378858940981785,0.9378858940981785
lam5_n0.9,5.0,0.9,0.2450000000000001,0.5390287716893025,0.9376405129108234,0.25711882380407464,0.9528668355557308,0.09376405129108234,0.9376405129108234
lam5_n0.9,5.0,0.9,0.25,0.5377291861621426,0.9373793819612579,0.26271762597898846,0.951592033722147,0.0937379381961258,0.9373793819612579
lam5_n0.9,5.0,0.9,0.2550000000000001,0.5364015731742205,0.9371018299224655,0.26832978064305907,0.9503231411321031,0.09371018299224655,0.9371018299224655
lam5_n0.9,5.0,0.9,0.26,0.5350458663754744,0.9368071706192744,0.27395512278582596,0.9490605518016327,0.09368071706192745,0.9368071706192744
lam5_n0.9,5.0,0.9,0.2650000000000001,0.5336620002414124,0.9364947029890098,0.2795934872553216,0.9478046237822596,0.09364947029890099,0.9364947029890098
lam5_n0.9,5.0,0.9,0.27,0.5322499100728706,0.9361637110429798,0.28524470913122785,0.9465556813388099,0.09361637110429799,0.9361637110429798
lam5_n0.9,5.0,0.9,0.27500000000000013,0.5308095319940068,0.9358134638287716,0.29090862405724005,0.9453140170429952,0.09358134638287717,0.9358134638287716
lam5_n0.9,5.0,0.9,0.28,0.5293408029487289,0.9354432153933344,0.2965850685358072,0.9440798937799365,0.09354432153933345,0.9354432153933344
lam5_n0.9,5.0,0.9,0.2849999999999999,0.5278436606957367,0.9350522047468229,0.3022738801882799,0.9428535466659559,0.0935052204746823,0.9350522047468229
lam5_n0.9,5.0,0.9,0.29000000000000004,0.526318043802344,0.9346396558271787,0.3079748979833289,0.941635184876977,0.09346396558271787,0.9346396558271787
lam5_n0.9,5.0,0.9,0.29499999999999993,0.5247638916372319,0.934204777465427,0.31368796243634195,0.9404249933877064,0.0934204777465427,0.934204777465427
lam5_n0.9,5.0,0.9,0.30000000000000004,0.5231811443622721,0.9337467633516625,0.3194129157823438,0.9392231346224826,0.09337467633516626,0.9337467633516625
lam5_n0.9,5.0,0.9,0.30499999999999994,0.5215697429235475,0.9332647920017062,0.3251496021248129,0.9380297500192595,0.09332647920017062,0.9332647920017062
lam5_n0.9,5.0,0.9,0.31000000000000005,0.5199296290416837,0.9327580267244068,0.3308978675626174,0.9368449615086663,0.09327580267244068,0.9327580267244068
lam5_n0.9,5.0,0.9,0.31499999999999995,0.5182607452015965,0.9322256155895674,0.336657560297127,0.9356688729104656,0.09322256155895675,0.9322256155895674
lam5_n0.9,5.0,0.9,0.32000000000000006,0.5165630346417489,0.9316666913964766,0.3424285307214158,0.9345015712500236,0.09316666913964766,0.9316666913964766
lam5_n0.9,5.0,0.9,0.32499999999999996,0.5148364413430045,0.9310803716430233,0.3482106314933144,0.9333431279976296,0.09310803716430233,0.9310803716430233
lam5_n0.9,5.0,0.9,0.33000000000000007,0.5130809100171507,0.9304657584953742,0.35400371759394395,0.9321936002336646,0.09304657584953742,0.9304657584953742
lam5_n0.9,5.0,0.9,0.33499999999999996,0.511296386095164,0.9298219387581994,0.3598076463732219,0.9310530317427179,0.09298219387581995,0.9298219387581994
lam5_n0.9,5.0,0.9,0.3400000000000001,0.5094828157152762,0.9291479838454209,0.36562227758371624,0.92992145403982,0.09291479838454209,0.9291479838454209
lam5_n0.9,5.0,0.9,0.345,0.5076401457108989,0.9284429497514737,0.3714474734040989,0.9287988873319738,0.09284429497514737,0.9284429497514737
lam5_n0.9,5.0,0.9,0.3500000000000001,0.5057683235984539,0.9277058770230567,0.37728309845335073,0.9276853414181657,0.09277058770230567,0.9277058770230567
lam5_n0.9,5.0,0.9,0.355,0.503867297565153,0.92693579073136,0.38312901979675873,0.9265808165309938,0.09269357907313601,0.92693579073136
lam5_n0.9,5.0,0.9,0.3600000000000001,0.5019370164567671,0.9261317004447517,0.38898510694466376,0.9254853041230007,0.09261317004447517,0.9261317004447517
lam5_n0.9,5.0,0.9,0.365,0.4999774297654176,0.9252926002019106,0.39485123184481646,0.9243987876007221,0.09252926002019107,0.9252926002019106
lam5_n0.9,5.0,0.9,0.3700000000000001,0.4979884876174197,0.9244174684853869,0.40072726886913346,0.9233212430093745,0.09244174684853869,0.9244174684853869
lam5_n0.9,5.0,0.9,0.375,0.49597014076120605,0.9235052681955809,0.40661309479555724,0.9222526396710069,0.09235052681955809,0.9235052681955809
lam5_n0.9,5.0,0.9,0.3800000000000001,0.4939223405553498,0.9225549466251232,0.41250858878566826,0.9211929407788427,0.09225549466251232,0.9225549466251232
lam5_n0.9,5.0,0.9,0.385,0.4918450389567115,0.9215654354336449,0.4184136323586219,0.9201421039504203,0.0921565435433645,0.9215654354336449
lam5_n0.9,5.0,0.9,0.3900000000000001,0.48973818850872114,0.920535650622925,0.4243281093619391,0.919100081742032,0.09205356506229251,0.920535650622925
lam5_n0.9,5.0,0.9,0.395,0.4876017423298172,0.9194644925124041,0.4302519059396132,0.9180668221268475,0.09194644925124042,0.9194644925124041
lam5_n0.9,5.0,0.9,0.40000000000000013,0.485435654102047,0.9183508457150508,0.43618491049796176,0.9170422689389877,0.09183508457150508,0.9183508457150508
lam5_n0.9,5.0,0.9,0.405,0.4832398780598455,0.9171935791135715,0.44212701366959295,0.9160263622857064,0.09171935791135716,0.9171935791135715
lam5_n0.9,5.0,0.9,0.4099999999999999,0.4810143689789969,0.915991545836954,0.44807810827583233,0.9150190389297218,0.0915991545836954,0.915991545836954
lam5_n0.9,5.0,0.9,0.41500000000000004,0.47875908216578744,0.9147435832373318,0.45403808928790573,0.9140202326436282,0.09147435832373318,0.9147435832373318
lam5_n0.9,5.0,0.9,0.41999999999999993,0.4764739734463556,0.9134485128671628,0.46000685378714856,0.9130298745382165,0.09134485128671628,0.9134485128671628
lam5_n0.9,5.0,0.9,0.42500000000000004,0.4741589991562416,0.9121051404567109,0.4659843009244835,0.912047893366422,0.0912105140456711,0.9121051404567109
lam5_n0.9,5.0,0.9,0.42999999999999994,0.47181411613014324,0.9107122558918218,0.47197033187937254,0.9110742158045233,0.09107122558918218,0.9107122558918218
lam5_n0.9,5.0,0.9,0.43500000000000005,0.4694392816918752,0.9092686331919868,0.4779648498184377,0.9101087667121159,0.09092686331919869,0.9092686331919868
lam5_n0.9,5.0,0.9,0.43999999999999995,0.46703445364453794,0.9077730304886823,0.4839677598539081,0.9091514693722978,0.09077730304886823,0.9077730304886823
lam5_n0.9,5.0,0.9,0.44500000000000006,0.4645995902608934,0.9062241900039814,0.48997896900204746,0.9082022457134085,0.09062241900039814,0.9062241900039814
lam5_n0.9,5.0,0.9,0.44999999999999996,0.46213465027394873,0.9046208380294268,0.49599838614168007,0.9072610165135884,0.09046208380294268,0.9046208380294268
lam5_n0.9,5.0,0.9,0.45500000000000007,0.4596395928677462,0.9029616849051605,0.5020259219729357,0.9063277015893398,0.09029616849051605,0.9029616849051605
lam5_n0.9,5.0,0.9,0.45999999999999996,0.45711437766835994,0.9012454249993003,0.5080614889763021,0.9054022199691976,0.09012454249993003,0.9012454249993003
lam5_n0.9,5.0,0.9,0.4650000000000001,0.45455896473509483,0.8994707366875592,0.5141050013720755,0.9044844900535476,0.08994707366875593,0.8994707366875592
lam5_n0.9,5.0,0.9,0.47,0.4519733145518889,0.8976362823330999,0.5201563750802741,0.9035744297615622,0.08976362823331,0.8976362823330999
lam5_n0.9,5.0,0.9,0.4750000000000001,0.4493573880189128,0.8957407082666189,0.5262155276810846,0.9026719566661593,0.0895740708266619,0.8957407082666189
lam5_n0.9,5.0,0.9,0.48,0.44671114644436777,0.8937826447666524,0.532282378375883,0.9017769881178318,0.08937826447666525,0.8937826447666524
lam5_n0.9,5.0,0.9,0.4850000000000001,0.4440345515364746,0.8917607060401023,0.538356847948886,0.9008894413581382,0.08917607060401023,0.8917607060401023
lam5_n0.9,5.0,0.9,0.49,0.441327565395655,0.8896734902029713,0.5444388587294549,0.9000092336235923,0.08896734902029713,0.8896734902029713
lam5_n0.9,5.0,0.9,0.4950000000000001,0.43859015050689787,0.8875195792613073,0.5505283345550959,0.8991362822406399,0.08875195792613073,0.8875195792613073
lam5_n0.9,5.0,0.9,0.5,0.4358222697323104,0.8852975390923489,0.5566252007351674,0.8982705047123645,0.0885297539092349,0.8852975390923489
lam5_n0.9,5.0,0.9,0.5050000000000001,0.4330238863038474,0.8830059194258657,0.5627293840153236,0.897411818797521,0.08830059194258658,0.8830059194258657
lam5_n0.9,5.0,0.9,0.51,0.4301949638162175,0.8806432538256946,0.5688408125426977,0.896560142582454,0.08806432538256947,0.8806432538256946
lam5_n0.9,5.0,0.9,0.5150000000000001,0.42733546621996044,0.8782080596714599,0.5749594158318451,0.8957153945464197,0.08782080596714599,0.8782080596714599
lam5_n0.9,5.0,0.9,0.52,0.42444535781469517,0.8756988381404794,0.581085124731441,0.8948774936207967,0.08756988381404796,0.8756988381404794
lam5_n0.9,5.0,0.9,0.5250000000000001,0.421524603242529,0.8731140741898474,0.5872178713917466,0.8940463592426336,0.08731140741898474,0.8731140741898474
lam5_n0.9,5.0,0.9,0.53,0.41857316748163076,0.8704522365386951,0.5933575892328322,0.8932219114029553,0.08704522365386952,0.8704522365386951
lam5_n0.9,5.0,0.9,0.5350000000000001,0.41559101583995944,0.8677117776506179,0.5995042129135666,0.8924040706902149,0.0867711777650618,0.8677117776506179
lam5_n0.9,5.0,0.9,0.54,0.4125781139491454,0.8648911337162757,0.6056576783013569,0.8915927583292562,0.08648911337162757,0.8648911337162757
lam5_n0.9,5.0,0.9,0.5449999999999999,0.4095344277585224,0.8619887246361514,0.6118179224426408,0.8907878962161244,0.08619887246361514,0.8619887246361514
lam5_n0.9,5.0,0.9,0.55,0.4064599235293045,0.8590029540034722,0.6179848835341193,0.8899894069490363,0.08590029540034722,0.8590029540034722
lam5_n0.9,5.0,0.9,0.5549999999999999,0.4033545678289055,0.8559322090872874,0.624158500894719,0.8891972138558046,0.08559322090872874,0.8559322090872874
lam5_n0.9,5.0,0.9,0.56,0.40021832752539527,0.8527748608156984,0.6303387149382803,0.888411241017986,0.08527748608156985,0.8527748608156984
lam5_n0.9,5.0,0.9,0.565,0.3970511697820938,0.8495292637592406,0.6365254671469485,0.8876314132920057,0.08495292637592407,0.8495292637592406
lam5_n0.9,5.0,0.9,0.5700000000000001,0.39385306205229287,0.8461937561144095,0.6427187000452693,0.8868576563274922,0.08461937561144095,0.8461937561144095
lam5_n0.9,5.0,0.9,0.575,0.39062397207410854,0.8427666596873343,0.648918357174963,0.8860898965830412,0.08427666596873344,0.8427666596873343
lam5_n0.9,5.0,0.9,0.5800000000000001,0.3873638678654566,0.8392462798775896,0.6551243830703739,0.8853280613396068,0.08392462798775896,0.8392462798775896
lam5_n0.9,5.0,0.9,0.585,0.38407271771914975,0.8356309056621481,0.661336723234572,0.8845720787117156,0.08356309056621482,0.8356309056621481
lam5_n0.9,5.0,0.9,0.5900000000000001,0.3807504901981116,0.8319188095794665,0.6675553241161032,0.8838218776566683,0.08319188095794666,0.8319188095794665
lam5_n0.9,5.0,0.9,0.595,0.37739715413070696,0.8281082477137064,0.6737801330863612,0.8830773879818987,0.08281082477137064,0.8281082477137064
lam5_n0.9,5.0,0.9,0.6000000000000001,0.3740126786061822,0.8241974596790848,0.6800110984175795,0.8823385403506365,0.08241974596790848,0.8241974596790848
lam5_n0.9,5.0,0.9,0.605,0.37059703297021573,0.8201846686043524,0.6862481692614165,0.881605266286013,0.08201846686043524,0.8201846686043524
lam5_n0.9,5.0,0.9,0.6100000000000001,0.36715018682057177,0.8160680811173979,0.6924912956281297,0.8808774981737421,0.0816068081117398,0.8160680811173979
lam5_n0.9,5.0,0.9,0.615,0.36367211000286015,0.8118458873299765,0.6987404283663152,0.8801551692634934,0.08118458873299766,0.8118458873299765
lam5_n0.9,5.0,0.9,0.6200000000000001,0.3601627726063922,0.8075162608225566,0.7049955191432058,0.8794382136690707,0.08075162608225567,0.8075162608225566
lam5_n0.9,5.0,0.9,0.625,0.3566221449601368,0.8030773586292893,0.7112565204255066,0.8787265663674986,0.08030773586292894,0.8030773586292893
lam5_n0.9,5.0,0.9,0.6300000000000001,0.3530501976287694,0.7985273212230919,0.7175233854607587,0.8780201631971126,0.0798527321223092,0.7985273212230919
lam5_n0.9,5.0,0.9,0.635,0.34944690140881374,0.7938642725008465,0.7237960682592126,0.8773189408547435,0.07938642725008466,0.7938642725008465
lam5_n0.9,5.0,0.9,0.6400000000000001,0.34581222732487227,0.7890863197687116,0.730074523576203,0.8766228368920737,0.07890863197687116,0.7890863197687116
lam5_n0.9,5.0,0.9,0.645,0.34214614662594417,0.7841915537275458,0.7363587068950027,0.875931789711248,0.07841915537275458,0.7841915537275458
lam5_n0.9,5.0,0.9,0.6500000000000001,0.3384486307818266,0.779178048458437,0.7426485744101533,0.8752457385598039,0.07791780484584371,0.779178048458437
lam5_n0.9,5.0,0.9,0.655,0.33471965147960037,0.7740438614083425,0.7489440830112469,0.87456462352499,0.07740438614083425,0.7740438614083425
lam5_n0.9,5.0,0.9,0.6600000000000001,0.3309591806201929,0.7687870333758307,0.7552451902671581,0.8738883855275316,0.07687870333758307,0.7687870333758307
lam5_n0.9,5.0,0.9,0.665,0.3271671903150223,0.7634055884969299,0.7615518544107024,0.8732169663149001,0.07634055884969299,0.7634055884969299
lam5_n0.9,5.0,0.9,0.6699999999999999,0.3233436528827126,0.7578975342310753,0.7678640343237191,0.8725503084541381,0.07578975342310754,0.7578975342310753
lam5_n0.9,5.0,0.9,0.675,0.31948854084588674,0.7522608613471592,0.774181689522557,0.8718883553242871,0.07522608613471593,0.7522608613471592
lam5_n0.9,5.0,0.9,0.6799999999999999,0.3156018269280298,0.746493543909677,0.7805047801439572,0.8712310511084634,0.0746493543909677,0.746493543909677
lam5_n0.9,5.0,0.9,0.685,0.3116834840504202,0.7405935392649727,0.7868332669313209,0.8705783407856224,0.07405935392649728,0.7405935392649727
lam5_n0.9,5.0,0.9,0.69,0.3077334853291315,0.7345587880275783,0.7931671112213468,0.8699301701220485,0.07345587880275783,0.7345587880275783
lam5_n0.9,5.0,0.9,0.6950000000000001,0.3037518040720955,0.7283872140666467,0.799506274931033,0.8692864856626074,0.07283872140666468,0.7283872140666467
lam5_n0.9,5.0,0.9,0.7,0.2997384137762378,0.7220767244924793,0.8058507205450277,0.8686472347217896,0.07220767244924793,0.7220767244924793
lam5_n0.9,5.0,0.9,0.7050000000000001,0.2956932881246646,0.7156252096431414,0.8122004111033213,0.8680123653745798,0.07156252096431413,0.7156252096431414
lam5_n0.9,5.0,0.9,0.71,0.29161640098392083,0.7090305430711714,0.8185553101892685,0.867381826447173,0.07090305430711714,0.7090305430711714
lam5_n0.9,5.0,0.9,0.7150000000000001,0.28750772640129874,0.7022905815303739,0.824915381917932,0.8667555675075689,0.0702290581530374,0.7022905815303739
lam5_n0.9,5.0,0.9,0.72,0.2833672386022114,0.695403164962704,0.8312805909247347,0.8661335388560634,0.0695403164962704,0.695403164962704
lam5_n0.9,5.0,0.9,0.7250000000000001,0.2791949119876156,0.6883661164852334,0.8376509023544175,0.8655156915156598,0.06883661164852334,0.6883661164852334
lam5_n0.9,5.0,0.9,0.73,0.2749907211314947,0.681177242377205,0.8440262818502862,0.8649019772224199,0.0681177242377205,0.681177242377205
lam5_n0.9,5.0,0.9,0.7350000000000001,0.2707546407783903,0.6738343320671669,0.8504066955437452,0.8642923484157722,0.06738343320671669,0.6738343320671669
lam5_n0.9,5.0,0.9,0.74,0.26648664584098875,0.6663351581201928,0.8567921100441042,0.8636867582287935,0.06663351581201929,0.6663351581201928
lam5_n0.9,5.0,0.9,0.7450000000000001,0.26218671139775407,0.6586774762251779,0.8631824924286557,0.8630851604784793,0.06586774762251779,0.6586774762251779
lam5_n0.9,5.0,0.9,0.75,0.25785481269061616,0.650859025182221,0.8695778102330087,0.8624875096560167,0.0650859025182221,0.650859025182221
lam5_n0.9,5.0,0.9,0.7550000000000001,0.2534909251226995,0.6428775268900784,0.8759780314416757,0.8618937609170731,0.06428775268900784,0.6428775268900784
lam5_n0.9,5.0,0.9,0.76,0.24909502425610314,0.6347306863337023,0.882383124478904,0.8613038700721096,0.06347306863337024,0.6347306863337023
lam5_n0.9,5.0,0.9,0.7650000000000001,0.24466708580972424,0.6264161915718498,0.8887930581997435,0.8607177935767331,0.06264161915718498,0.6264161915718498
lam5_n0.9,5.0,0.9,0.77,0.24020708565712623,0.6179317137247712,0.8952078018813442,0.8601354885220941,0.06179317137247712,0.6179317137247712
lam5_n0.9,5.0,0.9,0.7750000000000001,0.23571499982444893,0.609274906961971,0.9016273252144786,0.8595569126253394,0.0609274906961971,0.609274906961971
lam5_n0.9,5.0,0.9,0.78,0.2311908044883622,0.6004434084900433,0.9080515982952776,0.8589820242201279,0.060044340849004334,0.6004434084900433
lam5_n0.9,5.0,0.9,0.7850000000000001,0.22663447597405606,0.5914348385405784,0.9144805916171801,0.8584107822472157,0.05914348385405785,0.5914348385405784
lam5_n0.9,5.0,0.9,0.79,0.22204599075328002,0.5822468003581437,0.9209142760630824,0.8578431462451183,0.05822468003581437,0.5822468003581437
lam5_n0.9,5.0,0.9,0.7949999999999999,0.21742532544240945,0.5728768801883315,0.9273526228976907,0.8572790763408533,0.057287688018833154,0.5728768801883315
lam5_n0.9,5.0,0.9,0.8,0.2127724568005575,0.5633226472658776,0.933795603760061,0.8567185332407714,0.056332264726587755,0.5633226472658776
lam5_n0.9,5.0,0.9,0.8049999999999999,0.2080873617277217,0.5535816538028532,0.9402431906563279,0.8561614782214773,0.05535816538028532,0.5535816538028532
lam5_n0.9,5.0,0.9,0.81,0.20337001726296555,0.5436514349769166,0.9466953559526151,0.8556078731208469,0.05436514349769166,0.5436514349769166
lam5_n0.9,5.0,0.9,0.815,0.1986204005826369,0.5335295089196399,0.9531520723681185,0.8550576803291442,0.05335295089196399,0.5335295089196399
lam5_n0.9,5.0,0.9,0.8200000000000001,0.19383848899861833,0.523213376704896,0.9596133129683652,0.8545108627802378,0.052321337670489604,0.523213376704896
lam5_n0.9,5.0,0.9,0.825,0.18902425995661376,0.512700522337315,0.9660790511586321,0.8539673839429247,0.0512700522337315,0.512700522337315
lam5_n0.9,5.0,0.9,0.8300000000000001,0.18417769103446324,0.5019884127408015,0.9725492606775314,0.8534272078123594,0.050198841274080155,0.5019884127408015
lam5_n0.9,5.0,0.9,0.835,0.17929875994049532,0.49107449774712075,0.9790239155907476,0.8528902989015923,0.04910744977471208,0.49107449774712075
lam5_n0.9,5.0,0.9,0.8400000000000001,0.17438744451190347,0.4799562100845422,0.9855029902849292,0.8523566222332201,0.047995621008454226,0.4799562100845422
lam5_n0.9,5.0,0.9,0.845,0.1694437227131591,0.46863096536654986,0.9919864594617267,0.8518261433311451,0.04686309653665499,0.46863096536654986
lam5_n0.9,5.0,0.9,0.8500000000000001,0.1644675726344496,0.45709616208061044,0.9984742981319751,0.8512988282124513,0.04570961620806105,0.45709616208061044
lam5_n0.9,5.0,0.9,0.855,0.1594589724901474,0.4453491815770076,1.0049664816100128,0.8507746433793909,0.04453491815770076,0.4453491815770076
lam5_n0.9,5.0,0.9,0.8600000000000001,0.1544179006173052,0.433387388057728,1.0114629855081405,0.8502535558114882,0.0433387388057728,0.433387388057728
lam5_n0.9,5.0,0.9,0.865,0.1493443354741823,0.4212081285654168,1.0179637857312043,0.8497355329577562,0.04212081285654168,0.4212081285654168
lam5_n0.9,5.0,0.9,0.8700000000000001,0.1442382556387914,0.40880873297238146,1.024468858471316,0.8492205427290294,0.04088087329723815,0.40880873297238146
lam5_n0.9,5.0,0.9,0.875,0.13909963980747853,0.39618651396966303,1.0309781802026876,0.8487085534904116,0.039618651396966305,0.39618651396966303
lam5_n0.9,5.0,0.9,0.8800000000000001,0.1339284667935231,0.3833387670561572,1.0374917276765951,0.8481995340538389,0.03833387670561572,0.3833387670561572
lam5_n0.9,5.0,0.9,0.885,0.1287247155257673,0.3702627705277986,1.0440094779164515,0.8476934536707563,0.03702627705277986,0.3702627705277986
lam5_n0.9,5.0,0.9,0.8900000000000001,0.1234883650472639,0.3569557854667932,1.0505314082130024,0.8471902820249108,0.03569557854667932,0.3569557854667932
lam5_n0.9,5.0,0.9,0.895,0.11821939451395497,0.343415055730916,1.057057496119624,0.8466899892252556,0.0343415055730916,0.343415055730916
lam5_n0.9,5.0,0.9,0.9000000000000001,0.11291778319336791,0.32963780794285247,1.0635877194477354,0.8461925457989702,0.03296378079428525,0.32963780794285247
lam5_n0.9,5.0,0.9,0.905,0.10758351046333775,0.31562125147960696,1.0701220562623124,0.8456979226845905,0.031562125147960696,0.31562125147960696
lam5_n0.9,5.0,0.9,0.9100000000000001,0.10221655581074955,0.3013625784619487,1.0766604848775037,0.8452060912252528,0.03013625784619487,0.3013625784619487
lam5_n0.9,5.0,0.9,0.915,0.09681689883030409,0.28685896374393033,1.0832029838523463,0.8447170231620462,0.028685896374393033,0.28685896374393033
lam5_n0.9,5.0,0.9,0.9199999999999999,0.09138451922330305,0.27210756490243726,1.0897495319865793,0.8442306906274771,0.027210756490243727,0.27210756490243726
lam5_n0.9,5.0,0.9,0.925,0.08591939679645588,0.2571055222268075,1.0963001083165482,0.8437470661390406,0.02571055222268075,0.2571055222268075
lam5_n0.9,5.0,0.9,0.9299999999999999,0.08042151146070838,0.2418499587084933,1.1028546921112024,0.8432661225928998,0.02418499587084933,0.2418499587084933
lam5_n0.9,5.0,0.9,0.935,0.07489084323008682,0.22633798003077327,1.1094132628681819,0.8427878332576728,0.022633798003077327,0.22633798003077327
lam5_n0.9,5.0,0.9,0.94,0.06932737222056674,0.21056667455851907,1.1159758003099893,0.8423121717683233,0.02105666745585191,0.21056667455851907
lam5_n0.9,5.0,0.9,0.9450000000000001,0.06373107864895544,0.19453311332800816,1.1225422843802484,0.841839112120156,0.019453311332800816,0.19453311332800816
lam5_n0.9,5.0,0.9,0.95,0.058101942831799494,0.1782343500367887,1.1291126952400385,0.8413686286629156,0.017823435003678872,0.1782343500367887
lam5_n0.9,5.0,0.9,0.9550000000000001,0.052439945184300285,0.16166742103358736,1.1356870132643195,0.8409006960949844,0.016166742103358736,0.16166742103358736
lam5_n0.9,5.0,0.9,0.96,0.046745066219259904,0.1448293453082759,1.1422652190384206,0.840435289457684,0.014482934530827591,0.1448293453082759
lam5_n0.9,5.0,0.9,0.9650000000000001,0.04101728654603398,0.12771712448187103,1.1488472933546188,0.8399723841296722,0.012771712448187103,0.12771712448187103
lam5_n0.9,5.0,0.9,0.97,0.035256586869507736,0.11032774279659718,1.1554332172087787,0.8395119558214396,0.01103277427965972,0.11032774279659718
lam5_n0.9,5.0,0.9,0.9750000000000001,0.029462947989081334,0.09265816710597924,1.1620229717970731,0.839053980569901,0.009265816710597924,0.09265816710597924
lam5_n0.9,5.0,0.9,0.98,0.02363635079768402,0.07470534686499981,1.1686165385127687,0.8385984347330817,0.007470534686499982,0.07470534686499981
lam5_n0.9,5.0,0.9,0.9850000000000001,0.017776776280790774,0.05646621412028374,1.175213898943081,0.8381452949848975,0.005646621412028374,0.05646621412028374
lam5_n0.9,5.0,0.9,0.99,0.011884205515461786,0.03793768350034296,1.1818150348660945,0.8376945383100256,0.003793768350034296,0.03793768350034296
lam5_n0.9,5.0,0.9,0.9950000000000001,0.005958619669395461,0.019116652205856396,1.1884199282477519,0.8372461419988667,0.0019116652205856397,0.019116652205856396
lam5_n0.9,5.0,0.9,1.0,0.0,0.0,1.1950285612388971,0.8368000836425958,0.0,0.0
lam2_n0.3,2.0,0.3,-1.0,0.0,0.0,4.528941524121995,0.2208021443142535,0.0,0.0
lam2_n0.3,2.0,0.3,-0.995,0.022478607955352503,0.04711353259942486,4.46260722516753,0.22296383028928718,0.004711353259942486,0.04711353259942486
lam2_n0.3,2.0,0.3,-0.99,0.04462712746136192,0.0931169647690085,4.3969060196241845,0.22515832623700652,0.009311696476900852,0.0931169647690085
lam2_n0.3,2.0,0.3,-0.985,0.06644872209478363,0.13803213602963424,4.331837147624405,0.22738620276622756,0.013803213602963424,0.13803213602963424
lam2_n0.3,2.0,0.3,-0.98,0.08794655157666001,0.18188056593717764,4.267399826718764,0.22964803857001823,0.018188056593717764,0.18188056593717764
lam2_n0.3,2.0,0.3,-0.975,0.10912377165890644,0.22468345664545264,4.203593251669905,0.23194442031532775,0.022468345664545267,0.22468345664545264
lam2_n0.3,2.0,0.3,-0.97,0.12998353400982568,0.2664616954708036,4.140416594230706,0.23427594251061756,0.026646169547080364,0.2664616954708036
lam2_n0.3,2.0,0.3,-0.965,0.150528986098464,0.30723585745823156,4.077869002905047,0.2366432073498536,0.030723585745823158,0.30723585745823156
lam2_n0.3,2.0,0.3,-0.96,0.17076327107773026,0.34702620794901307,4.015949602689512,0.2390468245311347,0.03470262079490131,0.34702620794901307
lam2_n0.3,2.0,0.3,-0.955,0.19068952766617175,0.3858527051496899,3.9546574947942266,0.24148741104814478,0.03858527051496899,0.3858527051496899
lam2_n0.3,2.0,0.3,-0.95,0.2103108900282964,0.42373500270236203,3.893991756340937,0.24396559095253073,0.0423735002702362,0.42373500270236203
lam2_n0.3,2.0,0.3,-0.945,0.22963048765332325,0.46069245225621475,3.8339514400362873,0.24648199508522092,0.046069245225621475,0.46069245225621475
lam2_n0.3,2.0,0.3,-0.94,0.24865144523223856,0.49674410604019165,3.7745355738181723,0.2490372607746104,0.04967441060401917,0.49674410604019165
lam2_n0.3,2.0,0.3,-0.935,0.2673768825330014,0.5319087194367653,3.715743160472903,0.25163203149945446,0.05319087194367653,0.5319087194367653
lam2_n0.3,2.0,0.3,-0.9299999999999999,0.28580991427377017,0.5662047535567124,3.657573177220777,0.25426695651422737,0.056620475355671246,0.5662047535567124
lam2_n0.3,2.0,0.3,-0.925,0.3039536499939606,0.5996503778148498,3.600024575267589,0.25694269043461876,0.05996503778148498,0.5996503778148498
lam2_n0.3,2.0,0.3,-0.92,0.3218111939229804,0.6322634725066884,3.543096279319385,0.2596598927807653,0.06322634725066884,0.6322634725066884
lam2_n0.3,2.0,0.3,-0.915,0.33938564484643174,0.6640616313859153,3.4867871870577614,0.2624192274757382,0.06640616313859153,0.6640616313859153
lam2_n0.3,2.0,0.3,-0.91,0.3566800959695924,0.6950621642427003,3.4310961685727817,0.26522136229674054,0.06950621642427003,0.6950621642427003
lam2_n0.3,2.0,0.3,-0.905,0.37369763477794427,0.7252820994827591,3.376022065750549,0.2680669682764063,0.07252820994827591,0.7252820994827591
lam2_n0.3,2.0,0.3,-0.9,0.3904413428945247,0.7547381867071508,3.321563691612277,0.27095671905154484,0.07547381867071508,0.7547381867071508
lam2_n0.3,2.0,0.3,-0.895,0.40691429593384065,0.7834468992927803,3.267719829601689,0.273891290156627,0.07834468992927804,0.7834468992927803
lam2_n0.3,2.0,0.3,-0.89,0.4231195633520888,0.8114244369735858,3.214489232817371,0.2768713582592873,0.08114244369735858,0.8114244369735858
lam2_n0.3,2.0,0.3,-0.885,0.43906020829338366,0.8386867284223911,3.161870623186699,0.27989760033509864,0.08386867284223912,0.8386867284223911
lam2_n0.3,2.0,0.3,-0.88,0.4547392874317153,0.8652494338334266,3.1098626905778572,0.28297069277887743,0.08652494338334266,0.8652494338334266
lam2_n0.3,2.0,0.3,-0.875,0.47015985080829237,0.8911279475055088,3.058464091846381,0.2860913104498037,0.0891127947505509,0.8911279475055088
lam2_n0.3,2.0,0.3,-0.87,0.4853249416639558,0.9163374004258946,3.007673449812628,0.28926012564768266,0.09163374004258946,0.9163374004258946
lam2_n0.3,2.0,0.3,-0.865,0.5002375962662929,0.940892662854821,2.9574893521666183,0.2924778070177369,0.0940892662854821,0.940892662854821
lam2_n0.3,2.0,0.3,-0.86,0.5149008437310918,0.9648083469107596,2.907910350296576,0.2957450183814261,0.09648083469107596,0.9648083469107596
lam2_n0.3,2.0,0.3,-0.855,0.5293177058377379,0.9880988091564096,2.8589349580376417,0.29906241749090634,0.09880988091564097,0.9880988091564096
lam2_n0.3,2.0,0.3,-0.85,0.5434911968381448,1.0107781531854816,2.810561650337248,0.30243065470490776,0.10107781531854816,1.0107781531854816
lam2_n0.3,2.0,0.3,-0.845,0.5574243232588038,1.032860232210311,2.762788861833761,0.3058503715840028,0.10328602322103111,1.032860232210311
lam2_n0.3,2.0,0.3,-0.84,0.5711200836954947,1.0543586516503625,2.7156149853451264,0.30932219940347866,0.10543586516503625,1.0543586516503625
lam2_n0.3,2.0,0.3,-0.835,0.5845814686002133,1.0752867717216923,2.669038370264489,0.3128467575823031,0.10752867717216924,1.0752867717216923
lam2_n0.3,2.0,0.3,-0.83,0.5978114600598367,1.0956577100274392,2.6230573208599517,0.31642465202700565,0.10956577100274392,1.0956577100274392
lam2_n0.3,2.0,0.3,-0.825,0.6108130315660437,1.115484344149428,2.577670094475984,0.32005647338966964,0.1115484344149428,1.115484344149428
lam2_n0.3,2.0,0.3,-0.8200000000000001,0.6235891477759914,1.1347793142409655,2.532874899634328,0.3237427952396637,0.11347793142409655,1.1347793142409655
lam2_n0.3,2.0,0.3,-0.815,0.6361427642632415,1.153555025620948,2.4886698940326912,0.32748417214922687,0.1153555025620948,1.153555025620948
lam2_n0.3,2.0,0.3,-0.81,0.6484768272584196,1.1718236513693492,2.4450531824400223,0.33128113769356404,0.11718236513693492,1.1718236513693492
lam2_n0.3,2.0,0.3,-0.8049999999999999,0.660594273379095,1.189597134924229,2.402022814487719,0.33513420236671765,0.1189597134924229,1.189597134924229
lam2_n0.3,2.0,0.3,-0.8,0.6724980293483525,1.2068871926803537,2.3595767823568283,0.3390438514151389,0.12068871926803537,1.2068871926803537
lam2_n0.3,2.0,0.3,-0.7949999999999999,0.6841910117015446,1.2237053165895628,2.3177130183619616,0.34301054259162095,0.12237053165895628,1.2237053165895628
lam2_n0.3,2.0,0.3,-0.79,0.6956761264807051,1.2400627767629855,2.2764293924335828,0.34703470383303314,0.12400627767629856,1.2400627767629855
lam2_n0.3,2.0,0.3,-0.785,0.7069562689161296,1.2559706240752524,2.235723709501138,0.35111673086615824,0.12559706240752525,1.2559706240752524
lam2_n0.3,2.0,0.3,-0.78,0.7180343230946263,1.271439692770799,2.1955937067805977,0.3552569847468342,0.1271439692770799,1.271439692770799
lam2_n0.3,2.0,0.3,-0.775,0.7289131616139762,1.2864806030724076,2.1560370509710234,0.35945578933857375,0.12864806030724077,1.2864806030724076
lam2_n0.3,2.0,0.3,-0.77,0.7395956452231641,1.301103763792098,2.1170513353659883,0.3637134287378464,0.1301103763792098,1.301103763792098
lam2_n0.3,2.0,0.3,-0.765,0.7500846224479613,1.3153193749444736,2.0786340768869773,0.36803014465426553,0.13153193749444736,1.3153193749444736
lam2_n0.3,2.0,0.3,-0.76,0.7603829292015059,1.3291374303626462,2.040782713047184,0.3724061337550287,0.13291374303626463,1.3291374303626462
lam2_n0.3,2.0,0.3,-0.755,0.7704933883795415,1.3425677203168314,2.0034945988556587,0.37684154498406697,0.13425677203168315,1.3425677203168314
lam2_n0.3,2.0,0.3,-0.75,0.7804188094400547,1.3556198341356973,1.9667670036731537,0.3813364768675153,0.13556198341356973,1.3556198341356973
lam2_n0.3,2.0,0.3,-0.745,0.7901619879670967,1.3683031628305575,1.9305971080326412,0.3858909748182447,0.13683031628305575,1.3683031628305575
lam2_n0.3,2.0,0.3,-0.74,0.7997257052186485,1.3806269017224393,1.894982000439039,0.39050502845333257,0.13806269017224393,1.3806269017224393
lam2_n0.3,2.0,0.3,-0.735,0.8091127276584678,1.3926000530720881,1.859918674164288,0.39517856893944864,0.1392600053072088,1.3926000530720881
lam2_n0.3,2.0,0.3,-0.73,0.8183258064719345,1.4042314287129076,1.8254040240555716,0.3999114663821823,0.14042314287129076,1.4042314287129076
lam2_n0.3,2.0,0.3,-0.725,0.8273676770660109,1.4155296526868264,1.791434843376021,0.4047035272763325,0.14155296526868263,1.4155296526868264
lam2_n0.3,2.0,0.3,-0.72,0.83624105855353,1.4265031638830472,1.75800782069885,0.40955449203507116,0.14265031638830472,1.4265031638830472
lam2_n0.3,2.0,0.3,-0.715,0.8449486532221346,1.4371602186796066,1.7251195368773187,0.41446403261668413,0.14371602186796067,1.4371602186796066
lam2_n0.3,2.0,0.3,-0.71,0.8534931459883048,1.4475088935876261,1.6927664621143057,0.419431750268252,0.14475088935876262,1.4475088935876261
lam2_n0.3,2.0,0.3,-0.7050000000000001,0.8618772038370344,1.4575570878981052,1.6609449531565468,0.4244571734061271,0.14575570878981053,1.4575570878981052
lam2_n0.3,2.0,0.3,-0.7,0.8701034752478445,1.4673125263310596,1.6296512506396457,0.42953975565339314,0.14673125263310596,1.4673125263310596
lam2_n0.3,2.0,0.3,-0.6950000000000001,0.8781745896079537,1.476782761686755,1.5988814766109147,0.4346788740546071,0.14767827616867552,1.476782761686755
lam2_n0.3,2.0,0.3,-0.69,0.8860931566135688,1.48597517749875,1.5686316322576903,0.43987382748803877,0.148597517749875,1.48597517749875
lam2_n0.3,2.0,0.3,-0.685,0.8938617656603829,1.4948969906883847,1.5388975958692586,0.4451238352952734,0.14948969906883847,1.4948969906883847
lam2_n0.3,2.0,0.3,-0.6799999999999999,0.9014829852245343,1.503555254220325,1.5096751210605714,0.4504280361474652,0.1503555254220325,1.503555254220325
lam2_n0.3,2.0,0.3,-0.675,0.9089593622353862,1.5119568597586812,1.48095983528578,0.4557854871666696,0.15119568597586813,1.5119568597586812
lam2_n0.3,2.0,0.3,-0.6699999999999999,0.9162934214416674,1.5201085403231844,1.452747238669026,0.461195163319559,0.15201085403231845,1.5201085403231844
lam2_n0.3,2.0,0.3,-0.665,0.9234876647726065,1.528016872944817,1.4250327031790762,0.46665595709941615,0.1528016872944817,1.528016872944817
lam2_n0.3,2.0,0.3,-0.6599999999999999,0.9305445706958574,1.5356882813202477,1.3978114721730417,0.4721666785106306,0.15356882813202477,1.5356882813202477
lam2_n0.3,2.0,0.3,-0.655,0.9374665935741129,1.543129038464341,1.3710786603328287,0.4777260553679678,0.15431290384643412,1.543129038464341
lam2_n0.3,2.0,0.3,-0.6499999999999999,0.9442561630224292,1.550345269359948,1.3448292540158377,0.4833327339206922,0.15503452693599482,1.550345269359948
lam2_n0.3,2.0,0.3,-0.645,0.9509156832683796,1.5573429536041183,1.3190581120390807,0.48898527980918105,0.15573429536041183,1.5573429536041183
lam2_n0.3,2.0,0.3,-0.64,0.9574475325172458,1.5641279280498015,1.2937599669130093,0.49468217935903464,0.15641279280498016,1.5641279280498015
lam2_n0.3,2.0,0.3,-0.635,0.9638540623245333,1.5707058894420518,1.268929426538279,0.5004218412148584,0.1570705889442052,1.5707058894420518
lam2_n0.3,2.0,0.3,-0.63,0.9701375969781465,1.5770823970476644,1.2445609763751797,0.5062025983129356,0.15770823970476644,1.5770823970476644
lam2_n0.3,2.0,0.3,-0.625,0.9763004328926065,1.58326287527714,1.2206489820917539,0.5120227101889476,0.15832628752771402,1.58326287527714
lam2_n0.3,2.0,0.3,-0.62,0.9823448380177133,1.58925261629778,1.197187692692691,0.5178803656137729,0.15892526162977802,1.58925261629778
lam2_n0.3,2.0,0.3,-0.615,0.9882730512640487,1.5950567826366964,1.1741712441269259,0.5237736855472842,0.15950567826366965,1.5950567826366964
lam2_n0.3,2.0,0.3,-0.61,0.9940872819477031,1.6006804097724405,1.1515936633676822,0.5297007263969622,0.16006804097724406,1.6006804097724405
lam2_n0.3,2.0,0.3,-0.605,0.9997897092565615,1.6061284087139294,1.1294488729543612,0.5356594835651731,0.16061284087139294,1.6061284087139294
lam2_n0.3,2.0,0.3,-0.6,1.0053824817404242,1.6114055685652993,1.1077306959814437,0.541647895266099,0.16114055685652995,1.6114055685652993
lam2_n0.3,2.0,0.3,-0.595,1.0108677168271514,1.6165165590752852,1.0864328615153505,0.5476638465906649,0.16165165590752853,1.6165165590752852
lam2_n0.3,2.0,0.3,-0.59,1.0162475003669125,1.6214659331697039,1.0655490104161949,0.5537051737953852,0.1621465933169704,1.6214659331697039
lam2_n0.3,2.0,0.3,-0.585,1.0215238862065033,1.626258129465588,1.0450727015375105,0.5597696687889255,0.1626258129465588,1.626258129465588
lam2_n0.3,2.0,0.3,-0.5800000000000001,1.026698895795543,1.6308974747655207,1.024997418273515,0.5658550837883478,0.16308974747655208,1.6308974747655207
lam2_n0.3,2.0,0.3,-0.575,1.0317745178262083,1.6353881865307052,1.0053165754202564,0.571959136115537,0.16353881865307052,1.6353881865307052
lam2_n0.3,2.0,0.3,-0.5700000000000001,1.0367527079079792,1.639734375331312,0.9860235263141833,0.5780795131031966,0.1639734375331312,1.639734375331312
lam2_n0.3,2.0,0.3,-0.565,1.0416353882786944,1.6439400472726633,0.967111570209271,0.584213877079085,0.16439400472726634,1.6439400472726633
lam2_n0.3,2.0,0.3,-0.56,1.0464244475530013,1.6480091063958213,0.9485739598519652,0.5903598703968153,0.16480091063958213,1.6480091063958213
lam2_n0.3,2.0,0.3,-0.5549999999999999,1.0511217405090911,1.6519453570511897,0.9304039092117301,0.596515120481614,0.165194535705119,1.6519453570511897
lam2_n0.3,2.0,0.3,-0.55,1.0557290879143808,1.6557525062437621,0.9125946013241187,0.6026772448598576,0.16557525062437622,1.6557525062437621
lam2_n0.3,2.0,0.3,-0.5449999999999999,1.060248276390606,1.6594341659486977,0.895139196202843,0.608843856142012,0.16594341659486977,1.6594341659486977
lam2_n0.3,2.0,0.3,-0.54,1.0646810583185538,1.662993855395952,0.8780308387774594,0.6150125669297424,0.16629938553959522,1.662993855395952
lam2_n0.3,2.0,0.3,-0.5349999999999999,1.0690291517824595,1.6664350033227522,0.8612626668138417,0.6211809946194242,0.16664350033227524,1.6664350033227522
lam2_n0.3,2.0,0.3,-0.53,1.0732942405538741,1.6697609501927575,0.8448278187757325,0.6273467660760038,0.16697609501927577,1.6697609501927575
lam2_n0.3,2.0,0.3,-0.5249999999999999,1.0774779741146103,1.6729749503808264,0.8287194415871014,0.6335075221531659,0.16729749503808267,1.6729749503808264
lam2_n0.3,2.0,0.3,-0.52,1.08158196771817,1.6760801743223661,0.8129306982570021,0.6396609220379149,0.16760801743223663,1.6760801743223661
lam2_n0.3,2.0,0.3,-0.515,1.0856078024888773,1.6790797106263378,0.7974547753308227,0.64580464740004,0.16790797106263378,1.6790797106263378
lam2_n0.3,2.0,0.3,-0.51,1.0895570255577636,1.6819765681510503,0.7822848901344166,0.6519364063293731,0.16819765681510504,1.6819765681510503
lam2_n0.3,2.0,0.3,-0.505,1.093431150234091,1.6847736780419698,0.7674142977803954,0.6580539370462859,0.16847736780419698,1.6847736780419698
lam2_n0.3,2.0,0.3,-0.5,1.0972316562112538,1.6874738957308528,0.7528362979088786,0.664155011373427,0.1687473895730853,1.6874738957308528
lam2_n0.3,2.0,0.3,-0.495,1.1009599898056681,1.6900800028955962,0.73854424113816,0.6702374379592516,0.16900800028955965,1.6900800028955962
lam2_n0.3,2.0,0.3,-0.49,1.1046175642271445,1.6925947093802838,0.7245315352039887,0.6762990652464046,0.1692594709380284,1.6925947093802838
lam2_n0.3,2.0,0.3,-0.485,1.108205759879141,1.6950206550749964,0.71079165076947,0.6823377841804438,0.16950206550749966,1.6950206550749964
lam2_n0.3,2.0,0.3,-0.48,1.1117259246872104,1.6973604117550374,0.6973181268908667,0.6883515306567128,0.16973604117550375,1.6973604117550374
lam2_n0.3,2.0,0.3,-0.475,1.115179374453891,1.699616484879312,0.6841045761278232,0.6943382877053691,0.16996164848793122,1.699616484879312
lam2_n0.3,2.0,0.3,-0.47,1.1185673932382434,1.7017913153476805,0.6711446892896893,0.7002960874166014,0.17017913153476805,1.7017913153476805
lam2_n0.3,2.0,0.3,-0.46499999999999997,1.1218912337581948,1.7038872812171832,0.6584322398126369,0.7062230126099539,0.17038872812171835,1.7038872812171832
lam2_n0.3,2.0,0.3,-0.45999999999999996,1.125152117813844,1.7059066993771255,0.6459610877651359,0.7121171982533578,0.17059066993771255,1.7059066993771255
lam2_n0.3,2.0,0.3,-0.45499999999999996,1.1283512367298596,1.7078518271830698,0.6337251834820514,0.7179768326389805,0.170785182718307,1.7078518271830698
lam2_n0.3,2.0,0.3,-0.44999999999999996,1.1314897518151315,1.7097248640498661,0.6217185708301118,0.7238001583243121,0.17097248640498663,1.7097248640498661
lam2_n0.3,2.0,0.3,-0.44499999999999995,1.1345687948378325,1.7115279530039194,0.6099353901097805,0.7295854728480433,0.17115279530039196,1.7115279530039194
lam2_n0.3,2.0,0.3,-0.43999999999999995,1.1375894685140981,1.7132631821949498,0.5983698806006233,0.7353311292312088,0.17132631821949498,1.7132631821949498
lam2_n0.3,2.0,0.3,-0.43499999999999994,1.1405528470085597,1.714932586367575,0.58701638275909,0.7410355362748418,0.17149325863675752,1.714932586367575
lam2_n0.3,2.0,0.3,-0.42999999999999994,1.1434599764450188,1.7165381482930886,0.5758693400792341,0.7466971586659503,0.17165381482930886,1.7165381482930886
lam2_n0.3,2.0,0.3,-0.42499999999999993,1.1463118754256052,1.718081800161866,0.5649233006282678,0.7523145169040558,0.1718081800161866,1.718081800161866
lam2_n0.3,2.0,0.3,-0.42000000000000004,1.1491095355568306,1.7195654249368866,0.5541729182700008,0.7578861870607869,0.17195654249368866,1.7195654249368866
lam2_n0.3,2.0,0.3,-0.41500000000000004,1.151853921981005,1.7209908576688844,0.5436129535901577,0.7634108003851543,0.17209908576688845,1.7209908576688844
lam2_n0.3,2.0,0.3,-0.41000000000000003,1.1545459739115662,1.722359886773702,0.5332382745383032,0.7688870427671246,0.17223598867737022,1.722359886773702
lam2_n0.3,2.0,0.3,-0.405,1.157186605170942,1.7236742552724462,0.5230438568016568,0.7743136540719947,0.17236742552724463,1.7236742552724462
lam2_n0.3,2.0,0.3,-0.4,1.1597767047296441,1.7249356619950749,0.5130247839264481,0.7796894273578557,0.1724935661995075,1.7249356619950749
lam2_n0.3,2.0,0.3,-0.395,1.1623171372453691,1.7261457627480792,0.5031762472026748,0.7850132079881298,0.17261457627480792,1.7261457627480792
lam2_n0.3,2.0,0.3,-0.39,1.1648087436009682,1.7273061714469469,0.49349354532819223,0.7902838926507842,0.1727306171446947,1.7273061714469469
lam2_n0.3,2.0,0.3,-0.385,1.1672523414402147,1.7284184612141085,0.48397208386798735,0.7955004282953976,0.17284184612141085,1.7284184612141085
lam2_n0.3,2.0,0.3,-0.38,1.1696487257003918,1.7294841654430955,0.4746073745243094,0.8006618109987593,0.17294841654430956,1.7294841654430955
lam2_n0.3,2.0,0.3,-0.375,1.1719986691407884,1.7305047788296415,0.46539503423303913,0.8057670847691614,0.17305047788296415,1.7305047788296415
lam2_n0.3,2.0,0.3,-0.37,1.1743029228662751,1.7314817583704785,0.4563307841013004,0.8108153402989882,0.17314817583704786,1.7314817583704785
lam2_n0.3,2.0,0.3,-0.365,1.1765622168452003,1.7324165243305814,0.44741044820086956,0.8158057136746378,0.17324165243305814,1.7324165243305814
lam2_n0.3,2.0,0.3,-0.36,1.1787772604209235,1.7333104611796235,0.43862995223142426,0.8207373850522215,0.17333104611796235,1.7333104611796235
lam2_n0.3,2.0,0.3,-0.355,1.1809487428163667,1.7341649184984063,0.4299853220671096,0.8256095773069054,0.17341649184984065,1.7341649184984063
lam2_n0.3,2.0,0.3,-0.35,1.1830773336310343,1.7349812118560242,0.4214726821993013,0.83042155466317,0.17349812118560243,1.7349812118560242
lam2_n0.3,2.0,0.3,-0.345,1.1851636833300137,1.7357606236585346,0.413088254087814,0.8351726213126845,0.17357606236585346,1.7357606236585346
lam2_n0.3,2.0,0.3,-0.33999999999999997,1.1872084237245253,1.7365044039698811,0.40482835443215365,0.8398621200259369,0.17365044039698813,1.7365044039698811
lam2_n0.3,2.0,0.3,-0.33499999999999996,1.1892121684436543,1.737213771305831,0.39668939337375353,0.8444894307631993,0.1737213771305831,1.737213771305831
lam2_n0.3,2.0,0.3,-0.32999999999999996,1.1911755133969413,1.7378899134016699,0.3886678726394686,0.8490539692898943,0.173788991340167,1.7378899134016699
lam2_n0.3,2.0,0.3,-0.32499999999999996,1.1930990372275625,1.738533987954387,0.3807603836359388,0.853555185800911,0.1738533987954387,1.738533987954387
lam2_n0.3,2.0,0.3,-0.31999999999999995,1.1949833017558817,1.7391471233400881,0.3729636055037777,0.8579925635579438,0.17391471233400882,1.7391471233400881
lam2_n0.3,2.0,0.3,-0.31499999999999995,1.1968288524131847,1.739730419307339,0.3652743031399014,0.862365617543465,0.17397304193073393,1.739730419307339
lam2_n0.3,2.0,0.3,-0.30999999999999994,1.1986362186654667,1.7402849476471545,0.35768932519568114,0.8666738931345188,0.17402849476471546,1.7402849476471545
lam2_n0.3,2.0,0.3,-0.30499999999999994,1.2004059144271626,1.740811752840317,0.35020560205800005,0.8709169647991145,0.17408117528403172,1.740811752840317
lam2_n0.3,2.0,0.3,-0.29999999999999993,1.202138438464753,1.74131185268271,0.34282014381970516,0.8750944348176195,0.174131185268271,1.74131185268271
lam2_n0.3,2.0,0.3,-0.29500000000000004,1.2038342747902107,1.7417862388893166,0.33553003824538347,0.8792059320312103,0.17417862388893168,1.7417862388893166
lam2_n0.3,2.0,0.3,-0.29000000000000004,1.2054938930442725,1.7422358776775446,0.32833244873785417,0.8832511106191049,0.17422358776775448,1.7422358776775446
lam2_n0.3,2.0,0.3,-0.28500000000000003,1.2071177488695586,1.7426617103305042,0.32122461231025845,0.8872296489060107,0.17426617103305042,1.7426617103305042
lam2_n0.3,2.0,0.3,-0.28,1.2087062842735738,1.7430646537408558,0.3142038375681418,0.8911412482009424,0.1743064653740856,1.7430646537408558
lam2_n0.3,2.0,0.3,-0.275,1.210259927981654,1.7434456009358308,0.30726750270546765,0.8949856316683195,0.1743445600935831,1.7434456009358308
lam2_n0.3,2.0,0.3,-0.27,1.211779095779932,1.743805421584008,0.3004130535180729,0.8987625432320197,0.17438054215840082,1.743805421584008
lam2_n0.3,2.0,0.3,-0.265,1.2132641908484247,1.7441449624844199,0.29363800143766805,0.902471746512867,0.174414496248442,1.7441449624844199
lam2_n0.3,2.0,0.3,-0.26,1.2147156040843448,1.744465048038536,0.2869399215891123,0.9061130237998416,0.1744465048038536,1.744465048038536
lam2_n0.3,2.0,0.3,-0.255,1.2161337144157616,1.7447664807056609,0.28031645087334045,0.909686175055136,0.1744766480705661,1.7447664807056609
lam2_n0.3,2.0,0.3,-0.25,1.217518889105748,1.745050041442271,0.2737652860779919,0.9131910169530351,0.1745050041442271,1.745050041442271
lam2_n0.3,2.0,0.3,-0.245,1.2188714840471497,1.74531649012579,0.26728418201749216,0.9166273819524651,0.174531649012579,1.74531649012579
lam2_n0.3,2.0,0.3,-0.24,1.2201918440481356,1.7455665659632924,0.2608709497040559,0.9199951174029423,0.17455665659632924,1.7455665659632924
lam2_n0.3,2.0,0.3,-0.235,1.2214803031086785,1.7458009878856102,0.2545234545508253,0.9232940846835522,0.17458009878856104,1.7458009878856102
lam2_n0.3,2.0,0.3,-0.22999999999999998,1.2227371846881383,1.7460204549272933,0.24823961460812083,0.9265241583745024,0.17460204549272934,1.7460204549272933
lam2_n0.3,2.0,0.3,-0.22499999999999998,1.2239628019641087,1.7462256465928738,0.24201739883356604,0.9296852254607164,0.17462256465928738,1.7462256465928738
lam2_n0.3,2.0,0.3,-0.21999999999999997,1.2251574580826992,1.7464172232098525,0.2358548253966509,0.9327771845668753,0.17464172232098527,1.7464172232098525
lam2_n0.3,2.0,0.3,-0.21499999999999997,1.2263214464004304,1.7465958262688224,0.2297499600181179,0.9357999452232559,0.17465958262688225,1.7465958262688224
lam2_n0.3,2.0,0.3,-0.20999999999999996,1.2274550507179107,1.746762078751129,0.22370091434439354,0.938753427161676,0.17467620787511293,1.746762078751129
lam2_n0.3,2.0,0.3,-0.20499999999999996,1.2285585455054737,1.7469165854444426,0.2177058443571392,0.9416375596408165,0.17469165854444427,1.7469165854444426
lam2_n0.3,2.0,0.3,-0.19999999999999996,1.2296321961209518,1.7470599332466192,0.21176294881786314,0.9444522808001674,0.17470599332466194,1.7470599332466192
lam2_n0.3,2.0,0.3,-0.19499999999999995,1.230676259019759,1.7471926914581988,0.20587046774741646,0.9471975370418182,0.1747192691458199,1.7471926914581988
lam2_n0.3,2.0,0.3,-0.18999999999999995,1.2316909819574604,1.7473154120638865,0.20002668094008685,0.9498732824393054,0.17473154120638867,1.7473154120638865
lam2_n0.3,2.0,0.3,-0.18499999999999994,1.2326766041849933,1.7474286300033426,0.1942299065119109,0.9524794781727141,0.17474286300033426,1.7474286300033426
lam2_n0.3,2.0,0.3,-0.17999999999999994,1.233633356636719,1.7475328634315983,0.188478499482739,0.9550160919892322,0.17475328634315984,1.7475328634315983
lam2_n0.3,2.0,0.3,-0.17499999999999993,1.234561462111466,1.747628613969402,0.18277085039151275,0.9574830976883518,0.1747628613969402,1.747628613969402
lam2_n0.3,2.0,0.3,-0.16999999999999993,1.2354611354467313,1.747716366943781,0.1771053839441483,0.9598804746309174,0.17477163669437812,1.747716366943781
lam2_n0.3,2.0,0.3,-0.16500000000000004,1.2363325836862022,1.7477965916191096,0.17148055769336099,0.9622082072712325,0.17477965916191096,1.7477965916191096
lam2_n0.3,2.0,0.3,-0.16000000000000003,1.2371760062407549,1.7478697414189395,0.16589486074971618,0.9644662847114375,0.17478697414189395,1.7478697414189395
lam2_n0.3,2.0,0.3,-0.15500000000000003,1.237991595043084,1.7479362541388568,0.16034681252314875,0.9666547002773951,0.17479362541388568,1.7479362541388568
lam2_n0.3,2.0,0.3,-0.15000000000000002,1.2387795346961172,1.7479965521506102,0.15483496149415374,0.9687734511153266,0.17479965521506102,1.7479965521506102
lam2_n0.3,2.0,0.3,-0.14500000000000002,1.239540002615355,1.7480510425977427,0.1493578840138211,0.970822537808464,0.17480510425977427,1.7480510425977427
lam2_n0.3,2.0,0.3,-0.14,1.2402731691652815,1.7481001175829585,0.14391418313186002,0.9728019640130001,0.17481001175829586,1.7481001175829585
lam2_n0.3,2.0,0.3,-0.135,1.2409791977899864,1.748144154347433,0.13850248745173527,0.97471173611264,0.1748144154347433,1.748144154347433
lam2_n0.3,2.0,0.3,-0.13,1.2416582451381246,1.7481835154422753,0.13312145001202064,0.976551862891076,0.17481835154422753,1.7481835154422753
lam2_n0.3,2.0,0.3,-0.125,1.2423104611823488,1.7482185488923419,0.12776974719306003,0.9783223552217337,0.17482185488923419,1.7482185488923419
lam2_n0.3,2.0,0.3,-0.12,1.2429359893333356,1.7482495883525797,0.12244607764801453,0.9800232257741561,0.17482495883525798,1.7482495883525797
lam2_n0.3,2.0,0.3,-0.11499999999999999,1.243534966548527,1.7482769532570885,0.11714916125736587,0.9816544887364207,0.17482769532570885,1.7482769532570885
lam2_n0.3,2.0,0.3,-0.10999999999999999,1.244107523435699,1.748300948961061,0.11187773810594118,0.9832161595530016,0.17483009489610613,1.748300948961061
lam2_n0.3,2.0,0.3,-0.10499999999999998,1.2446537843514736,1.7483218668757672,0.10663056748151865,0.9847082546775221,0.17483218668757672,1.7483218668757672
lam2_n0.3,2.0,0.3,-0.09999999999999998,1.2451738674948698,1.7483399845967365,0.10140642689407342,0.986130791339857,0.17483399845967365,1.7483399845967365
lam2_n0.3,2.0,0.3,-0.09499999999999997,1.2456678849960068,1.748355566025276,0.09620411111472114,0.987483787327079,0.17483555660252761,1.748355566025276
lam2_n0.3,2.0,0.3,-0.08999999999999997,1.246135943000045,1.7483688614834703,0.09102243123341949,0.9887672607777572,0.17483688614834703,1.7483688614834703
lam2_n0.3,2.0,0.3,-0.08499999999999996,1.246578141746462,1.7483801078227832,0.085860213734488,0.9899812299891526,0.17483801078227834,1.7483801078227832
lam2_n0.3,2.0,0.3,-0.07999999999999996,1.2469945756437493,1.7483895285263908,0.08071629958901184,0.9911257132368666,0.1748389528526391,1.7483895285263908
lam2_n0.3,2.0,0.3,-0.07499999999999996,1.2473853333396085,1.7483973338053538,0.07558954336319768,0.9922007286065344,0.17483973338053538,1.7483973338053538
lam2_n0.3,2.0,0.3,-0.06999999999999995,1.247750497786732,1.7484037206887404,0.07047881234175495,0.9932062938371717,0.17484037206887404,1.7484037206887404
lam2_n0.3,2.0,0.3,-0.06499999999999995,1.248090146304232,1.7484088731077994,0.06538298566538085,0.9941424261758103,0.17484088731077996,1.7484088731077994
lam2_n0.3,2.0,0.3,-0.05999999999999994,1.2484043506347913,1.7484129619742754,0.06030095348143237,0.9950091422430808,0.17484129619742755,1.7484129619742754
lam2_n0.3,2.0,0.3,-0.05499999999999994,1.2486931769976009,1.7484161452529556,0.055231616106874507,0.9958064579094267,0.17484161452529556,1.7484161452529556
lam2_n0.3,2.0,0.3,-0.04999999999999993,1.2489566861371373,1.7484185680285236,0.0501738832025993,0.9965343881816514,0.17484185680285236,1.7484185680285236
lam2_n0.3,2.0,0.3,-0.04499999999999993,1.2491949333678412,1.7484203625668024,0.04512667295821586,0.9971929470995298,0.17484203625668027,1.7484203625668024
lam2_n0.3,2.0,0.3,-0.040000000000000036,1.249407968614743,1.7484216483704451,0.04008891128641688,0.9977821476422342,0.1748421648370445,1.7484216483704451
lam2_n0.3,2.0,0.3,-0.03500000000000003,1.249595836450082,1.7484225322291413,0.035059531026032154,0.9983020016443482,0.17484225322291413,1.7484225322291413
lam2_n0.3,2.0,0.3,-0.030000000000000027,1.2497585761259613,1.7484231082643897,0.030037471152886328,0.9987525197212649,0.17484231082643897,1.7484231082643897
lam2_n0.3,2.0,0.3,-0.025000000000000022,1.2498962216030751,1.7484234579688915,0.025021675997579207,0.9991337112037866,0.17484234579688918,1.7484234579688915
lam2_n0.3,2.0,0.3,-0.020000000000000018,1.2500088015755386,1.7484236502406012,0.020011094469315073,0.9994455840817669,0.17484236502406014,1.7484236502406012
lam2_n0.3,2.0,0.3,-0.015000000000000013,1.250096339491853,1.748423741411478,0.015004679284908758,0.9996881449566569,0.1748423741411478,1.748423741411478
lam2_n0.3,2.0,0.3,-0.010000000000000009,1.250158853572024,1.7484237752709673,0.01000138620210063,0.9998613990028372,0.17484237752709675,1.7484237752709673
lam2_n0.3,2.0,0.3,-0.0050000000000000044,1.250196356820858,1.7484237830842346,0.005000173256315138,0.9999653499376419,0.17484237830842347,1.7484237830842346
lam2_n0.3,2.0,0.3,0.0,1.2502088570374474,1.7484237836051795,0.0,1.0,0.17484237836051797,1.7484237836051795
lam2_n0.3,2.0,0.3,0.0050000000000001155,1.250196356820858,1.7484237830842346,0.005000173256315249,0.9999653499376419,0.17484237830842347,1.7484237830842346
lam2_n0.3,2.0,0.3,0.010000000000000009,1.250158853572024,1.7484237752709673,0.01000138620210063,0.9998613990028372,0.17484237752709675,1.7484237752709673
lam2_n0.3,2.0,0.3,0.015000000000000124,1.250096339491853,1.748423741411478,0.015004679284908869,0.9996881449566569,0.1748423741411478,1.748423741411478
lam2_n0.3,2.0,0.3,0.020000000000000018,1.2500088015755386,1.7484236502406012,0.020011094469315073,0.9994455840817669,0.17484236502406014,1.7484236502406012
lam2_n0.3,2.0,0.3,0.02499999999999991,1.2498962216030751,1.7484234579688915,0.025021675997579096,0.9991337112037866,0.17484234579688918,1.7484234579688915
lam2_n0.3,2.0,0.3,0.030000000000000027,1.2497585761259613,1.7484231082643897,0.030037471152886328,0.9987525197212649,0.17484231082643897,1.7484231082643897
lam2_n0.3,2.0,0.3,0.03499999999999992,1.249595836450082,1.7484225322291413,0.03505953102603204,0.9983020016443482,0.17484225322291413,1.7484225322291413
lam2_n0.3,2.0,0.3,0.040000000000000036,1.249407968614743,1.7484216483704451,0.04008891128641688,0.9977821476422342,0.1748421648370445,1.7484216483704451
lam2_n0.3,2.0,0.3,0.04499999999999993,1.2491949333678412,1.7484203625668024,0.04512667295821586,0.9971929470995298,0.17484203625668027,1.7484203625668024
lam2_n0.3,2.0,0.3,0.050000000000000044,1.2489566861371373,1.7484185680285236,0.05017388320259941,0.9965343881816514,0.17484185680285236,1.7484185680285236
lam2_n0.3,2.0,0.3,0.05499999999999994,1.2486931769976009,1.7484161452529556,0.055231616106874507,0.9958064579094267,0.17484161452529556,1.7484161452529556
lam2_n0.3,2.0,0.3,0.06000000000000005,1.2484043506347913,1.7484129619742754,0.06030095348143248,0.9950091422430808,0.17484129619742755,1.7484129619742754
lam2_n0.3,2.0,0.3,0.06499999999999995,1.248090146304232,1.7484088731077994,0.06538298566538085,0.9941424261758103,0.17484088731077996,1.7484088731077994
lam2_n0.3,2.0,0.3,0.07000000000000006,1.247750497786732,1.7484037206887404,0.07047881234175506,0.9932062938371717,0.17484037206887404,1.7484037206887404
lam2_n0.3,2.0,0.3,0.07499999999999996,1.2473853333396085,1.7483973338053538,0.07558954336319768,0.9922007286065344,0.17483973338053538,1.7483973338053538
lam2_n0.3,2.0,0.3,0.08000000000000007,1.2469945756437493,1.7483895285263908,0.08071629958901196,0.9911257132368666,0.1748389528526391,1.7483895285263908
lam2_n0.3,2.0,0.3,0.08499999999999996,1.246578141746462,1.7483801078227832,0.085860213734488,0.9899812299891526,0.17483801078227834,1.7483801078227832
lam2_n0.3,2.0,0.3,0.09000000000000008,1.246135943000045,1.7483688614834703,0.0910224312334196,0.9887672607777572,0.17483688614834703,1.7483688614834703
lam2_n0.3,2.0,0.3,0.09499999999999997,1.2456678849960068,1.748355566025276,0.09620411111472114,0.987483787327079,0.17483555660252761,1.748355566025276
lam2_n0.3,2.0,0.3,0.10000000000000009,1.2451738674948698,1.7483399845967365,0.10140642689407353,0.986130791339857,0.17483399845967365,1.7483399845967365
lam2_n0.3,2.0,0.3,0.10499999999999998,1.2446537843514736,1.7483218668757672,0.10663056748151865,0.9847082546775221,0.17483218668757672,1.7483218668757672
lam2_n0.3,2.0,0.3,0.1100000000000001,1.244107523435699,1.748300948961061,0.11187773810594129,0.9832161595530016,0.17483009489610613,1.748300948961061
lam2_n0.3,2.0,0.3,0.11499999999999999,1.243534966548527,1.7482769532570885,0.11714916125736587,0.9816544887364207,0.17482769532570885,1.7482769532570885
lam2_n0.3,2.0,0.3,0.1200000000000001,1.2429359893333356,1.7482495883525797,0.12244607764801464,0.9800232257741561,0.17482495883525798,1.7482495883525797
lam2_n0.3,2.0,0.3,0.125,1.2423104611823488,1.7482185488923419,0.12776974719306003,0.9783223552217337,0.17482185488923419,1.7482185488923419
lam2_n0.3,2.0,0.3,0.13000000000000012,1.2416582451381246,1.7481835154422753,0.13312145001202075,0.976551862891076,0.17481835154422753,1.7481835154422753
lam2_n0.3,2.0,0.3,0.135,1.2409791977899864,1.748144154347433,0.13850248745173527,0.97471173611264,0.1748144154347433,1.748144154347433
lam2_n0.3,2.0,0.3,0.14000000000000012,1.2402731691652815,1.7481001175829585,0.14391418313186014,0.9728019640130001,0.17481001175829586,1.7481001175829585
lam2_n0.3,2.0,0.3,0.14500000000000002,1.239540002615355,1.7480510425977427,0.1493578840138211,0.970822537808464,0.17480510425977427,1.7480510425977427
lam2_n0.3,2.0,0.3,0.15000000000000013,1.2387795346961172,1.7479965521506102,0.15483496149415385,0.9687734511153265,0.17479965521506102,1.7479965521506102
lam2_n0.3,2.0,0.3,0.15500000000000003,1.237991595043084,1.7479362541388568,0.16034681252314875,0.9666547002773951,0.17479362541388568,1.7479362541388568
lam2_n0.3,2.0,0.3,0.15999999999999992,1.2371760062407549,1.7478697414189395,0.16589486074971607,0.9644662847114375,0.17478697414189395,1.7478697414189395
lam2_n0.3,2.0,0.3,0.16500000000000004,1.2363325836862022,1.7477965916191096,0.17148055769336099,0.9622082072712325,0.17477965916191096,1.7477965916191096
lam2_n0.3,2.0,0.3,0.16999999999999993,1.2354611354467313,1.747716366943781,0.1771053839441483,0.9598804746309174,0.17477163669437812,1.747716366943781
lam2_n0.3,2.0,0.3,0.17500000000000004,1.234561462111466,1.747628613969402,0.18277085039151286,0.9574830976883518,0.1747628613969402,1.747628613969402
lam2_n0.3,2.0,0.3,0.17999999999999994,1.233633356636719,1.7475328634315983,0.188478499482739,0.9550160919892322,0.17475328634315984,1.7475328634315983
lam2_n0.3,2.0,0.3,0.18500000000000005,1.2326766041849933,1.7474286300033426,0.19422990651191102,0.9524794781727141,0.17474286300033426,1.7474286300033426
lam2_n0.3,2.0,0.3,0.18999999999999995,1.2316909819574604,1.7473154120638865,0.20002668094008685,0.9498732824393054,0.17473154120638867,1.7473154120638865
lam2_n0.3,2.0,0.3,0.19500000000000006,1.230676259019759,1.7471926914581988,0.20587046774741657,0.9471975370418182,0.1747192691458199,1.7471926914581988
lam2_n0.3,2.0,0.3,0.19999999999999996,1.2296321961209518,1.7470599332466192,0.21176294881786314,0.9444522808001674,0.17470599332466194,1.7470599332466192
lam2_n0.3,2.0,0.3,0.20500000000000007,1.2285585455054737,1.7469165854444426,0.2177058443571393,0.9416375596408165,0.17469165854444427,1.7469165854444426
lam2_n0.3,2.0,0.3,0.20999999999999996,1.2274550507179107,1.746762078751129,0.22370091434439354,0.938753427161676,0.17467620787511293,1.746762078751129
lam2_n0.3,2.0,0.3,0.21500000000000008,1.2263214464004304,1.7465958262688224,0.22974996001811804,0.9357999452232559,0.17465958262688225,1.7465958262688224
lam2_n0.3,2.0,0.3,0.21999999999999997,1.2251574580826992,1.7464172232098525,0.2358548253966509,0.9327771845668753,0.17464172232098527,1.7464172232098525
lam2_n0.3,2.0,0.3,0.2250000000000001,1.2239628019641087,1.7462256465928738,0.24201739883356618,0.9296852254607164,0.17462256465928738,1.7462256465928738
lam2_n0.3,2.0,0.3,0.22999999999999998,1.2227371846881383,1.7460204549272933,0.24823961460812083,0.9265241583745024,0.17460204549272934,1.7460204549272933
lam2_n0.3,2.0,0.3,0.2350000000000001,1.2214803031086785,1.7458009878856102,0.2545234545508255,0.9232940846835522,0.17458009878856104,1.7458009878856102
lam2_n0.3,2.0,0.3,0.24,1.2201918440481356,1.7455665659632924,0.2608709497040559,0.9199951174029423,0.17455665659632924,1.7455665659632924
lam2_n0.3,2.0,0.3,0.2450000000000001,1.2188714840471497,1.74531649012579,0.2672841820174923,0.916627381952465,0.174531649012579,1.74531649012579
lam2_n0.3,2.0,0.3,0.25,1.217518889105748,1.745050041442271,0.2737652860779919,0.9131910169530351,0.1745050041442271,1.745050041442271
lam2_n0.3,2.0,0.3,0.2550000000000001,1.2161337144157616,1.7447664807056609,0.2803164508733406,0.9096861750551359,0.1744766480705661,1.7447664807056609
lam2_n0.3,2.0,0.3,0.26,1.2147156040843448,1.744465048038536,0.2869399215891123,0.9061130237998416,0.1744465048038536,1.744465048038536
lam2_n0.3,2.0,0.3,0.2650000000000001,1.2132641908484247,1.7441449624844199,0.2936380014376682,0.9024717465128669,0.174414496248442,1.7441449624844199
lam2_n0.3,2.0,0.3,0.27,1.211779095779932,1.743805421584008,0.3004130535180729,0.8987625432320197,0.17438054215840082,1.743805421584008
lam2_n0.3,2.0,0.3,0.27500000000000013,1.210259927981654,1.7434456009358308,0.3072675027054678,0.8949856316683193,0.1743445600935831,1.7434456009358308
lam2_n0.3,2.0,0.3,0.28,1.2087062842735738,1.7430646537408558,0.3142038375681418,0.8911412482009424,0.1743064653740856,1.7430646537408558
lam2_n0.3,2.0,0.3,0.2849999999999999,1.2071177488695586,1.7426617103305042,0.3212246123102583,0.8872296489060109,0.17426617103305042,1.7426617103305042
lam2_n0.3,2.0,0.3,0.29000000000000004,1.2054938930442725,1.7422358776775446,0.32833244873785417,0.8832511106191049,0.17422358776775448,1.7422358776775446
lam2_n0.3,2.0,0.3,0.29499999999999993,1.2038342747902107,1.7417862388893166,0.3355300382453833,0.8792059320312104,0.17417862388893168,1.7417862388893166
lam2_n0.3,2.0,0.3,0.30000000000000004,1.202138438464753,1.74131185268271,0.34282014381970527,0.8750944348176195,0.174131185268271,1.74131185268271
lam2_n0.3,2.0,0.3,0.30499999999999994,1.2004059144271626,1.740811752840317,0.35020560205800005,0.8709169647991145,0.17408117528403172,1.740811752840317
lam2_n0.3,2.0,0.3,0.31000000000000005,1.1986362186654667,1.7402849476471545,0.35768932519568136,0.8666738931345188,0.17402849476471546,1.7402849476471545
lam2_n0.3,2.0,0.3,0.31499999999999995,1.1968288524131847,1.739730419307339,0.3652743031399014,0.862365617543465,0.17397304193073393,1.739730419307339
lam2_n0.3,2.0,0.3,0.32000000000000006,1.1949833017558817,1.7391471233400881,0.37296360550377794,0.8579925635579438,0.17391471233400882,1.7391471233400881
lam2_n0.3,2.0,0.3,0.32499999999999996,1.1930990372275625,1.738533987954387,0.3807603836359388,0.853555185800911,0.1738533987954387,1.738533987954387
lam2_n0.3,2.0,0.3,0.33000000000000007,1.1911755133969413,1.7378899134016699,0.38866787263946884,0.8490539692898943,0.173788991340167,1.7378899134016699
lam2_n0.3,2.0,0.3,0.33499999999999996,1.1892121684436543,1.737213771305831,0.39668939337375353,0.8444894307631993,0.1737213771305831,1.737213771305831
lam2_n0.3,2.0,0.3,0.3400000000000001,1.1872084237245253,1.7365044039698811,0.40482835443215387,0.8398621200259369,0.17365044039698813,1.7365044039698811
lam2_n0.3,2.0,0.3,0.345,1.1851636833300137,1.7357606236585346,0.413088254087814,0.8351726213126845,0.17357606236585346,1.7357606236585346
lam2_n0.3,2.0,0.3,0.3500000000000001,1.1830773336310343,1.7349812118560242,0.4214726821993015,0.83042155466317,0.17349812118560243,1.7349812118560242
lam2_n0.3,2.0,0.3,0.355,1.1809487428163667,1.7341649184984063,0.4299853220671096,0.8256095773069054,0.17341649184984065,1.7341649184984063
lam2_n0.3,2.0,0.3,0.3600000000000001,1.1787772604209235,1.7333104611796235,0.4386299522314245,0.8207373850522215,0.17333104611796235,1.7333104611796235
lam2_n0.3,2.0,0.3,0.365,1.1765622168452003,1.7324165243305814,0.44741044820086956,0.8158057136746378,0.17324165243305814,1.7324165243305814
lam2_n0.3,2.0,0.3,0.3700000000000001,1.1743029228662751,1.7314817583704785,0.4563307841013006,0.810815340298988,0.17314817583704786,1.7314817583704785
lam2_n0.3,2.0,0.3,0.375,1.1719986691407884,1.7305047788296415,0.46539503423303913,0.8057670847691614,0.17305047788296415,1.7305047788296415
lam2_n0.3,2.0,0.3,0.3800000000000001,1.1696487257003918,1.7294841654430955,0.4746073745243096,0.8006618109987592,0.17294841654430956,1.7294841654430955
lam2_n0.3,2.0,0.3,0.385,1.1672523414402147,1.7284184612141085,0.48397208386798735,0.7955004282953976,0.17284184612141085,1.7284184612141085
lam2_n0.3,2.0,0.3,0.3900000000000001,1.1648087436009682,1.7273061714469469,0.49349354532819245,0.7902838926507841,0.1727306171446947,1.7273061714469469
lam2_n0.3,2.0,0.3,0.395,1.1623171372453691,1.7261457627480792,0.5031762472026748,0.7850132079881298,0.17261457627480792,1.7261457627480792
lam2_n0.3,2.0,0.3,0.40000000000000013,1.1597767047296441,1.7249356619950749,0.5130247839264483,0.7796894273578556,0.1724935661995075,1.7249356619950749
lam2_n0.3,2.0,0.3,0.405,1.157186605170942,1.7236742552724462,0.5230438568016568,0.7743136540719947,0.17236742552724463,1.7236742552724462
lam2_n0.3,2.0,0.3,0.4099999999999999,1.1545459739115662,1.722359886773702,0.533238274538303,0.7688870427671247,0.17223598867737022,1.722359886773702
lam2_n0.3,2.0,0.3,0.41500000000000004,1.151853921981005,1.7209908576688844,0.5436129535901577,0.7634108003851543,0.17209908576688845,1.7209908576688844
lam2_n0.3,2.0,0.3,0.41999999999999993,1.1491095355568306,1.7195654249368866,0.5541729182700006,0.757886187060787,0.17195654249368866,1.7195654249368866
lam2_n0.3,2.0,0.3,0.42500000000000004,1.1463118754256052,1.718081800161866,0.564923300628268,0.7523145169040557,0.1718081800161866,1.718081800161866
lam2_n0.3,2.0,0.3,0.42999999999999994,1.1434599764450188,1.7165381482930886,0.5758693400792341,0.7466971586659503,0.17165381482930886,1.7165381482930886
lam2_n0.3,2.0,0.3,0.43500000000000005,1.1405528470085597,1.714932586367575,0.5870163827590902,0.7410355362748415,0.17149325863675752,1.714932586367575
lam2_n0.3,2.0,0.3,0.43999999999999995,1.1375894685140981,1.7132631821949498,0.5983698806006233,0.7353311292312088,0.17132631821949498,1.7132631821949498
lam2_n0.3,2.0,0.3,0.44500000000000006,1.1345687948378325,1.7115279530039194,0.6099353901097807,0.7295854728480431,0.17115279530039196,1.7115279530039194
lam2_n0.3,2.0,0.3,0.44999999999999996,1.1314897518151315,1.7097248640498661,0.6217185708301118,0.7238001583243121,0.17097248640498663,1.7097248640498661
lam2_n0.3,2.0,0.3,0.45500000000000007,1.1283512367298596,1.7078518271830698,0.6337251834820516,0.7179768326389803,0.170785182718307,1.7078518271830698
lam2_n0.3,2.0,0.3,0.45999999999999996,1.125152117813844,1.7059066993771255,0.6459610877651359,0.7121171982533578,0.17059066993771255,1.7059066993771255
lam2_n0.3,2.0,0.3,0.4650000000000001,1.1218912337581948,1.7038872812171832,0.6584322398126371,0.7062230126099537,0.17038872812171835,1.7038872812171832
lam2_n0.3,2.0,0.3,0.47,1.1185673932382434,1.7017913153476805,0.6711446892896893,0.7002960874166014,0.17017913153476805,1.7017913153476805
lam2_n0.3,2.0,0.3,0.4750000000000001,1.115179374453891,1.699616484879312,0.6841045761278234,0.6943382877053689,0.16996164848793122,1.699616484879312
lam2_n0.3,2.0,0.3,0.48,1.1117259246872104,1.6973604117550374,0.6973181268908667,0.6883515306567128,0.16973604117550375,1.6973604117550374
lam2_n0.3,2.0,0.3,0.4850000000000001,1.108205759879141,1.6950206550749964,0.7107916507694703,0.6823377841804436,0.16950206550749966,1.6950206550749964
lam2_n0.3,2.0,0.3,0.49,1.1046175642271445,1.6925947093802838,0.7245315352039887,0.6762990652464046,0.1692594709380284,1.6925947093802838
lam2_n0.3,2.0,0.3,0.4950000000000001,1.1009599898056681,1.6900800028955962,0.7385442411381602,0.6702374379592514,0.16900800028955965,1.6900800028955962
lam2_n0.3,2.0,0.3,0.5,1.0972316562112538,1.6874738957308528,0.7528362979088786,0.664155011373427,0.1687473895730853,1.6874738957308528
lam2_n0.3,2.0,0.3,0.5050000000000001,1.093431150234091,1.6847736780419698,0.7674142977803957,0.6580539370462858,0.16847736780419698,1.6847736780419698
lam2_n0.3,2.0,0.3,0.51,1.0895570255577636,1.6819765681510503,0.7822848901344166,0.6519364063293731,0.16819765681510504,1.6819765681510503
lam2_n0.3,2.0,0.3,0.5150000000000001,1.0856078024888773,1.6790797106263378,0.797454775330823,0.6458046474000398,0.16790797106263378,1.6790797106263378
lam2_n0.3,2.0,0.3,0.52,1.08158196771817,1.6760801743223661,0.8129306982570021,0.6396609220379149,0.16760801743223663,1.6760801743223661
lam2_n0.3,2.0,0.3,0.5250000000000001,1.0774779741146103,1.6729749503808264,0.8287194415871021,0.6335075221531656,0.16729749503808267,1.6729749503808264
lam2_n0.3,2.0,0.3,0.53,1.0732942405538741,1.6697609501927575,0.8448278187757325,0.6273467660760038,0.16697609501927577,1.6697609501927575
lam2_n0.3,2.0,0.3,0.5350000000000001,1.0690291517824595,1.6664350033227522,0.8612626668138423,0.621180994619424,0.16664350033227524,1.6664350033227522
lam2_n0.3,2.0,0.3,0.54,1.0646810583185538,1.662993855395952,0.8780308387774594,0.6150125669297424,0.16629938553959522,1.662993855395952
lam2_n0.3,2.0,0.3,0.5449999999999999,1.060248276390606,1.6594341659486977,0.895139196202843,0.608843856142012,0.16594341659486977,1.6594341659486977
lam2_n0.3,2.0,0.3,0.55,1.0557290879143808,1.6557525062437621,0.9125946013241187,0.6026772448598576,0.16557525062437622,1.6557525062437621
lam2_n0.3,2.0,0.3,0.5549999999999999,1.0511217405090911,1.6519453570511897,0.9304039092117301,0.596515120481614,0.165194535705119,1.6519453570511897
lam2_n0.3,2.0,0.3,0.56,1.0464244475530013,1.6480091063958213,0.9485739598519652,0.5903598703968153,0.16480091063958213,1.6480091063958213
lam2_n0.3,2.0,0.3,0.565,1.0416353882786944,1.6439400472726633,0.967111570209271,0.584213877079085,0.16439400472726634,1.6439400472726633
lam2_n0.3,2.0,0.3,0.5700000000000001,1.0367527079079792,1.639734375331312,0.9860235263141833,0.5780795131031966,0.1639734375331312,1.639734375331312
lam2_n0.3,2.0,0.3,0.575,1.0317745178262083,1.6353881865307052,1.0053165754202564,0.571959136115537,0.16353881865307052,1.6353881865307052
lam2_n0.3,2.0,0.3,0.5800000000000001,1.026698895795543,1.6308974747655207,1.024997418273515,0.5658550837883478,0.16308974747655208,1.6308974747655207
lam2_n0.3,2.0,0.3,0.585,1.0215238862065033,1.626258129465588,1.0450727015375105,0.5597696687889255,0.1626258129465588,1.626258129465588
lam2_n0.3,2.0,0.3,0.5900000000000001,1.0162475003669122,1.6214659331697039,1.0655490104161953,0.5537051737953851,0.1621465933169704,1.6214659331697039
lam2_n0.3,2.0,0.3,0.595,1.0108677168271514,1.6165165590752852,1.0864328615153505,0.5476638465906649,0.16165165590752853,1.6165165590752852
lam2_n0.3,2.0,0.3,0.6000000000000001,1.005382481740424,1.611405568565299,1.1077306959814441,0.5416478952660989,0.16114055685652992,1.611405568565299
lam2_n0.3,2.0,0.3,0.605,0.9997897092565615,1.6061284087139294,1.1294488729543612,0.5356594835651731,0.16061284087139294,1.6061284087139294
lam2_n0.3,2.0,0.3,0.6100000000000001,0.994087281947703,1.6006804097724403,1.1515936633676827,0.5297007263969621,0.16006804097724403,1.6006804097724403
lam2_n0.3,2.0,0.3,0.615,0.9882730512640487,1.5950567826366964,1.1741712441269259,0.5237736855472842,0.15950567826366965,1.5950567826366964
lam2_n0.3,2.0,0.3,0.6200000000000001,0.9823448380177132,1.5892526162977798,1.1971876926926914,0.5178803656137728,0.158925261629778,1.5892526162977798
lam2_n0.3,2.0,0.3,0.625,0.9763004328926065,1.58326287527714,1.2206489820917539,0.5120227101889476,0.15832628752771402,1.58326287527714
lam2_n0.3,2.0,0.3,0.6300000000000001,0.9701375969781464,1.5770823970476642,1.2445609763751802,0.5062025983129355,0.15770823970476644,1.5770823970476642
lam2_n0.3,2.0,0.3,0.635,0.9638540623245333,1.5707058894420518,1.268929426538279,0.5004218412148584,0.1570705889442052,1.5707058894420518
lam2_n0.3,2.0,0.3,0.6400000000000001,0.9574475325172457,1.5641279280498013,1.29375996691301,0.4946821793590345,0.15641279280498013,1.5641279280498013
lam2_n0.3,2.0,0.3,0.645,0.9509156832683796,1.5573429536041183,1.3190581120390807,0.48898527980918105,0.15573429536041183,1.5573429536041183
lam2_n0.3,2.0,0.3,0.6500000000000001,0.944256163022429,1.5503452693599475,1.344829254015839,0.483332733920692,0.15503452693599476,1.5503452693599475
lam2_n0.3,2.0,0.3,0.655,0.9374665935741129,1.543129038464341,1.3710786603328287,0.4777260553679678,0.15431290384643412,1.543129038464341
lam2_n0.3,2.0,0.3,0.6600000000000001,0.9305445706958572,1.5356882813202473,1.397811472173043,0.4721666785106304,0.15356882813202474,1.5356882813202473
lam2_n0.3,2.0,0.3,0.665,0.9234876647726065,1.528016872944817,1.4250327031790762,0.46665595709941615,0.1528016872944817,1.528016872944817
lam2_n0.3,2.0,0.3,0.6699999999999999,0.9162934214416674,1.5201085403231844,1.452747238669026,0.461195163319559,0.15201085403231845,1.5201085403231844
lam2_n0.3,2.0,0.3,0.675,0.9089593622353862,1.5119568597586812,1.48095983528578,0.4557854871666696,0.15119568597586813,1.5119568597586812
lam2_n0.3,2.0,0.3,0.6799999999999999,0.9014829852245343,1.503555254220325,1.5096751210605714,0.4504280361474652,0.1503555254220325,1.503555254220325
lam2_n0.3,2.0,0.3,0.685,0.8938617656603829,1.4948969906883847,1.5388975958692586,0.4451238352952734,0.14948969906883847,1.4948969906883847
lam2_n0.3,2.0,0.3,0.69,0.8860931566135688,1.48597517749875,1.5686316322576903,0.43987382748803877,0.148597517749875,1.48597517749875
lam2_n0.3,2.0,0.3,0.6950000000000001,0.8781745896079537,1.476782761686755,1.5988814766109147,0.4346788740546071,0.14767827616867552,1.476782761686755
lam2_n0.3,2.0,0.3,0.7,0.8701034752478445,1.4673125263310596,1.6296512506396457,0.42953975565339314,0.14673125263310596,1.4673125263310596
lam2_n0.3,2.0,0.3,0.7050000000000001,0.8618772038370344,1.4575570878981052,1.6609449531565468,0.4244571734061271,0.14575570878981053,1.4575570878981052
lam2_n0.3,2.0,0.3,0.71,0.8534931459883048,1.4475088935876261,1.6927664621143057,0.419431750268252,0.14475088935876262,1.4475088935876261
lam2_n0.3,2.0,0.3,0.7150000000000001,0.8449486532221344,1.4371602186796064,1.7251195368773193,0.414464032616684,0.14371602186796065,1.4371602186796064
lam2_n0.3,2.0,0.3,0.72,0.83624105855353,1.4265031638830472,1.75800782069885,0.40955449203507116,0.14265031638830472,1.4265031638830472
lam2_n0.3,2.0,0.3,0.7250000000000001,0.8273676770660107,1.4155296526868262,1.7914348433760217,0.4047035272763324,0.14155296526868263,1.4155296526868262
lam2_n0.3,2.0,0.3,0.73,0.8183258064719345,1.4042314287129076,1.8254040240555716,0.3999114663821823,0.14042314287129076,1.4042314287129076
lam2_n0.3,2.0,0.3,0.7350000000000001,0.8091127276584675,1.392600053072088,1.8599186741642886,0.3951785689394485,0.1392600053072088,1.392600053072088
lam2_n0.3,2.0,0.3,0.74,0.7997257052186485,1.3806269017224393,1.894982000439039,0.39050502845333257,0.13806269017224393,1.3806269017224393
lam2_n0.3,2.0,0.3,0.7450000000000001,0.7901619879670965,1.3683031628305573,1.930597108032642,0.3858909748182446,0.13683031628305573,1.3683031628305573
lam2_n0.3,2.0,0.3,0.75,0.7804188094400547,1.3556198341356973,1.9667670036731537,0.3813364768675153,0.13556198341356973,1.3556198341356973
lam2_n0.3,2.0,0.3,0.7550000000000001,0.7704933883795413,1.3425677203168311,2.0034945988556596,0.37684154498406686,0.13425677203168312,1.3425677203168311
lam2_n0.3,2.0,0.3,0.76,0.7603829292015059,1.3291374303626462,2.040782713047184,0.3724061337550287,0.13291374303626463,1.3291374303626462
lam2_n0.3,2.0,0.3,0.7650000000000001,0.750084622447961,1.3153193749444734,2.078634076886978,0.3680301446542654,0.13153193749444733,1.3153193749444734
lam2_n0.3,2.0,0.3,0.77,0.7395956452231641,1.301103763792098,2.1170513353659883,0.3637134287378464,0.1301103763792098,1.301103763792098
lam2_n0.3,2.0,0.3,0.7750000000000001,0.728913161613976,1.2864806030724074,2.1560370509710243,0.35945578933857364,0.12864806030724074,1.2864806030724074
lam2_n0.3,2.0,0.3,0.78,0.7180343230946263,1.271439692770799,2.1955937067805977,0.3552569847468342,0.1271439692770799,1.271439692770799
lam2_n0.3,2.0,0.3,0.7850000000000001,0.7069562689161294,1.255970624075252,2.235723709501139,0.35111673086615813,0.1255970624075252,1.255970624075252
lam2_n0.3,2.0,0.3,0.79,0.6956761264807051,1.2400627767629855,2.2764293924335828,0.34703470383303314,0.12400627767629856,1.2400627767629855
lam2_n0.3,2.0,0.3,0.7949999999999999,0.6841910117015446,1.2237053165895628,2.3177130183619616,0.34301054259162095,0.12237053165895628,1.2237053165895628
lam2_n0.3,2.0,0.3,0.8,0.6724980293483525,1.2068871926803537,2.3595767823568283,0.3390438514151389,0.12068871926803537,1.2068871926803537
lam2_n0.3,2.0,0.3,0.8049999999999999,0.660594273379095,1.189597134924229,2.402022814487719,0.33513420236671765,0.1189597134924229,1.189597134924229
lam2_n0.3,2.0,0.3,0.81,0.6484768272584196,1.1718236513693492,2.4450531824400223,0.33128113769356404,0.11718236513693492,1.1718236513693492
lam2_n0.3,2.0,0.3,0.815,0.6361427642632415,1.153555025620948,2.4886698940326912,0.32748417214922687,0.1153555025620948,1.153555025620948
lam2_n0.3,2.0,0.3,0.8200000000000001,0.6235891477759914,1.1347793142409655,2.532874899634328,0.3237427952396637,0.11347793142409655,1.1347793142409655
lam2_n0.3,2.0,0.3,0.825,0.6108130315660437,1.115484344149428,2.577670094475984,0.32005647338966964,0.1115484344149428,1.115484344149428
lam2_n0.3,2.0,0.3,0.8300000000000001,0.5978114600598363,1.0956577100274387,2.6230573208599526,0.3164246520270056,0.10956577100274388,1.0956577100274387
lam2_n0.3,2.0,0.3,0.835,0.5845814686002133,1.0752867717216923,2.669038370264489,0.3128467575823031,0.10752867717216924,1.0752867717216923
lam2_n0.3,2.0,0.3,0.8400000000000001,0.5711200836954944,1.054358651650362,2.7156149853451272,0.3093221994034786,0.10543586516503621,1.054358651650362
lam2_n0.3,2.0,0.3,0.845,0.5574243232588038,1.032860232210311,2.762788861833761,0.3058503715840028,0.10328602322103111,1.032860232210311
lam2_n0.3,2.0,0.3,0.8500000000000001,0.5434911968381445,1.0107781531854811,2.810561650337249,0.3024306547049077,0.10107781531854812,1.0107781531854811
lam2_n0.3,2.0,0.3,0.855,0.5293177058377379,0.9880988091564096,2.8589349580376417,0.29906241749090634,0.09880988091564097,0.9880988091564096
lam2_n0.3,2.0,0.3,0.8600000000000001,0.5149008437310915,0.964808346910759,2.907910350296577,0.29574501838142603,0.0964808346910759,0.964808346910759
lam2_n0.3,2.0,0.3,0.865,0.5002375962662929,0.940892662854821,2.9574893521666183,0.2924778070177369,0.0940892662854821,0.940892662854821
lam2_n0.3,2.0,0.3,0.8700000000000001,0.48532494166395546,0.9163374004258941,3.0076734498126294,0.2892601256476826,0.09163374004258941,0.9163374004258941
lam2_n0.3,2.0,0.3,0.875,0.47015985080829237,0.8911279475055088,3.058464091846381,0.2860913104498037,0.0891127947505509,0.8911279475055088
lam2_n0.3,2.0,0.3,0.8800000000000001,0.454739287431715,0.865249433833426,3.1098626905778586,0.2829706927788774,0.0865249433833426,0.865249433833426
lam2_n0.3,2.0,0.3,0.885,0.43906020829338366,0.8386867284223911,3.161870623186699,0.27989760033509864,0.08386867284223912,0.8386867284223911
lam2_n0.3,2.0,0.3,0.8900000000000001,0.42311956335208845,0.8114244369735851,3.2144892328173724,0.27687135825928727,0.08114244369735851,0.8114244369735851
lam2_n0.3,2.0,0.3,0.895,0.40691429593384065,0.7834468992927803,3.267719829601689,0.273891290156627,0.07834468992927804,0.7834468992927803
lam2_n0.3,2.0,0.3,0.9000000000000001,0.3904413428945243,0.7547381867071501,3.3215636916122784,0.2709567190515448,0.07547381867071501,0.7547381867071501
lam2_n0.3,2.0,0.3,0.905,0.37369763477794427,0.7252820994827591,3.376022065750549,0.2680669682764063,0.07252820994827591,0.7252820994827591
lam2_n0.3,2.0,0.3,0.9100000000000001,0.356680095969592,0.6950621642426996,3.431096168572783,0.2652213622967405,0.06950621642426996,0.6950621642426996
lam2_n0.3,2.0,0.3,0.915,0.33938564484643174,0.6640616313859153,3.4867871870577614,0.2624192274757382,0.06640616313859153,0.6640616313859153
lam2_n0.3,2.0,0.3,0.9199999999999999,0.3218111939229808,0.632263472506689,3.543096279319384,0.25965989278076534,0.0632263472506689,0.632263472506689
lam2_n0.3,2.0,0.3,0.925,0.3039536499939606,0.5996503778148498,3.600024575267589,0.25694269043461876,0.05996503778148498,0.5996503778148498
lam2_n0.3,2.0,0.3,0.9299999999999999,0.28580991427377017,0.5662047535567124,3.657573177220777,0.25426695651422737,0.056620475355671246,0.5662047535567124
lam2_n0.3,2.0,0.3,0.935,0.2673768825330014,0.5319087194367653,3.715743160472903,0.25163203149945446,0.05319087194367653,0.5319087194367653
lam2_n0.3,2.0,0.3,0.94,0.24865144523223856,0.49674410604019165,3.7745355738181723,0.2490372607746104,0.04967441060401917,0.49674410604019165
lam2_n0.3,2.0,0.3,0.9450000000000001,0.22963048765332283,0.4606924522562139,3.8339514400362886,0.24648199508522087,0.04606924522562139,0.4606924522562139
lam2_n0.3,2.0,0.3,0.95,0.2103108900282964,0.42373500270236203,3.893991756340937,0.24396559095253073,0.0423735002702362,0.42373500270236203
lam2_n0.3,2.0,0.3,0.9550000000000001,0.1906895276661713,0.38585270514968906,3.954657494794228,0.24148741104814472,0.038585270514968906,0.38585270514968906
lam2_n0.3,2.0,0.3,0.96,0.17076327107773026,0.34702620794901307,4.015949602689512,0.2390468245311347,0.03470262079490131,0.34702620794901307
lam2_n0.3,2.0,0.3,0.9650000000000001,0.15052898609846355,0.3072358574582307,4.077869002905048,0.23664320734985356,0.030723585745823068,0.3072358574582307
lam2_n0.3,2.0,0.3,0.97,0.12998353400982568,0.2664616954708036,4.140416594230706,0.23427594251061756,0.026646169547080364,0.2664616954708036
lam2_n0.3,2.0,0.3,0.9750000000000001,0.10912377165890597,0.2246834566454517,4.203593251669907,0.2319444203153277,0.02246834566454517,0.2246834566454517
lam2_n0.3,2.0,0.3,0.98,0.08794655157666001,0.18188056593717764,4.267399826718764,0.22964803857001823,0.018188056593717764,0.18188056593717764
lam2_n0.3,2.0,0.3,0.9850000000000001,0.06644872209478314,0.13803213602963327,4.331837147624407,0.2273862027662275,0.013803213602963327,0.13803213602963327
lam2_n0.3,2.0,0.3,0.99,0.04462712746136192,0.0931169647690085,4.3969060196241845,0.22515832623700652,0.009311696476900852,0.0931169647690085
lam2_n0.3,2.0,0.3,0.9950000000000001,0.022478607955352007,0.04711353259942382,4.462607225167532,0.22296383028928712,0.0047113532599423824,0.04711353259942382
lam2_n0.3,2.0,0.3,1.0,0.0,0.0,4.528941524121995,0.2208021443142535,0.0,0.0
lam2_n0.5,2.0,0.5,-1.0,0.0,0.0,2.018289811641729,0.49546898281499724,0.0,0.0
lam2_n0.5,2.0,0.5,-0.995,0.010044672437314994,0.026936744777020932,1.9995952001107393,0.49760071435703385,0.0026936744777020932,0.026936744777020932
lam2_n0.5,2.0,0.5,-0.99,0.019996112482937086,0.05337608436626176,1.9809968728592289,0.4997483911073039,0.005337608436626177,0.05337608436626176
lam2_n0.5,2.0,0.5,-0.985,0.029854801826597607,0.07932512137561008,1.9624949371969993,0.5019121228444339,0.007932512137561009,0.07932512137561008
lam2_n0.5,2.0,0.5,-0.98,0.03962122269417389,0.10479088818075397,1.9440895002633847,0.5040920183290069,0.010479088818075397,0.10479088818075397
lam2_n0.5,2.0,0.5,-0.975,0.04929585784670631,0.12978034726040338,1.925780668975549,0.506288185205778,0.012978034726040338,0.12978034726040338
lam2_n0.5,2.0,0.5,-0.97,0.05887919057915158,0.1543003915320988,1.9075685499740302,0.5085007299020554,0.01543003915320988,0.1543003915320988
lam2_n0.5,2.0,0.5,-0.965,0.06837170471885855,0.17835784468862675,1.889453249565421,0.5107297575221573,0.017835784468862675,0.17835784468862675
lam2_n0.5,2.0,0.5,-0.96,0.07777388462375022,0.2019594615350406,1.8714348736620854,0.5129753717378581,0.020195946153504063,0.2019594615350406
lam2_n0.5,2.0,0.5,-0.955,0.08708621518019431,0.22511192832631624,1.8535135277187997,0.5152376746747352,0.022511192832631626,0.22511192832631624
lam2_n0.5,2.0,0.5,-0.95,0.09630918180055036,0.24782186310563886,1.8356893166662152,0.5175167667943339,0.02478218631056389,0.24782186310563886
lam2_n0.5,2.0,0.5,-0.945,0.10544327042037603,0.2700958160433511,1.817962344841025,0.5198127467720665,0.02700958160433511,0.2700958160433511
lam2_n0.5,2.0,0.5,-0.94,0.11448896749527501,0.2919402697765548,1.800332715912729,0.5221257113707677,0.029194026977655482,0.2919402697765548
lam2_n0.5,2.0,0.5,-0.935,0.12344675999737276,0.31336163974939796,1.7828005328068828,0.5244557553098295,0.031336163974939796,0.31336163974939796
lam2_n0.5,2.0,0.5,-0.9299999999999999,0.13231713541139586,0.33436627455405765,1.7653658976247044,0.5268029711298449,0.033436627455405765,0.33436627455405765
lam2_n0.5,2.0,0.5,-0.925,0.14110058173033935,0.3549604562724178,1.748028911558951,0.5291674490526899,0.03549604562724178,0.3549604562724178
lam2_n0.5,2.0,0.5,-0.92,0.14979758745071192,0.3751504008184787,1.7307896748059124,0.5315492768369832,0.037515040081847875,0.3751504008184787
lam2_n0.5,2.0,0.5,-0.915,0.15840864156731893,0.394942258281496,1.7136482864734446,0.5339485396288635,0.0394942258281496,0.394942258281496
lam2_n0.5,2.0,0.5,-0.91,0.16693423356758652,0.4143421132698728,1.6966048444848936,0.5363653198080341,0.04143421132698728,0.4143421132698728
lam2_n0.5,2.0,0.5,-0.905,0.1753748534253864,0.43335598525581054,1.6796594454788167,0.5387996968290282,0.043335598525581054,0.43335598525581054
lam2_n0.5,2.0,0.5,-0.9,0.18373099159435546,0.4519898289207483,1.6628121847043709,0.5412517470576569,0.04519898289207483,0.4519898289207483
lam2_n0.5,2.0,0.5,-0.895,0.19200313900067645,0.47024953450159235,1.6460631559122678,0.5437215436026088,0.04702495345015924,0.47024953450159235
lam2_n0.5,2.0,0.5,-0.89,0.20019178703530305,0.48814092813776067,1.6294124512411705,0.5462091561421796,0.04881409281377607,0.48814092813776067
lam2_n0.5,2.0,0.5,-0.885,0.20829742754560798,0.5056697722190534,1.6128601610994284,0.5487146507461177,0.05056697722190534,0.5056697722190534
lam2_n0.5,2.0,0.5,-0.88,0.21632055282642348,0.5228417657343638,1.5964063740420422,0.5512380896925839,0.05228417657343638,0.5228417657343638
lam2_n0.5,2.0,0.5,-0.875,0.22426165561045863,0.5396625446212568,1.5800511766427483,0.5537795312802318,0.05396625446212569,0.5396625446212568
lam2_n0.5,2.0,0.5,-0.87,0.23212122905806187,0.5561376821164155,1.5637946533611258,0.5563390296354285,0.055613768211641545,0.5561376821164155
lam2_n0.5,2.0,0.5,-0.865,0.23989976674630775,0.5722726891069834,1.5476368864046282,0.5589166345146458,0.05722726891069834,0.5722726891069834
lam2_n0.5,2.0,0.5,-0.86,0.24759776265738076,0.58807301448282,1.5315779555854403,0.5615123911020696,0.058807301448282,0.58807301448282
lam2_n0.5,2.0,0.5,-0.855,0.2552157111662306,0.6035440454896742,1.5156179381720865,0.5641263398024796,0.06035440454896743,0.6035440454896742
lam2_n0.5,2.0,0.5,-0.85,0.2627541070274713,0.618691108083309,1.4997569087356883,0.5667585160294807,0.0618691108083309,0.618691108083309
lam2_n0.5,2.0,0.5,-0.845,0.27021344536149705,0.6335194672845793,1.483994938990816,0.569408949989168,0.06335194672845794,0.6335194672845793
lam2_n0.5,2.0,0.5,-0.84,0.27759422163979236,0.6480343275354893,1.4683320976308554,0.5720776664593349,0.06480343275354893,0.6480343275354893
lam2_n0.5,2.0,0.5,-0.835,0.2848969316694034,0.6622408330562426,1.4527684501578313,0.5747646845643462,0.06622408330562427,0.6622408330562426
lam2_n0.5,2.0,0.5,-0.83,0.292122071576542,0.6761440682033005,1.4373040587066457,0.5774700175458165,0.06761440682033006,0.6761440682033005
lam2_n0.5,2.0,0.5,-0.825,0.2992701377893005,0.6897490578284687,1.4219389818636778,0.5801936725292571,0.06897490578284687,0.6897490578284687
lam2_n0.5,2.0,0.5,-0.8200000000000001,0.30634162701944256,0.7030607676390241,1.406673274479729,0.5829356502868689,0.07030607676390242,0.7030607676390241
lam2_n0.5,2.0,0.5,-0.815,0.31333703624324766,0.7160841045589025,1.391506987477286,0.5856959449966854,0.07160841045589025,0.7160841045589025
lam2_n0.5,2.0,0.5,-0.81,0.3202568626813736,0.7288239170909576,1.3764401676521079,0.5884745439982871,0.07288239170909576,0.7288239170909576
lam2_n0.5,2.0,0.5,-0.8049999999999999,0.3271016037777173,0.7412849956803174,1.3614728574691282,0.5912714275453367,0.07412849956803173,0.7412849956803174
lam2_n0.5,2.0,0.5,-0.8,0.3338717571772358,0.7534720730788348,1.3466050948527215,0.5940865685551978,0.07534720730788348,0.7534720730788348
lam2_n0.5,2.0,0.5,-0.7949999999999999,0.34056782070271097,0.7653898247106719,1.3318369129713497,0.5969199323559385,0.07653898247106719,0.7653898247106719
lam2_n0.5,2.0,0.5,-0.79,0.34719029233041704,0.7770428690390057,1.3171683400166563,0.5997714764310309,0.07770428690390058,0.7770428690390057
lam2_n0.5,2.0,0.5,-0.785,0.35373967016467417,0.7884357679338947,1.30259939897708,0.6026411501620941,0.07884357679338948,0.7884357679338947
lam2_n0.5,2.0,0.5,-0.78,0.36021645241125466,0.7995730270412981,1.288130107406085,0.6055288945700451,0.07995730270412982,0.7995730270412981
lam2_n0.5,2.0,0.5,-0.775,0.36662113734961876,0.8104590961532772,1.2737604771851037,0.6084346420550593,0.08104590961532772,0.8104590961532772
lam2_n0.5,2.0,0.5,-0.77,0.3729542233039491,0.8210983695793751,1.259490514281351,0.6113583161357528,0.08210983695793751,0.8210983695793751
lam2_n0.5,2.0,0.5,-0.765,0.37921620861296573,0.8314951865192024,1.245320218500635,0.6142998311880455,0.08314951865192025,0.8314951865192024
lam2_n0.5,2.0,0.5,-0.76,0.38540759159849025,0.8416538314362279,1.2312495832353663,0.6172590921841702,0.08416538314362279,0.8416538314362279
lam2_n0.5,2.0,0.5,-0.755,0.3915288705327384,0.8515785344327826,1.2172785952079486,0.6202359944323368,0.08515785344327827,0.8515785344327826
lam2_n0.5,2.0,0.5,-0.75,0.3975805436043206,0.8612734716262989,1.2034072342097886,0.6232304233175762,0.08612734716262989,0.8612734716262989
lam2_n0.5,2.0,0.5,-0.745,0.4035631088829252,0.8707427655267724,1.1896354728361613,0.6262422540443217,0.08707427655267724,0.8707427655267724
lam2_n0.5,2.0,0.5,-0.74,0.40947706428266706,0.8799904854154706,1.175963276217221,0.6292713513813071,0.08799904854154707,0.8799904854154706
lam2_n0.5,2.0,0.5,-0.735,0.4153229075240814,0.8890206477248819,1.1623906017454495,0.6323175694093892,0.08890206477248819,0.8890206477248819
lam2_n0.5,2.0,0.5,-0.73,0.42110113609474836,0.8978372164199123,1.1489173987998746,0.6353807512729257,0.08978372164199123,0.8978372164199123
lam2_n0.5,2.0,0.5,-0.725,0.4268122472085291,0.9064441033803332,1.1355436084674164,0.6384607289353639,0.09064441033803333,0.9064441033803332
lam2_n0.5,2.0,0.5,-0.72,0.43245673776340454,0.9148451687844757,1.122269163261744,0.6415573229397163,0.09148451687844758,0.9148451687844757
lam2_n0.5,2.0,0.5,-0.715,0.4380351042979002,0.9230442214941761,1.1090939868400604,0.6446703421746243,0.09230442214941761,0.9230442214941761
lam2_n0.5,2.0,0.5,-0.71,0.44354784294609406,0.9310450194409665,1.0960179937182497,0.6477995836467241,0.09310450194409665,0.9310450194409665
lam2_n0.5,2.0,0.5,-0.7050000000000001,0.4489954493911937,0.9388512700135045,1.0830410889848618,0.6509448322600567,0.09388512700135046,0.9388512700135045
lam2_n0.5,2.0,0.5,-0.7,0.45437841881768504,0.9464666304462404,1.0701631680144292,0.6541058606032699,0.09464666304462405,0.9464666304462404
lam2_n0.5,2.0,0.5,-0.6950000000000001,0.45969724586204275,0.9538947082093024,1.0573841161806468,0.6572824287453777,0.09538947082093024,0.9538947082093024
lam2_n0.5,2.0,0.5,-0.69,0.46495242456201236,0.9611390613996065,1.0447038085699547,0.6604742840408595,0.09611390613996065,0.9611390613996065
lam2_n0.5,2.0,0.5,-0.685,0.4701444483044576,0.9682031991331576,1.032122109696124,0.6636811609448778,0.09682031991331576,0.9682031991331576
lam2_n0.5,2.0,0.5,-0.6799999999999999,0.47527380977178785,0.9750905819385443,1.0196388732164234,0.6669027808394146,0.09750905819385443,0.9750905819385443
lam2_n0.5,2.0,0.5,-0.675,0.4803410008869701,0.9818046221515959,1.0072539416500281,0.6701388518711101,0.0981804622151596,0.9818046221515959
lam2_n0.5,2.0,0.5,-0.6699999999999999,0.48534651275714163,0.98834868431119,0.9949671460992908,0.6733890688016131,0.09883486843111901,0.98834868431119
lam2_n0.5,2.0,0.5,-0.665,0.490290835615834,0.9947260855561846,0.9827783059745798,0.6766531128712162,0.09947260855561846,0.9947260855561846
lam2_n0.5,2.0,0.5,-0.6599999999999999,0.49517445876383637,1.0009400960234494,0.9706872287233554,0.6799306516765753,0.10009400960234494,1.0009400960234494
lam2_n0.5,2.0,0.5,-0.655,0.4999978705087114,1.006993939246964,0.9586937095642168,0.6832213390632722,0.1006993939246964,1.006993939246964
lam2_n0.5,2.0,0.5,-0.6499999999999999,0.5047615581030009,1.0128907925579638,0.9467975312266326,0.6865248150339875,0.10128907925579639,1.0128907925579638
lam2_n0.5,2.0,0.5,-0.645,0.5094660076811389,1.0186337874860811,0.9349984636971136,0.6898407056730131,0.10186337874860812,1.0186337874860811
lam2_n0.5,2.0,0.5,-0.64,0.5141117041951209,1.0242260101614644,0.9232962639725685,0.6931686230878269,0.10242260101614645,1.0242260101614644
lam2_n0.5,2.0,0.5,-0.635,0.5186991313489525,1.0296705017178163,0.9116906758216181,0.6965081653684089,0.10296705017178163,1.0296705017178163
lam2_n0.5,2.0,0.5,-0.63,0.5232287715319317,1.0349702586963234,0.9001814295546284,0.699858916564961,0.10349702586963234,1.0349702586963234
lam2_n0.5,2.0,0.5,-0.625,0.5277011057508012,1.0401282334504216,0.8887682418032383,0.7032204466846452,0.10401282334504217,1.0401282334504216
lam2_n0.5,2.0,0.5,-0.62,0.5321166135608242,1.0451473345513485,0.8774508153101495,0.7065923117079227,0.10451473345513485,1.0451473345513485
lam2_n0.5,2.0,0.5,-0.615,0.536475772995838,1.0500304271944343,0.8662288387299488,0.7099740536250252,0.10500304271944344,1.0500304271944343
lam2_n0.5,2.0,0.5,-0.61,0.5407790604973401,1.0547803336060708,0.8551019864417178,0.7133652004930484,0.10547803336060708,1.0547803336060708
lam2_n0.5,2.0,0.5,-0.605,0.5450269508426668,1.0593998334512997,0.8440699183741803,0.7167652665140952,0.10593998334512998,1.0593998334512997
lam2_n0.5,2.0,0.5,-0.6,0.5492199170723333,1.0638916642419607,0.8331322798441144,0.7201737521348527,0.10638916642419607,1.0638916642419607
lam2_n0.5,2.0,0.5,-0.595,0.553358430416598,1.0682585217453267,0.8222887014087487,0.72359014416791,0.10682585217453267,1.0682585217453267
lam2_n0.5,2.0,0.5,-0.59,0.5574429602213268,1.0725030603931645,0.8115387987328254,0.7270139159350774,0.10725030603931646,1.0725030603931645
lam2_n0.5,2.0,0.5,-0.585,0.5614739738732292,1.0766278936911442,0.8008821724709959,0.7304445274328863,0.10766278936911443,1.0766278936911442
lam2_n0.5,2.0,0.5,-0.5800000000000001,0.5654519367245476,1.0806355946285182,0.7903184081661819,0.7338814255203863,0.10806355946285183,1.0806355946285182
lam2_n0.5,2.0,0.5,-0.575,0.5693773120172801,1.0845286960880005,0.779847076164492,0.7373240441292827,0.10845286960880006,1.0845286960880005
lam2_n0.5,2.0,0.5,-0.5700000000000001,0.5732505608070164,1.0883096912557517,0.7694677315472632,0.7407718044963771,0.10883096912557517,1.0883096912557517
lam2_n0.5,2.0,0.5,-0.565,0.5770721418864837,1.091981034031396,0.7591799140807257,0.744224115418209,0.10919810340313961,1.091981034031396
lam2_n0.5,2.0,0.5,-0.56,0.5808425117088807,1.0955451394379727,0.7489831481837796,0.7476803735276987,0.10955451394379728,1.0955451394379727
lam2_n0.5,2.0,0.5,-0.5549999999999999,0.5845621243111004,1.0990043840317374,0.738876942914286,0.7511399635925345,0.10990043840317375,1.0990043840317374
lam2_n0.5,2.0,0.5,-0.55,0.588231431236929,1.1023611063117151,0.7288607919742531,0.7546022588349474,0.11023611063117152,1.1023611063117151
lam2_n0.5,2.0,0.5,-0.5449999999999999,0.5918508814603202,1.1056176071289106,0.7189341737342175,0.7580666212724515,0.11056176071289106,1.1056176071289106
lam2_n0.5,2.0,0.5,-0.54,0.5954209213088383,1.1087761500950755,0.7090965512770859,0.7615324020790366,0.11087761500950755,1.1087761500950755
lam2_n0.5,2.0,0.5,-0.5349999999999999,0.5989419943873718,1.1118389619909315,0.6993473724616148,0.7649989419662323,0.11118389619909315,1.1118389619909315
lam2_n0.5,2.0,0.5,-0.53,0.6024145415022121,1.1148082331737437,0.6896860700056742,0.7684655715833721,0.11148082331737437,1.1148082331737437
lam2_n0.5,2.0,0.5,-0.5249999999999999,0.6058390005855979,1.1176861179841406,0.6801120615893429,0.771931611936327,0.11176861179841407,1.1176861179841406
lam2_n0.5,2.0,0.5,-0.52,0.6092158066208258,1.1204747351520714,0.6706247499778505,0.7753963748238858,0.11204747351520715,1.1204747351520714
lam2_n0.5,2.0,0.5,-0.515,0.612545391568025,1.1231761682017884,0.6612235231642806,0.7788591632909112,0.11231761682017885,1.1231761682017884
lam2_n0.5,2.0,0.5,-0.51,0.6158281842906939,1.1257924658557485,0.6519077545319137,0.7823192720973121,0.11257924658557486,1.1257924658557485
lam2_n0.5,2.0,0.5,-0.505,0.6190646104830969,1.1283256424373127,0.6426768030359948,0.7857759882018274,0.11283256424373128,1.1283256424373127
lam2_n0.5,2.0,0.5,-0.5,0.6222550925986199,1.130777678272139,0.6335300134046564,0.7892285912595487,0.1130777678272139,1.130777678272139
lam2_n0.5,2.0,0.5,-0.495,0.6254000497791752,1.133150520088145,0.6244667163586582,0.7926763541320593,0.11331505200881452,1.133150520088145
lam2_n0.5,2.0,0.5,-0.49,0.6284998977857528,1.135446081413928,0.6154862288495336,0.7961185434090176,0.1135446081413928,1.135446081413928
lam2_n0.5,2.0,0.5,-0.485,0.6315550489302075,1.1376662429755267,0.6065878543156761,0.7995544199399676,0.11376662429755267,1.1376662429755267
lam2_n0.5,2.0,0.5,-0.48,0.6345659120083692,1.1398128530914047,0.5977708829558257,0.8029832393751288,0.11398128530914048,1.1398128530914047
lam2_n0.5,2.0,0.5,-0.475,0.6375328922345638,1.1418877280655406,0.5890345920193648,0.8064042527138781,0.11418877280655407,1.1418877280655406
lam2_n0.5,2.0,0.5,-0.47,0.6404563911776258,1.1438926525785074,0.5803782461127662,0.8098167068596157,0.11438926525785074,1.1438926525785074
lam2_n0.5,2.0,0.5,-0.46499999999999997,0.6433368066984825,1.1458293800764223,0.5718010975214856,0.813219845179691,0.11458293800764224,1.1458293800764223
lam2_n0.5,2.0,0.5,-0.45999999999999996,0.646174532889384,1.147699633157653,0.5633023865465377,0.8166129080690422,0.1147699633157653,1.147699633157653
lam2_n0.5,2.0,0.5,-0.45499999999999996,0.6489699600148517,1.149505103957164,0.5548813418549445,0.8199951335162117,0.11495051039571641,1.149505103957164
lam2_n0.5,2.0,0.5,-0.44999999999999996,0.651723474454412,1.1512474545283862,0.5465371808432018,0.8233657576703866,0.11512474545283863,1.1512474545283862
lam2_n0.5,2.0,0.5,-0.44499999999999995,0.6544354586471774,1.1529283172225004,0.5382691100128701,0.826724015408129,0.11529283172225005,1.1529283172225004
lam2_n0.5,2.0,0.5,-0.43999999999999995,0.6571062910383344,1.1545492950650174,0.5300763253573562,0.8300691408984726,0.11545492950650174,1.1545492950650174
lam2_n0.5,2.0,0.5,-0.43499999999999994,0.6597363460275912,1.1561119621295481,0.5219580127589242,0.8334003681650781,0.11561119621295482,1.1561119621295481
lam2_n0.5,2.0,0.5,-0.42999999999999994,0.6623259939196344,1.1576178639086534,0.513913348394945,0.8367169316441705,0.11576178639086535,1.1576178639086534
lam2_n0.5,2.0,0.5,-0.42499999999999993,0.664875600876637,1.1590685176816669,0.5059414991523715,0.8400180667370104,0.11590685176816669,1.1590685176816669
lam2_n0.5,2.0,0.5,-0.42000000000000004,0.6673855288728575,1.1604654128793839,0.4980416230494105,0.8433030103556867,0.1160465412879384,1.1604654128793839
lam2_n0.5,2.0,0.5,-0.41500000000000004,0.6698561356513643,1.1618100114455205,0.49021286966334504,0.846571001461064,0.11618100114455206,1.1618100114455205
lam2_n0.5,2.0,0.5,-0.41000000000000003,0.6722877746829105,1.1631037481948336,0.4824543805634625,0.8498212815917592,0.11631037481948336,1.1631037481948336
lam2_n0.5,2.0,0.5,-0.405,0.6746807951269855,1.1643480311678136,0.47476528974802823,0.8530530953830794,0.11643480311678137,1.1643480311678136
lam2_n0.5,2.0,0.5,-0.4,0.6770355417950589,1.1655442419818507,0.4671447240842562,0.8562656910749019,0.11655442419818507,1.1655442419818507
lam2_n0.5,2.0,0.5,-0.395,0.6793523551160285,1.1666937361787837,0.4595918037502298,0.8594583210075415,0.11666937361787838,1.1666937361787837
lam2_n0.5,2.0,0.5,-0.39,0.6816315711038827,1.1677978435687455,0.4521056426777363,0.8626302421047075,0.11677978435687456,1.1677978435687455
lam2_n0.5,2.0,0.5,-0.385,0.6838735213275756,1.1688578685702165,0.44468534899499595,0.8657807163427199,0.11688578685702165,1.1688578685702165
lam2_n0.5,2.0,0.5,-0.38,0.6860785328831137,1.16987509054621,0.43733002546828353,0.8689090112052201,0.11698750905462102,1.16987509054621
lam2_n0.5,2.0,0.5,-0.375,0.6882469283678464,1.1708507641365042,0.43003876994146256,0.8720144001226807,0.11708507641365043,1.1708507641365042
lam2_n0.5,2.0,0.5,-0.37,0.6903790258569467,1.171786119585852,0.4228106757724807,0.8750961628960884,0.11717861195858521,1.171786119585852
lam2_n0.5,2.0,0.5,-0.365,0.6924751388820641,1.1726823630680956,0.4156448322659046,0.8781535861042413,0.11726823630680956,1.1726823630680956
lam2_n0.5,2.0,0.5,-0.36,0.6945355764121304,1.1735406770061154,0.4085403251006018,0.8811859634941817,0.11735406770061155,1.1735406770061154
lam2_n0.5,2.0,0.5,-0.355,0.6965606428362873,1.1743622203875557,0.4014962367517178,0.8841925963543446,0.11743622203875557,1.1743622203875557
lam2_n0.5,2.0,0.5,-0.35,0.6985506379489101,1.1751481290762609,0.39451164690613144,0.8871727938700822,0.1175148129076261,1.1751481290762609
lam2_n0.5,2.0,0.5,-0.345,0.7005058569366899,1.1758995161193684,0.3875856328706102,0.8901258734612931,0.11758995161193685,1.1758995161193684
lam2_n0.5,2.0,0.5,-0.33999999999999997,0.7024265903677367,1.1766174720500073,0.38071726997193617,0.8930511611019443,0.11766174720500074,1.1766174720500073
lam2_n0.5,2.0,0.5,-0.33499999999999996,0.7043131241826617,1.1773030651855512,0.3739056319483074,0.8959479916213561,0.11773030651855512,1.1773030651855512
lam2_n0.5,2.0,0.5,-0.32999999999999996,0.7061657396875937,1.1779573419213791,0.3671497913313719,0.8988157089871739,0.11779573419213792,1.1779573419213791
lam2_n0.5,2.0,0.5,-0.32499999999999996,0.7079847135490804,1.1785813270201093,0.3604488198182939,0.9016536665700166,0.11785813270201094,1.1785813270201093
lam2_n0.5,2.0,0.5,-0.31999999999999995,0.7097703177908252,1.1791760238962596,0.3538017886332998,0.9044612273898538,0.11791760238962597,1.1791760238962596
lam2_n0.5,2.0,0.5,-0.31499999999999995,0.7115228197922021,1.1797424148963065,0.34720776887819577,0.9072377643442229,0.11797424148963065,1.1797424148963065
lam2_n0.5,2.0,0.5,-0.30999999999999994,0.7132424822884975,1.18028146157411,0.34066583187139965,0.9099826604184479,0.118028146157411,1.18028146157411
lam2_n0.5,2.0,0.5,-0.30499999999999994,0.7149295633728153,1.1807941049616768,0.33417504947507376,0.9126953088780795,0.11807941049616769,1.1807941049616768
lam2_n0.5,2.0,0.5,-0.29999999999999993,0.716584316499588,1.1812812658352403,0.3277344944099924,0.9153751134438204,0.11812812658352403,1.1812812658352403
lam2_n0.5,2.0,0.5,-0.29500000000000004,0.7182069904896311,1.1817438449766346,0.32134324055782476,0.918021488449251,0.11817438449766347,1.1817438449766346
lam2_n0.5,2.0,0.5,-0.29000000000000004,0.7197978295366765,1.1821827234299467,0.3150003632505568,0.9206338589817084,0.11821827234299467,1.1821827234299467
lam2_n0.5,2.0,0.5,-0.28500000000000003,0.7213570732153198,1.1825987627534338,0.3087049395468237,0.923211661006713,0.11825987627534339,1.1825987627534338
lam2_n0.5,2.0,0.5,-0.28,0.7228849564903178,1.1829928052666943,0.3024560484949613,0.9257543414763768,0.11829928052666944,1.1829928052666943
lam2_n0.5,2.0,0.5,-0.275,0.7243817097271655,1.1833656742930851,0.2962527713826333,0.9282613584222519,0.11833656742930852,1.1833656742930851
lam2_n0.5,2.0,0.5,-0.27,0.72584755870389,1.1837181743973804,0.2900941919729254,0.930732181033115,0.11837181743973804,1.1837181743973804
lam2_n0.5,2.0,0.5,-0.265,0.727282724623988,1.1840510916186702,0.28397939672684036,0.9331662897182058,0.11840510916186703,1.1840510916186702
lam2_n0.5,2.0,0.5,-0.26,0.7286874241304444,1.1843651936984978,0.2779074750121613,0.9355631761564612,0.11843651936984978,1.1843651936984978
lam2_n0.5,2.0,0.5,-0.255,0.7300618693207597,1.1846612303042439,0.27187751929868864,0.937922343332305,0.11846612303042439,1.1846612303042439
lam2_n0.5,2.0,0.5,-0.25,0.7314062677629192,1.1849399332477564,0.2658886253398868,0.9402433055585726,0.11849399332477564,1.1849399332477564
lam2_n0.5,2.0,0.5,-0.245,0.732720822512238,1.1852020166992396,0.2599398923410102,0.9425255884871611,0.11852020166992397,1.1852020166992396
lam2_n0.5,2.0,0.5,-0.24,0.7340057321290123,1.1854481773964114,0.2540304231138064,0.9447687291080062,0.11854481773964115,1.1854481773964114
lam2_n0.5,2.0,0.5,-0.235,0.7352611906969104,1.1856790948489377,0.24815932421792078,0.9469722757369982,0.11856790948489378,1.1856790948489377
lam2_n0.5,2.0,0.5,-0.22999999999999998,0.7364873878420384,1.1858954315381645,0.24232570608915607,0.9491357879934487,0.11858954315381645,1.1858954315381645
lam2_n0.5,2.0,0.5,-0.22499999999999998,0.7376845087526147,1.1860978331121559,0.23652868315475964,0.9512588367677315,0.11860978331121559,1.1860978331121559
lam2_n0.5,2.0,0.5,-0.21999999999999997,0.7388527341991888,1.1862869285760638,0.23076737393593572,0.9533410041797117,0.11862869285760638,1.1862869285760638
lam2_n0.5,2.0,0.5,-0.21499999999999997,0.7399922405553414,1.1864633304778422,0.22504090113779848,0.9553818835285849,0.11864633304778423,1.1864633304778422
lam2_n0.5,2.0,0.5,-0.20999999999999996,0.7411031998188022,1.1866276350893306,0.21934839172700066,0.957381079234738,0.11866276350893307,1.1866276350893306
lam2_n0.5,2.0,0.5,-0.20499999999999996,0.7421857796329276,1.1867804225827252,0.21368897699728745,0.9593382067742419,0.11867804225827253,1.1867804225827252
lam2_n0.5,2.0,0.5,-0.19999999999999996,0.7432401433084747,1.1869222572024674,0.2080617926232408,0.961252892606577,0.11869222572024674,1.1869222572024674
lam2_n0.5,2.0,0.5,-0.19499999999999995,0.7442664498456156,1.1870536874325646,0.20246597870249114,0.9631247740961859,0.11870536874325646,1.1870536874325646
lam2_n0.5,2.0,0.5,-0.18999999999999995,0.7452648539561355,1.187175246159378,0.1969006797866852,0.9649534994284368,0.11871752461593782,1.187175246159378
lam2_n0.5,2.0,0.5,-0.18499999999999994,0.7462355060857564,1.1872874508298983,0.19136504490150796,0.9667387275205669,0.11872874508298983,1.1872874508298983
lam2_n0.5,2.0,0.5,-0.17999999999999994,0.7471785524365359,1.187390803605535,0.18585822755606396,0.968480127928171,0.1187390803605535,1.187390803605535
lam2_n0.5,2.0,0.5,-0.17499999999999993,0.7480941349892855,1.1874857915114525,0.18037938574193163,0.9701773807477759,0.11874857915114526,1.1874857915114525
lam2_n0.5,2.0,0.5,-0.16999999999999993,0.74898239152596,1.1875728865814752,0.17492768192220712,0.9718301765160382,0.11875728865814753,1.1875728865814752
lam2_n0.5,2.0,0.5,-0.16500000000000004,0.7498434556519679,1.1876525459985943,0.16950228301086082,0.9734382161060787,0.11876525459985943,1.1876525459985943
lam2_n0.5,2.0,0.5,-0.16000000000000003,0.7506774568183536,1.187725212231102,0.16410236034272957,0.9750012106214577,0.1187725212231102,1.187725212231102
lam2_n0.5,2.0,0.5,-0.15500000000000003,0.7514845203438085,1.1877913131643838,0.1587270896344732,0.9765188812882781,0.11877913131643839,1.1877913131643838
lam2_n0.5,2.0,0.5,-0.15000000000000002,0.7522647674364643,1.1878512622283979,0.15337565093682048,0.977990959345881,0.11878512622283979,1.1878512622283979
lam2_n0.5,2.0,0.5,-0.14500000000000002,0.7530183152154261,1.1879054585208708,0.14804722857843258,0.9794171859365931,0.11879054585208709,1.1879054585208708
lam2_n0.5,2.0,0.5,-0.14,0.753745276732005,1.1879542869262385,0.14274101110171067,0.9807973119949561,0.11879542869262386,1.1879542869262385
lam2_n0.5,2.0,0.5,-0.135,0.7544457609906104,1.187998118230359,0.1374561911908708,0.9821310981368593,0.1187998118230359,1.187998118230359
lam2_n0.5,2.0,0.5,-0.13,0.7551198729692633,1.1880373092310323,0.13219196559260912,0.9834183145489768,0.11880373092310324,1.1880373092310323
lam2_n0.5,2.0,0.5,-0.125,0.7557677136396959,1.188072202844348,0.12694753502967612,0.9846587408788926,0.1188072202844348,1.188072202844348
lam2_n0.5,2.0,0.5,-0.12,0.7563893799870014,1.1881031282068943,0.12172210410767496,0.9858521661262806,0.11881031282068943,1.1881031282068943
lam2_n0.5,2.0,0.5,-0.11499999999999999,0.7569849650288019,1.1881304007738531,0.11651488121539592,0.9869983885354916,0.11881304007738532,1.1881304007738531
lam2_n0.5,2.0,0.5,-0.10999999999999999,0.757554557833902,1.1881543224130096,0.1113250784189938,0.9880972154898771,0.11881543224130096,1.1881543224130096
lam2_n0.5,2.0,0.5,-0.10499999999999998,0.7580982435403995,1.188175181494703,0.1061519113503106,0.9891484634081698,0.11881751814947031,1.188175181494703
lam2_n0.5,2.0,0.5,-0.09999999999999998,0.7586161033732216,1.1881932529777441,0.10099459908964085,0.9901519576432193,0.11881932529777442,1.1881932529777441
lam2_n0.5,2.0,0.5,-0.09499999999999997,0.7591082146610649,1.1882087984913232,0.09585236404323214,0.9911075323833669,0.11882087984913232,1.1882087984913232
lam2_n0.5,2.0,0.5,-0.08999999999999997,0.7595746508527071,1.1882220664129364,0.09072443181580739,0.9920150305567281,0.11882220664129364,1.1882220664129364
lam2_n0.5,2.0,0.5,-0.08499999999999996,0.7600154815326713,1.1882332919423502,0.08561003107839045,0.9928743037386366,0.11882332919423502,1.1882332919423502
lam2_n0.5,2.0,0.5,-0.07999999999999996,0.7604307724362176,1.1882426971716304,0.0805083934317113,0.9936852120624842,0.11882426971716305,1.1882426971716304
lam2_n0.5,2.0,0.5,-0.07499999999999996,0.760820585463642,1.1882504911512548,0.07541875326546107,0.9944476241341835,0.11882504911512548,1.1882504911512548
lam2_n0.5,2.0,0.5,-0.06999999999999995,0.7611849786938605,1.1882568699523308,0.07034034761366233,0.9951614169504577,0.11882568699523309,1.1882568699523308
lam2_n0.5,2.0,0.5,-0.06499999999999995,0.761524006397262,1.1882620167249403,0.06527241600641442,0.9958264758211538,0.11882620167249403,1.1882620167249403
lam2_n0.5,2.0,0.5,-0.05999999999999994,0.7618377190478112,1.188266101752628,0.06021420031826845,0.9964426942957587,0.1188266101752628,1.188266101752628
lam2_n0.5,2.0,0.5,-0.05499999999999994,0.7621261633343841,1.188269282503052,0.05516494461348163,0.9970099740942842,0.11882692825030522,1.188269282503052
lam2_n0.5,2.0,0.5,-0.04999999999999993,0.7623893821713253,1.1882717036748156,0.05012389498839578,0.9975282250426762,0.11882717036748157,1.1882717036748156
lam2_n0.5,2.0,0.5,-0.04499999999999993,0.7626274147082074,1.188273497240489,0.045090299411180125,0.9979973650128877,0.1188273497240489,1.188273497240489
lam2_n0.5,2.0,0.5,-0.040000000000000036,0.7628402963387853,1.1882747824858468,0.040063407559174445,0.9984173198677432,0.1188274782485847,1.1882747824858468
lam2_n0.5,2.0,0.5,-0.03500000000000003,0.7630280587091304,1.188275666045323,0.03504247065406358,0.9987880234107117,0.11882756660453231,1.188275666045323
lam2_n0.5,2.0,0.5,-0.030000000000000027,0.7631907297249363,1.1882762419337036,0.030026741295112926,0.9991094173406938,0.11882762419337037,1.1882762419337036
lam2_n0.5,2.0,0.5,-0.025000000000000022,0.7633283335579865,1.1882765915740632,0.02501547329068744,0.9993814512119114,0.11882765915740633,1.1882765915740632
lam2_n0.5,2.0,0.5,-0.020000000000000018,0.7634408906517747,1.1882767838219586,0.020007921488276955,0.9996040823989849,0.11882767838219586,1.1882767838219586
lam2_n0.5,2.0,0.5,-0.015000000000000013,0.7635284177262739,1.1882768749858845,0.01500334160324604,0.999777276067266,0.11882768749858846,1.1882768749858845
lam2_n0.5,2.0,0.5,-0.010000000000000009,0.7635909277818443,1.1882769088440013,0.010000990046524676,0.9999010051484842,0.11882769088440014,1.1882769088440013
lam2_n0.5,2.0,0.5,-0.0050000000000000044,0.7636284301022795,1.1882769166571387,0.005000123751454025,0.9999752503217576,0.11882769166571389,1.1882769166571387
lam2_n0.5,2.0,0.5,0.0,0.7636409302569838,1.1882769171780814,0.0,1.0,0.11882769171780815,1.1882769171780814
lam2_n0.5,2.0,0.5,0.0050000000000001155,0.7636284301022795,1.1882769166571387,0.005000123751454136,0.9999752503217576,0.11882769166571389,1.1882769166571387
lam2_n0.5,2.0,0.5,0.010000000000000009,0.7635909277818443,1.1882769088440013,0.010000990046524676,0.9999010051484842,0.11882769088440014,1.1882769088440013
lam2_n0.5,2.0,0.5,0.015000000000000124,0.7635284177262739,1.1882768749858845,0.01500334160324615,0.999777276067266,0.11882768749858846,1.1882768749858845
lam2_n0.5,2.0,0.5,0.020000000000000018,0.7634408906517747,1.1882767838219586,0.020007921488276955,0.9996040823989849,0.11882767838219586,1.1882767838219586
lam2_n0.5,2.0,0.5,0.02499999999999991,0.7633283335579865,1.1882765915740632,0.025015473290687328,0.9993814512119114,0.11882765915740633,1.1882765915740632
lam2_n0.5,2.0,0.5,0.030000000000000027,0.7631907297249363,1.1882762419337036,0.030026741295112926,0.9991094173406938,0.11882762419337037,1.1882762419337036
lam2_n0.5,2.0,0.5,0.03499999999999992,0.7630280587091304,1.188275666045323,0.03504247065406347,0.9987880234107117,0.11882756660453231,1.188275666045323
lam2_n0.5,2.0,0.5,0.040000000000000036,0.7628402963387853,1.1882747824858468,0.040063407559174445,0.9984173198677432,0.1188274782485847,1.1882747824858468
lam2_n0.5,2.0,0.5,0.04499999999999993,0.7626274147082074,1.188273497240489,0.045090299411180125,0.9979973650128877,0.1188273497240489,1.188273497240489
lam2_n0.5,2.0,0.5,0.050000000000000044,0.7623893821713253,1.1882717036748156,0.05012389498839589,0.9975282250426762,0.11882717036748157,1.1882717036748156
lam2_n0.5,2.0,0.5,0.05499999999999994,0.7621261633343841,1.188269282503052,0.05516494461348163,0.9970099740942842,0.11882692825030522,1.188269282503052
lam2_n0.5,2.0,0.5,0.06000000000000005,0.7618377190478112,1.188266101752628,0.06021420031826856,0.9964426942957587,0.1188266101752628,1.188266101752628
lam2_n0.5,2.0,0.5,0.06499999999999995,0.761524006397262,1.1882620167249403,0.06527241600641442,0.9958264758211538,0.11882620167249403,1.1882620167249403
lam2_n0.5,2.0,0.5,0.07000000000000006,0.7611849786938605,1.1882568699523308,0.07034034761366244,0.9951614169504577,0.11882568699523309,1.1882568699523308
lam2_n0.5,2.0,0.5,0.07499999999999996,0.760820585463642,1.1882504911512548,0.07541875326546107,0.9944476241341835,0.11882504911512548,1.1882504911512548
lam2_n0.5,2.0,0.5,0.08000000000000007,0.7604307724362176,1.1882426971716304,0.08050839343171141,0.9936852120624842,0.11882426971716305,1.1882426971716304
lam2_n0.5,2.0,0.5,0.08499999999999996,0.7600154815326713,1.1882332919423502,0.08561003107839045,0.9928743037386366,0.11882332919423502,1.1882332919423502
lam2_n0.5,2.0,0.5,0.09000000000000008,0.7595746508527071,1.1882220664129364,0.0907244318158075,0.9920150305567281,0.11882220664129364,1.1882220664129364
lam2_n0.5,2.0,0.5,0.09499999999999997,0.7591082146610649,1.1882087984913232,0.09585236404323214,0.9911075323833669,0.11882087984913232,1.1882087984913232
lam2_n0.5,2.0,0.5,0.10000000000000009,0.7586161033732216,1.1881932529777441,0.10099459908964097,0.9901519576432193,0.11881932529777442,1.1881932529777441
lam2_n0.5,2.0,0.5,0.10499999999999998,0.7580982435403995,1.188175181494703,0.1061519113503106,0.9891484634081698,0.11881751814947031,1.188175181494703
lam2_n0.5,2.0,0.5,0.1100000000000001,0.757554557833902,1.1881543224130096,0.11132507841899392,0.9880972154898771,0.11881543224130096,1.1881543224130096
lam2_n0.5,2.0,0.5,0.11499999999999999,0.7569849650288019,1.1881304007738531,0.11651488121539592,0.9869983885354916,0.11881304007738532,1.1881304007738531
lam2_n0.5,2.0,0.5,0.1200000000000001,0.7563893799870014,1.1881031282068943,0.12172210410767507,0.9858521661262806,0.11881031282068943,1.1881031282068943
lam2_n0.5,2.0,0.5,0.125,0.7557677136396959,1.188072202844348,0.12694753502967612,0.9846587408788926,0.1188072202844348,1.188072202844348
lam2_n0.5,2.0,0.5,0.13000000000000012,0.7551198729692633,1.1880373092310323,0.13219196559260923,0.9834183145489768,0.11880373092310324,1.1880373092310323
lam2_n0.5,2.0,0.5,0.135,0.7544457609906104,1.187998118230359,0.1374561911908708,0.9821310981368593,0.1187998118230359,1.187998118230359
lam2_n0.5,2.0,0.5,0.14000000000000012,0.753745276732005,1.1879542869262385,0.14274101110171078,0.9807973119949561,0.11879542869262386,1.1879542869262385
lam2_n0.5,2.0,0.5,0.14500000000000002,0.7530183152154261,1.1879054585208708,0.14804722857843258,0.9794171859365931,0.11879054585208709,1.1879054585208708
lam2_n0.5,2.0,0.5,0.15000000000000013,0.7522647674364643,1.1878512622283979,0.1533756509368206,0.977990959345881,0.11878512622283979,1.1878512622283979
lam2_n0.5,2.0,0.5,0.15500000000000003,0.7514845203438085,1.1877913131643838,0.1587270896344732,0.9765188812882781,0.11877913131643839,1.1877913131643838
lam2_n0.5,2.0,0.5,0.15999999999999992,0.7506774568183536,1.187725212231102,0.16410236034272946,0.9750012106214577,0.1187725212231102,1.187725212231102
lam2_n0.5,2.0,0.5,0.16500000000000004,0.7498434556519679,1.1876525459985943,0.16950228301086082,0.9734382161060787,0.11876525459985943,1.1876525459985943
lam2_n0.5,2.0,0.5,0.16999999999999993,0.74898239152596,1.1875728865814752,0.17492768192220712,0.9718301765160382,0.11875728865814753,1.1875728865814752
lam2_n0.5,2.0,0.5,0.17500000000000004,0.7480941349892855,1.1874857915114525,0.18037938574193174,0.9701773807477759,0.11874857915114526,1.1874857915114525
lam2_n0.5,2.0,0.5,0.17999999999999994,0.7471785524365359,1.187390803605535,0.18585822755606396,0.968480127928171,0.1187390803605535,1.187390803605535
lam2_n0.5,2.0,0.5,0.18500000000000005,0.7462355060857564,1.1872874508298983,0.19136504490150807,0.9667387275205669,0.11872874508298983,1.1872874508298983
lam2_n0.5,2.0,0.5,0.18999999999999995,0.7452648539561355,1.187175246159378,0.1969006797866852,0.9649534994284368,0.11871752461593782,1.187175246159378
lam2_n0.5,2.0,0.5,0.19500000000000006,0.7442664498456156,1.1870536874325646,0.20246597870249125,0.9631247740961859,0.11870536874325646,1.1870536874325646
lam2_n0.5,2.0,0.5,0.19999999999999996,0.7432401433084747,1.1869222572024674,0.2080617926232408,0.961252892606577,0.11869222572024674,1.1869222572024674
lam2_n0.5,2.0,0.5,0.20500000000000007,0.7421857796329276,1.1867804225827252,0.21368897699728756,0.9593382067742419,0.11867804225827253,1.1867804225827252
lam2_n0.5,2.0,0.5,0.20999999999999996,0.7411031998188022,1.1866276350893306,0.21934839172700066,0.957381079234738,0.11866276350893307,1.1866276350893306
lam2_n0.5,2.0,0.5,0.21500000000000008,0.7399922405553414,1.1864633304778422,0.2250409011377986,0.9553818835285849,0.11864633304778423,1.1864633304778422
lam2_n0.5,2.0,0.5,0.21999999999999997,0.7388527341991888,1.1862869285760638,0.23076737393593572,0.9533410041797117,0.11862869285760638,1.1862869285760638
lam2_n0.5,2.0,0.5,0.2250000000000001,0.7376845087526147,1.1860978331121559,0.23652868315475975,0.9512588367677315,0.11860978331121559,1.1860978331121559
lam2_n0.5,2.0,0.5,0.22999999999999998,0.7364873878420384,1.1858954315381645,0.24232570608915607,0.9491357879934487,0.11858954315381645,1.1858954315381645
lam2_n0.5,2.0,0.5,0.2350000000000001,0.7352611906969104,1.1856790948489377,0.24815932421792092,0.9469722757369982,0.11856790948489378,1.1856790948489377
lam2_n0.5,2.0,0.5,0.24,0.7340057321290123,1.1854481773964114,0.2540304231138064,0.9447687291080062,0.11854481773964115,1.1854481773964114
lam2_n0.5,2.0,0.5,0.2450000000000001,0.732720822512238,1.1852020166992396,0.2599398923410104,0.9425255884871611,0.11852020166992397,1.1852020166992396
lam2_n0.5,2.0,0.5,0.25,0.7314062677629192,1.1849399332477564,0.2658886253398868,0.9402433055585726,0.11849399332477564,1.1849399332477564
lam2_n0.5,2.0,0.5,0.2550000000000001,0.7300618693207597,1.1846612303042439,0.27187751929868875,0.937922343332305,0.11846612303042439,1.1846612303042439
lam2_n0.5,2.0,0.5,0.26,0.7286874241304444,1.1843651936984978,0.2779074750121613,0.9355631761564612,0.11843651936984978,1.1843651936984978
lam2_n0.5,2.0,0.5,0.2650000000000001,0.727282724623988,1.1840510916186702,0.28397939672684047,0.9331662897182058,0.11840510916186703,1.1840510916186702
lam2_n0.5,2.0,0.5,0.27,0.72584755870389,1.1837181743973804,0.2900941919729254,0.930732181033115,0.11837181743973804,1.1837181743973804
lam2_n0.5,2.0,0.5,0.27500000000000013,0.7243817097271655,1.1833656742930851,0.2962527713826334,0.9282613584222519,0.11833656742930852,1.1833656742930851
lam2_n0.5,2.0,0.5,0.28,0.7228849564903178,1.1829928052666943,0.3024560484949613,0.9257543414763768,0.11829928052666944,1.1829928052666943
lam2_n0.5,2.0,0.5,0.2849999999999999,0.7213570732153198,1.1825987627534338,0.30870493954682354,0.9232116610067131,0.11825987627534339,1.1825987627534338
lam2_n0.5,2.0,0.5,0.29000000000000004,0.7197978295366765,1.1821827234299467,0.3150003632505568,0.9206338589817084,0.11821827234299467,1.1821827234299467
lam2_n0.5,2.0,0.5,0.29499999999999993,0.7182069904896311,1.1817438449766346,0.3213432405578246,0.9180214884492511,0.11817438449766347,1.1817438449766346
lam2_n0.5,2.0,0.5,0.30000000000000004,0.716584316499588,1.1812812658352403,0.3277344944099925,0.9153751134438204,0.11812812658352403,1.1812812658352403
lam2_n0.5,2.0,0.5,0.30499999999999994,0.7149295633728153,1.1807941049616768,0.33417504947507376,0.9126953088780795,0.11807941049616769,1.1807941049616768
lam2_n0.5,2.0,0.5,0.31000000000000005,0.7132424822884975,1.18028146157411,0.34066583187139976,0.9099826604184479,0.118028146157411,1.18028146157411
lam2_n0.5,2.0,0.5,0.31499999999999995,0.7115228197922021,1.1797424148963065,0.34720776887819577,0.9072377643442229,0.11797424148963065,1.1797424148963065
lam2_n0.5,2.0,0.5,0.32000000000000006,0.7097703177908252,1.1791760238962596,0.3538017886332999,0.9044612273898538,0.11791760238962597,1.1791760238962596
lam2_n0.5,2.0,0.5,0.32499999999999996,0.7079847135490804,1.1785813270201093,0.3604488198182939,0.9016536665700166,0.11785813270201094,1.1785813270201093
lam2_n0.5,2.0,0.5,0.33000000000000007,0.7061657396875937,1.1779573419213791,0.367149791331372,0.8988157089871739,0.11779573419213792,1.1779573419213791
lam2_n0.5,2.0,0.5,0.33499999999999996,0.7043131241826617,1.1773030651855512,0.3739056319483074,0.8959479916213561,0.11773030651855512,1.1773030651855512
lam2_n0.5,2.0,0.5,0.3400000000000001,0.7024265903677367,1.1766174720500073,0.3807172699719363,0.8930511611019443,0.11766174720500074,1.1766174720500073
lam2_n0.5,2.0,0.5,0.345,0.7005058569366899,1.1758995161193684,0.3875856328706102,0.8901258734612931,0.11758995161193685,1.1758995161193684
lam2_n0.5,2.0,0.5,0.3500000000000001,0.6985506379489101,1.1751481290762609,0.39451164690613155,0.8871727938700822,0.1175148129076261,1.1751481290762609
lam2_n0.5,2.0,0.5,0.355,0.6965606428362873,1.1743622203875557,0.4014962367517178,0.8841925963543446,0.11743622203875557,1.1743622203875557
lam2_n0.5,2.0,0.5,0.3600000000000001,0.6945355764121304,1.1735406770061154,0.4085403251006019,0.8811859634941817,0.11735406770061155,1.1735406770061154
lam2_n0.5,2.0,0.5,0.365,0.6924751388820641,1.1726823630680956,0.4156448322659046,0.8781535861042413,0.11726823630680956,1.1726823630680956
lam2_n0.5,2.0,0.5,0.3700000000000001,0.6903790258569467,1.171786119585852,0.4228106757724809,0.8750961628960883,0.11717861195858521,1.171786119585852
lam2_n0.5,2.0,0.5,0.375,0.6882469283678464,1.1708507641365042,0.43003876994146256,0.8720144001226807,0.11708507641365043,1.1708507641365042
lam2_n0.5,2.0,0.5,0.3800000000000001,0.6860785328831137,1.16987509054621,0.4373300254682837,0.86890901120522,0.11698750905462102,1.16987509054621
lam2_n0.5,2.0,0.5,0.385,0.6838735213275756,1.1688578685702165,0.44468534899499595,0.8657807163427199,0.11688578685702165,1.1688578685702165
lam2_n0.5,2.0,0.5,0.3900000000000001,0.6816315711038827,1.1677978435687455,0.45210564267773645,0.8626302421047074,0.11677978435687456,1.1677978435687455
lam2_n0.5,2.0,0.5,0.395,0.6793523551160285,1.1666937361787837,0.4595918037502298,0.8594583210075415,0.11666937361787838,1.1666937361787837
lam2_n0.5,2.0,0.5,0.40000000000000013,0.6770355417950589,1.1655442419818507,0.4671447240842564,0.8562656910749018,0.11655442419818507,1.1655442419818507
lam2_n0.5,2.0,0.5,0.405,0.6746807951269855,1.1643480311678136,0.47476528974802823,0.8530530953830794,0.11643480311678137,1.1643480311678136
lam2_n0.5,2.0,0.5,0.4099999999999999,0.6722877746829105,1.1631037481948336,0.48245438056346235,0.8498212815917593,0.11631037481948336,1.1631037481948336
lam2_n0.5,2.0,0.5,0.41500000000000004,0.6698561356513643,1.1618100114455205,0.49021286966334504,0.846571001461064,0.11618100114455206,1.1618100114455205
lam2_n0.5,2.0,0.5,0.41999999999999993,0.6673855288728575,1.1604654128793839,0.49804162304941035,0.8433030103556868,0.1160465412879384,1.1604654128793839
lam2_n0.5,2.0,0.5,0.42500000000000004,0.6648756008766369,1.1590685176816669,0.5059414991523717,0.8400180667370103,0.11590685176816669,1.1590685176816669
lam2_n0.5,2.0,0.5,0.42999999999999994,0.6623259939196344,1.1576178639086534,0.513913348394945,0.8367169316441705,0.11576178639086535,1.1576178639086534
lam2_n0.5,2.0,0.5,0.43500000000000005,0.6597363460275912,1.1561119621295481,0.5219580127589244,0.8334003681650781,0.11561119621295482,1.1561119621295481
lam2_n0.5,2.0,0.5,0.43999999999999995,0.6571062910383344,1.1545492950650174,0.5300763253573562,0.8300691408984726,0.11545492950650174,1.1545492950650174
lam2_n0.5,2.0,0.5,0.44500000000000006,0.6544354586471774,1.1529283172225004,0.5382691100128704,0.826724015408129,0.11529283172225005,1.1529283172225004
lam2_n0.5,2.0,0.5,0.44999999999999996,0.651723474454412,1.1512474545283862,0.5465371808432018,0.8233657576703866,0.11512474545283863,1.1512474545283862
lam2_n0.5,2.0,0.5,0.45500000000000007,0.6489699600148517,1.149505103957164,0.5548813418549448,0.8199951335162117,0.11495051039571641,1.149505103957164
lam2_n0.5,2.0,0.5,0.45999999999999996,0.646174532889384,1.147699633157653,0.5633023865465377,0.8166129080690422,0.1147699633157653,1.147699633157653
lam2_n0.5,2.0,0.5,0.4650000000000001,0.6433368066984825,1.1458293800764223,0.5718010975214858,0.813219845179691,0.11458293800764224,1.1458293800764223
lam2_n0.5,2.0,0.5,0.47,0.6404563911776258,1.1438926525785074,0.5803782461127662,0.8098167068596157,0.11438926525785074,1.1438926525785074
lam2_n0.5,2.0,0.5,0.4750000000000001,0.6375328922345638,1.1418877280655406,0.589034592019365,0.8064042527138781,0.11418877280655407,1.1418877280655406
lam2_n0.5,2.0,0.5,0.48,0.6345659120083692,1.1398128530914047,0.5977708829558257,0.8029832393751288,0.11398128530914048,1.1398128530914047
lam2_n0.5,2.0,0.5,0.4850000000000001,0.6315550489302075,1.1376662429755267,0.6065878543156763,0.7995544199399676,0.11376662429755267,1.1376662429755267
lam2_n0.5,2.0,0.5,0.49,0.6284998977857528,1.135446081413928,0.6154862288495336,0.7961185434090176,0.1135446081413928,1.135446081413928
lam2_n0.5,2.0,0.5,0.4950000000000001,0.6254000497791752,1.133150520088145,0.6244667163586585,0.7926763541320593,0.11331505200881452,1.133150520088145
lam2_n0.5,2.0,0.5,0.5,0.6222550925986199,1.130777678272139,0.6335300134046564,0.7892285912595487,0.1130777678272139,1.130777678272139
lam2_n0.5,2.0,0.5,0.5050000000000001,0.6190646104830968,1.1283256424373127,0.6426768030359951,0.7857759882018273,0.11283256424373128,1.1283256424373127
lam2_n0.5,2.0,0.5,0.51,0.6158281842906939,1.1257924658557485,0.6519077545319137,0.7823192720973121,0.11257924658557486,1.1257924658557485
lam2_n0.5,2.0,0.5,0.5150000000000001,0.6125453915680249,1.1231761682017884,0.6612235231642808,0.7788591632909111,0.11231761682017885,1.1231761682017884
lam2_n0.5,2.0,0.5,0.52,0.6092158066208258,1.1204747351520714,0.6706247499778505,0.7753963748238858,0.11204747351520715,1.1204747351520714
lam2_n0.5,2.0,0.5,0.5250000000000001,0.6058390005855977,1.1176861179841406,0.6801120615893433,0.7719316119363268,0.11176861179841407,1.1176861179841406
lam2_n0.5,2.0,0.5,0.53,0.6024145415022121,1.1148082331737437,0.6896860700056742,0.7684655715833721,0.11148082331737437,1.1148082331737437
lam2_n0.5,2.0,0.5,0.5350000000000001,0.5989419943873716,1.1118389619909315,0.6993473724616153,0.7649989419662321,0.11118389619909315,1.1118389619909315
lam2_n0.5,2.0,0.5,0.54,0.5954209213088383,1.1087761500950755,0.7090965512770859,0.7615324020790366,0.11087761500950755,1.1087761500950755
lam2_n0.5,2.0,0.5,0.5449999999999999,0.5918508814603202,1.1056176071289106,0.7189341737342175,0.7580666212724515,0.11056176071289106,1.1056176071289106
lam2_n0.5,2.0,0.5,0.55,0.588231431236929,1.1023611063117151,0.7288607919742531,0.7546022588349474,0.11023611063117152,1.1023611063117151
lam2_n0.5,2.0,0.5,0.5549999999999999,0.5845621243111004,1.0990043840317374,0.738876942914286,0.7511399635925345,0.10990043840317375,1.0990043840317374
lam2_n0.5,2.0,0.5,0.56,0.5808425117088807,1.0955451394379727,0.7489831481837796,0.7476803735276987,0.10955451394379728,1.0955451394379727
lam2_n0.5,2.0,0.5,0.565,0.5770721418864837,1.091981034031396,0.7591799140807257,0.744224115418209,0.10919810340313961,1.091981034031396
lam2_n0.5,2.0,0.5,0.5700000000000001,0.5732505608070164,1.0883096912557517,0.7694677315472632,0.7407718044963771,0.10883096912557517,1.0883096912557517
lam2_n0.5,2.0,0.5,0.575,0.5693773120172801,1.0845286960880005,0.779847076164492,0.7373240441292827,0.10845286960880006,1.0845286960880005
lam2_n0.5,2.0,0.5,0.5800000000000001,0.5654519367245476,1.0806355946285182,0.7903184081661819,0.7338814255203863,0.10806355946285183,1.0806355946285182
lam2_n0.5,2.0,0.5,0.585,0.5614739738732292,1.0766278936911442,0.8008821724709959,0.7304445274328863,0.10766278936911443,1.0766278936911442
lam2_n0.5,2.0,0.5,0.5900000000000001,0.5574429602213267,1.0725030603931645,0.8115387987328256,0.7270139159350772,0.10725030603931646,1.0725030603931645
lam2_n0.5,2.0,0.5,0.595,0.553358430416598,1.0682585217453267,0.8222887014087487,0.72359014416791,0.10682585217453267,1.0682585217453267
lam2_n0.5,2.0,0.5,0.6000000000000001,0.5492199170723332,1.0638916642419607,0.8331322798441146,0.7201737521348526,0.10638916642419607,1.0638916642419607
lam2_n0.5,2.0,0.5,0.605,0.5450269508426668,1.0593998334512997,0.8440699183741803,0.7167652665140952,0.10593998334512998,1.0593998334512997
lam2_n0.5,2.0,0.5,0.6100000000000001,0.54077906049734,1.0547803336060708,0.855101986441718,0.7133652004930483,0.10547803336060708,1.0547803336060708
lam2_n0.5,2.0,0.5,0.615,0.536475772995838,1.0500304271944343,0.8662288387299488,0.7099740536250252,0.10500304271944344,1.0500304271944343
lam2_n0.5,2.0,0.5,0.6200000000000001,0.5321166135608241,1.0451473345513485,0.8774508153101497,0.7065923117079226,0.10451473345513485,1.0451473345513485
lam2_n0.5,2.0,0.5,0.625,0.5277011057508012,1.0401282334504216,0.8887682418032383,0.7032204466846452,0.10401282334504217,1.0401282334504216
lam2_n0.5,2.0,0.5,0.6300000000000001,0.5232287715319316,1.0349702586963232,0.9001814295546287,0.6998589165649609,0.10349702586963233,1.0349702586963232
lam2_n0.5,2.0,0.5,0.635,0.5186991313489525,1.0296705017178163,0.9116906758216181,0.6965081653684089,0.10296705017178163,1.0296705017178163
lam2_n0.5,2.0,0.5,0.6400000000000001,0.5141117041951208,1.0242260101614642,0.9232962639725687,0.6931686230878268,0.10242260101614642,1.0242260101614642
lam2_n0.5,2.0,0.5,0.645,0.5094660076811389,1.0186337874860811,0.9349984636971136,0.6898407056730131,0.10186337874860812,1.0186337874860811
lam2_n0.5,2.0,0.5,0.6500000000000001,0.5047615581030007,1.0128907925579633,0.946797531226633,0.6865248150339873,0.10128907925579633,1.0128907925579633
lam2_n0.5,2.0,0.5,0.655,0.4999978705087114,1.006993939246964,0.9586937095642168,0.6832213390632722,0.1006993939246964,1.006993939246964
lam2_n0.5,2.0,0.5,0.6600000000000001,0.49517445876383615,1.000940096023449,0.9706872287233559,0.6799306516765751,0.1000940096023449,1.000940096023449
lam2_n0.5,2.0,0.5,0.665,0.490290835615834,0.9947260855561846,0.9827783059745798,0.6766531128712162,0.09947260855561846,0.9947260855561846
lam2_n0.5,2.0,0.5,0.6699999999999999,0.48534651275714163,0.98834868431119,0.9949671460992908,0.6733890688016131,0.09883486843111901,0.98834868431119
lam2_n0.5,2.0,0.5,0.675,0.4803410008869701,0.9818046221515959,1.0072539416500281,0.6701388518711101,0.0981804622151596,0.9818046221515959
lam2_n0.5,2.0,0.5,0.6799999999999999,0.47527380977178785,0.9750905819385443,1.0196388732164234,0.6669027808394146,0.09750905819385443,0.9750905819385443
lam2_n0.5,2.0,0.5,0.685,0.4701444483044576,0.9682031991331576,1.032122109696124,0.6636811609448778,0.09682031991331576,0.9682031991331576
lam2_n0.5,2.0,0.5,0.69,0.46495242456201236,0.9611390613996065,1.0447038085699547,0.6604742840408595,0.09611390613996065,0.9611390613996065
lam2_n0.5,2.0,0.5,0.6950000000000001,0.45969724586204275,0.9538947082093024,1.0573841161806468,0.6572824287453777,0.09538947082093024,0.9538947082093024
lam2_n0.5,2.0,0.5,0.7,0.45437841881768504,0.9464666304462404,1.0701631680144292,0.6541058606032699,0.09464666304462405,0.9464666304462404
lam2_n0.5,2.0,0.5,0.7050000000000001,0.4489954493911937,0.9388512700135045,1.0830410889848618,0.6509448322600567,0.09388512700135046,0.9388512700135045
lam2_n0.5,2.0,0.5,0.71,0.44354784294609406,0.9310450194409665,1.0960179937182497,0.6477995836467241,0.09310450194409665,0.9310450194409665
lam2_n0.5,2.0,0.5,0.7150000000000001,0.4380351042979001,0.9230442214941759,1.1090939868400607,0.6446703421746242,0.09230442214941759,0.9230442214941759
lam2_n0.5,2.0,0.5,0.72,0.43245673776340454,0.9148451687844757,1.122269163261744,0.6415573229397163,0.09148451687844758,0.9148451687844757
lam2_n0.5,2.0,0.5,0.7250000000000001,0.426812247208529,0.906444103380333,1.1355436084674166,0.6384607289353638,0.0906444103380333,0.906444103380333
lam2_n0.5,2.0,0.5,0.73,0.42110113609474836,0.8978372164199123,1.1489173987998746,0.6353807512729257,0.08978372164199123,0.8978372164199123
lam2_n0.5,2.0,0.5,0.7350000000000001,0.4153229075240813,0.8890206477248817,1.1623906017454497,0.6323175694093891,0.08890206477248817,0.8890206477248817
lam2_n0.5,2.0,0.5,0.74,0.40947706428266706,0.8799904854154706,1.175963276217221,0.6292713513813071,0.08799904854154707,0.8799904854154706
lam2_n0.5,2.0,0.5,0.7450000000000001,0.40356310888292507,0.8707427655267722,1.1896354728361616,0.6262422540443215,0.08707427655267723,0.8707427655267722
lam2_n0.5,2.0,0.5,0.75,0.3975805436043206,0.8612734716262989,1.2034072342097886,0.6232304233175762,0.08612734716262989,0.8612734716262989
lam2_n0.5,2.0,0.5,0.7550000000000001,0.39152887053273827,0.8515785344327824,1.2172785952079488,0.6202359944323367,0.08515785344327825,0.8515785344327824
lam2_n0.5,2.0,0.5,0.76,0.38540759159849025,0.8416538314362279,1.2312495832353663,0.6172590921841702,0.08416538314362279,0.8416538314362279
lam2_n0.5,2.0,0.5,0.7650000000000001,0.3792162086129656,0.8314951865192022,1.2453202185006351,0.6142998311880454,0.08314951865192022,0.8314951865192022
lam2_n0.5,2.0,0.5,0.77,0.3729542233039491,0.8210983695793751,1.259490514281351,0.6113583161357528,0.08210983695793751,0.8210983695793751
lam2_n0.5,2.0,0.5,0.7750000000000001,0.3666211373496186,0.8104590961532769,1.2737604771851039,0.6084346420550591,0.0810459096153277,0.8104590961532769
lam2_n0.5,2.0,0.5,0.78,0.36021645241125466,0.7995730270412981,1.288130107406085,0.6055288945700451,0.07995730270412982,0.7995730270412981
lam2_n0.5,2.0,0.5,0.7850000000000001,0.353739670164674,0.7884357679338945,1.3025993989770803,0.602641150162094,0.07884357679338945,0.7884357679338945
lam2_n0.5,2.0,0.5,0.79,0.34719029233041704,0.7770428690390057,1.3171683400166563,0.5997714764310309,0.07770428690390058,0.7770428690390057
lam2_n0.5,2.0,0.5,0.7949999999999999,0.34056782070271097,0.7653898247106719,1.3318369129713497,0.5969199323559385,0.07653898247106719,0.7653898247106719
lam2_n0.5,2.0,0.5,0.8,0.3338717571772358,0.7534720730788348,1.3466050948527215,0.5940865685551978,0.07534720730788348,0.7534720730788348
lam2_n0.5,2.0,0.5,0.8049999999999999,0.3271016037777173,0.7412849956803174,1.3614728574691282,0.5912714275453367,0.07412849956803173,0.7412849956803174
lam2_n0.5,2.0,0.5,0.81,0.3202568626813736,0.7288239170909576,1.3764401676521079,0.5884745439982871,0.07288239170909576,0.7288239170909576
lam2_n0.5,2.0,0.5,0.815,0.31333703624324766,0.7160841045589025,1.391506987477286,0.5856959449966854,0.07160841045589025,0.7160841045589025
lam2_n0.5,2.0,0.5,0.8200000000000001,0.30634162701944256,0.7030607676390241,1.406673274479729,0.5829356502868689,0.07030607676390242,0.7030607676390241
lam2_n0.5,2.0,0.5,0.825,0.2992701377893005,0.6897490578284687,1.4219389818636778,0.5801936725292571,0.06897490578284687,0.6897490578284687
lam2_n0.5,2.0,0.5,0.8300000000000001,0.29212207157654185,0.6761440682033002,1.4373040587066461,0.5774700175458164,0.06761440682033003,0.6761440682033002
lam2_n0.5,2.0,0.5,0.835,0.2848969316694034,0.6622408330562426,1.4527684501578313,0.5747646845643462,0.06622408330562427,0.6622408330562426
lam2_n0.5,2.0,0.5,0.8400000000000001,0.2775942216397922,0.648034327535489,1.4683320976308558,0.5720776664593348,0.0648034327535489,0.648034327535489
lam2_n0.5,2.0,0.5,0.845,0.27021344536149705,0.6335194672845793,1.483994938990816,0.569408949989168,0.06335194672845794,0.6335194672845793
lam2_n0.5,2.0,0.5,0.8500000000000001,0.26275410702747115,0.6186911080833086,1.4997569087356888,0.5667585160294806,0.061869110808330866,0.6186911080833086
lam2_n0.5,2.0,0.5,0.855,0.2552157111662306,0.6035440454896742,1.5156179381720865,0.5641263398024796,0.06035440454896743,0.6035440454896742
lam2_n0.5,2.0,0.5,0.8600000000000001,0.2475977626573806,0.5880730144828197,1.5315779555854407,0.5615123911020695,0.05880730144828197,0.5880730144828197
lam2_n0.5,2.0,0.5,0.865,0.23989976674630775,0.5722726891069834,1.5476368864046282,0.5589166345146458,0.05722726891069834,0.5722726891069834
lam2_n0.5,2.0,0.5,0.8700000000000001,0.2321212290580617,0.5561376821164151,1.5637946533611262,0.5563390296354284,0.05561376821164152,0.5561376821164151
lam2_n0.5,2.0,0.5,0.875,0.22426165561045863,0.5396625446212568,1.5800511766427483,0.5537795312802318,0.05396625446212569,0.5396625446212568
lam2_n0.5,2.0,0.5,0.8800000000000001,0.21632055282642332,0.5228417657343635,1.5964063740420427,0.5512380896925838,0.05228417657343635,0.5228417657343635
lam2_n0.5,2.0,0.5,0.885,0.20829742754560798,0.5056697722190534,1.6128601610994284,0.5487146507461177,0.05056697722190534,0.5056697722190534
lam2_n0.5,2.0,0.5,0.8900000000000001,0.20019178703530285,0.4881409281377603,1.629412451241171,0.5462091561421796,0.04881409281377603,0.4881409281377603
lam2_n0.5,2.0,0.5,0.895,0.19200313900067645,0.47024953450159235,1.6460631559122678,0.5437215436026088,0.04702495345015924,0.47024953450159235
lam2_n0.5,2.0,0.5,0.9000000000000001,0.18373099159435527,0.4519898289207479,1.6628121847043713,0.5412517470576569,0.045198982892074795,0.4519898289207479
lam2_n0.5,2.0,0.5,0.905,0.1753748534253864,0.43335598525581054,1.6796594454788167,0.5387996968290282,0.043335598525581054,0.43335598525581054
lam2_n0.5,2.0,0.5,0.9100000000000001,0.16693423356758633,0.41434211326987236,1.696604844484894,0.5363653198080341,0.04143421132698724,0.41434211326987236
lam2_n0.5,2.0,0.5,0.915,0.15840864156731893,0.394942258281496,1.7136482864734446,0.5339485396288635,0.0394942258281496,0.394942258281496
lam2_n0.5,2.0,0.5,0.9199999999999999,0.14979758745071212,0.37515040081847917,1.730789674805912,0.5315492768369832,0.03751504008184792,0.37515040081847917
lam2_n0.5,2.0,0.5,0.925,0.14110058173033935,0.3549604562724178,1.748028911558951,0.5291674490526899,0.03549604562724178,0.3549604562724178
lam2_n0.5,2.0,0.5,0.9299999999999999,0.13231713541139586,0.33436627455405765,1.7653658976247044,0.5268029711298449,0.033436627455405765,0.33436627455405765
lam2_n0.5,2.0,0.5,0.935,0.12344675999737276,0.31336163974939796,1.7828005328068828,0.5244557553098295,0.031336163974939796,0.31336163974939796
lam2_n0.5,2.0,0.5,0.94,0.11448896749527501,0.2919402697765548,1.800332715912729,0.5221257113707677,0.029194026977655482,0.2919402697765548
lam2_n0.5,2.0,0.5,0.9450000000000001,0.10544327042037582,0.2700958160433506,1.8179623448410254,0.5198127467720665,0.02700958160433506,0.2700958160433506
lam2_n0.5,2.0,0.5,0.95,0.09630918180055036,0.24782186310563886,1.8356893166662152,0.5175167667943339,0.02478218631056389,0.24782186310563886
lam2_n0.5,2.0,0.5,0.9550000000000001,0.0870862151801941,0.22511192832631574,1.8535135277188002,0.5152376746747352,0.022511192832631574,0.22511192832631574
lam2_n0.5,2.0,0.5,0.96,0.07777388462375022,0.2019594615350406,1.8714348736620854,0.5129753717378581,0.020195946153504063,0.2019594615350406
lam2_n0.5,2.0,0.5,0.9650000000000001,0.06837170471885834,0.17835784468862623,1.8894532495654215,0.5107297575221573,0.017835784468862623,0.17835784468862623
lam2_n0.5,2.0,0.5,0.97,0.05887919057915158,0.1543003915320988,1.9075685499740302,0.5085007299020554,0.01543003915320988,0.1543003915320988
lam2_n0.5,2.0,0.5,0.9750000000000001,0.04929585784670609,0.12978034726040283,1.9257806689755494,0.506288185205778,0.012978034726040283,0.12978034726040283
lam2_n0.5,2.0,0.5,0.98,0.03962122269417389,0.10479088818075397,1.9440895002633847,0.5040920183290069,0.010479088818075397,0.10479088818075397
lam2_n0.5,2.0,0.5,0.9850000000000001,0.029854801826597388,0.07932512137560951,1.9624949371969997,0.5019121228444339,0.007932512137560951,0.07932512137560951
lam2_n0.5,2.0,0.5,0.99,0.019996112482937086,0.05337608436626176,1.9809968728592289,0.4997483911073039,0.005337608436626177,0.05337608436626176
lam2_n0.5,2.0,0.5,0.9950000000000001,0.010044672437314772,0.02693674477702034,1.9995952001107398,0.4976007143570338,0.0026936744777020342,0.02693674477702034
lam2_n0.5,2.0,0.5,1.0,0.0,0.0,2.018289811641729,0.49546898281499724,0.0,0.0
lam2_n0.9,2.0,0.9,-1.0,0.0,0.0,1.090462276244904,0.9170422689389877,0.0,0.0
lam2_n0.9,2.0,0.9,-0.995,0.005437470488028451,0.017602710698232243,1.0845265269147302,0.9174510491970943,0.0017602710698232243,0.017602710698232243
lam2_n0.9,2.0,0.9,-0.99,0.010845271364071549,0.034935644110595625,1.0785944343610252,0.9178612168404986,0.0034935644110595625,0.034935644110595625
lam2_n0.9,2.0,0.9,-0.985,0.01622342095578711,0.0520016240889402,1.0726660161172958,0.9182727756822028,0.0052001624088940206,0.0520016240889402
lam2_n0.9,2.0,0.9,-0.98,0.021571937678853466,0.0688034587500878,1.0667412898590714,0.918685729441924,0.00688034587500878,0.0688034587500878
lam2_n0.9,2.0,0.9,-0.975,0.026890840037684945,0.08534394048528399,1.0608202734048473,0.919100081742032,0.008534394048528399,0.08534394048528399
lam2_n0.9,2.0,0.9,-0.97,0.032180146626148216,0.10162584596969915,1.0549029847170142,0.9195158361033643,0.010162584596969915,0.10162584596969915
lam2_n0.9,2.0,0.9,-0.965,0.03743987612828193,0.11765193617198279,1.0489894419027683,0.9199329959409128,0.011765193617198279,0.11765193617198279
lam2_n0.9,2.0,0.9,-0.96,0.042670047319025524,0.1334249563638746,1.043079663215003,0.9203515645593807,0.013342495636387461,0.1334249563638746
lam2_n0.9,2.0,0.9,-0.955,0.047870679064949025,0.1489476361298727,1.0371736670531781,0.9207715451486053,0.01489476361298727,0.1489476361298727
lam2_n0.9,2.0,0.9,-0.95,0.053041790324987244,0.1642226893769543,1.0312714719641702,0.9211929407788427,0.016422268937695432,0.1642226893769543
lam2_n0.9,2.0,0.9,-0.945,0.05818340015118073,0.179252814344358,1.0253730966430956,0.9216157543959129,0.0179252814344358,0.179252814344358
lam2_n0.9,2.0,0.9,-0.94,0.06329552768941688,0.19404069361341791,1.01947855993411,0.9220399888161974,0.019404069361341793,0.19404069361341791
lam2_n0.9,2.0,0.9,-0.935,0.0683781921801786,0.2085889941174604,1.0135878808311805,0.9224656467214906,0.02085889941174604,0.2085889941174604
lam2_n0.9,2.0,0.9,-0.9299999999999999,0.0734314129592945,0.22290036715176156,1.0077010784788265,0.9228927306536971,0.022290036715176157,0.22290036715176156
lam2_n0.9,2.0,0.9,-0.925,0.07845520945869355,0.23697744838355878,1.0018181721728332,0.9233212430093745,0.023697744838355878,0.23697744838355878
lam2_n0.9,2.0,0.9,-0.92,0.08344960120716399,0.25082285786212843,0.9959391813609276,0.9237511860341125,0.025082285786212844,0.25082285786212843
lam2_n0.9,2.0,0.9,-0.915,0.08841460783111305,0.2644392000289221,0.9900641256434229,0.9241825618167507,0.02644392000289221,0.2644392000289221
lam2_n0.9,2.0,0.9,-0.91,0.09335024905533229,0.2778290637277675,0.984193024773823,0.9246153722834266,0.02778290637277675,0.2778290637277675
lam2_n0.9,2.0,0.9,-0.905,0.09825654470376582,0.29099502221513024,0.9783258986593882,0.9250496191914498,0.029099502221513026,0.29099502221513024
lam2_n0.9,2.0,0.9,-0.9,0.10313351470027837,0.30393963317044087,0.9724627673616592,0.9254853041230007,0.03039396331704409,0.30393963317044087
lam2_n0.9,2.0,0.9,-0.895,0.10798117906943011,0.3166654387064866,0.9666036510969352,0.9259224284786458,0.03166654387064866,0.3166654387064866
lam2_n0.9,2.0,0.9,-0.89,0.11279955793724988,0.3291749653798678,0.9607485702367058,0.9263609934706695,0.03291749653798678,0.3291749653798678
lam2_n0.9,2.0,0.9,-0.885,0.11758867153201269,0.3414707242015218,0.9548975453080325,0.9268010001162116,0.034147072420152184,0.3414707242015218
lam2_n0.9,2.0,0.9,-0.88,0.12234854018501878,0.353555210647316,0.9490505969938773,0.9272424492302144,0.0353555210647316,0.353555210647316
lam2_n0.9,2.0,0.9,-0.875,0.12707918433137327,0.3654309046687053,0.9432077461333765,0.9276853414181657,0.036543090466870536,0.3654309046687053
lam2_n0.9,2.0,0.9,-0.87,0.13178062451076877,0.37710027070346186,0.9373690137220538,0.9281296770686406,0.03771002707034619,0.37710027070346186
lam2_n0.9,2.0,0.9,-0.865,0.13645288136826556,0.3885657576864736,0.9315344209119741,0.9285754563456315,0.038856575768647365,0.3885657576864736
lam2_n0.9,2.0,0.9,-0.86,0.14109597565507637,0.399829799060615,0.9257039890118293,0.9290226791806666,0.039982979906061505,0.399829799060615
lam2_n0.9,2.0,0.9,-0.855,0.14570992822934903,0.41089481278768875,0.9198777394869578,0.9294713452647065,0.04108948127876888,0.41089481278768875
lam2_n0.9,2.0,0.9,-0.85,0.15029476005694958,0.42176320135944156,0.9140556939592904,0.9299214540398199,0.04217632013594416,0.42176320135944156
lam2_n0.9,2.0,0.9,-0.845,0.154850492212245,0.4324373518086526,0.9082378742072205,0.9303730046906277,0.043243735180865266,0.4324373518086526
lam2_n0.9,2.0,0.9,-0.84,0.15937714587888402,0.4429196357202998,0.9024243021653943,0.9308259961355149,0.04429196357202998,0.4429196357202998
lam2_n0.9,2.0,0.9,-0.835,0.1638747423505807,0.4532124092427966,0.8966149999244182,0.9312804270176027,0.045321240924279665,0.4532124092427966
lam2_n0.9,2.0,0.9,-0.83,0.16834330303188944,0.46331801309931375,0.8908099897304768,0.9317362956954764,0.04633180130993138,0.46331801309931375
lam2_n0.9,2.0,0.9,-0.825,0.1727828494389838,0.4732387725991735,0.8850092939848596,0.9321936002336646,0.04732387725991735,0.4732387725991735
lam2_n0.9,2.0,0.9,-0.8200000000000001,0.1771934032004311,0.48297699764932317,0.8792129352433905,0.932652338392862,0.04829769976493232,0.48297699764932317
lam2_n0.9,2.0,0.9,-0.815,0.1815749860579625,0.4925349827658926,0.8734209362157558,0.9331125076198947,0.04925349827658926,0.4925349827658926
lam2_n0.9,2.0,0.9,-0.81,0.18592761986723982,0.501915007085829,0.8676333197647267,0.9335741050374197,0.05019150070858291,0.501915007085829
lam2_n0.9,2.0,0.9,-0.8049999999999999,0.1902513265986208,0.5111193343786178,0.8618501089052691,0.9340371274333529,0.05111193343786178,0.5111193343786178
lam2_n0.9,2.0,0.9,-0.8,0.19454612833791574,0.5201502130580847,0.8560713268035394,0.9345015712500236,0.05201502130580848,0.5201502130580847
lam2_n0.9,2.0,0.9,-0.7949999999999999,0.19881204728714177,0.529009876194285,0.8502969967757548,0.9349674325730472,0.0529009876194285,0.529009876194285
lam2_n0.9,2.0,0.9,-0.79,0.2030491057652692,0.5377005415254748,0.8445271422869403,0.9354347071199118,0.05377005415254748,0.5377005415254748
lam2_n0.9,2.0,0.9,-0.785,0.20725732620896348,0.5462244114701748,0.8387617869495396,0.9359033902282747,0.054622441147017475,0.5462244114701748
lam2_n0.9,2.0,0.9,-0.78,0.21143673117331646,0.5545836731393174,0.8330009545218887,0.936373476843962,0.05545836731393175,0.5545836731393174
lam2_n0.9,2.0,0.9,-0.775,0.21558734333257384,0.5627804983484878,0.8272446689065435,0.9368449615086663,0.05627804983484878,0.5627804983484878
lam2_n0.9,2.0,0.9,-0.77,0.21970918548085033,0.5708170436302523,0.8214929541484546,0.9373178383473401,0.05708170436302523,0.5708170436302523
lam2_n0.9,2.0,0.9,-0.765,0.2238022805328379,0.5786954502465813,0.8157458344329872,0.9377921010552756,0.05786954502465813,0.5786954502465813
lam2_n0.9,2.0,0.9,-0.76,0.22786665152450142,0.5864178442013639,0.8100033340837723,0.9382677428848696,0.05864178442013639,0.5864178442013639
lam2_n0.9,2.0,0.9,-0.755,0.23190232161376473,0.5939863362530184,0.8042654775603877,0.9387447566320679,0.059398633625301844,0.5939863362530184
lam2_n0.9,2.0,0.9,-0.75,0.23590931408118498,0.6014030219271985,0.7985322894558595,0.9392231346224826,0.060140302192719854,0.6014030219271985
lam2_n0.9,2.0,0.9,-0.745,0.23988765233061177,0.6086699815295962,0.7928037944939764,0.939702868697181,0.06086699815295962,0.6086699815295962
lam2_n0.9,2.0,0.9,-0.74,0.24383735988983496,0.6157892801588436,0.7870800175264093,0.9401839501981389,0.06157892801588436,0.6157892801588436
lam2_n0.9,2.0,0.9,-0.735,0.2477584604112158,0.6227629677195147,0.7813609835296287,0.9406663699533562,0.06227629677195147,0.6227629677195147
lam2_n0.9,2.0,0.9,-0.73,0.2516509776723034,0.6295930789352294,0.7756467176016102,0.9411501182616292,0.06295930789352294,0.6295930789352294
lam2_n0.9,2.0,0.9,-0.725,0.2555149355764333,0.6362816333618581,0.7699372449583222,0.941635184876977,0.0636281633361858,0.6362816333618581
lam2_n0.9,2.0,0.9,-0.72,0.2593503581533072,0.6428306354008327,0.7642325909299837,0.9421215589927174,0.06428306354008327,0.6428306354008327
lam2_n0.9,2.0,0.9,-0.715,0.2631572695595565,0.6492420743125616,0.7585327809570864,0.9426092292251911,0.06492420743125617,0.6492420743125616
lam2_n0.9,2.0,0.9,-0.71,0.2669356940792815,0.6555179242299519,0.7528378405861694,0.9430981835971272,0.06555179242299519,0.6555179242299519
lam2_n0.9,2.0,0.9,-0.7050000000000001,0.27068565612457074,0.6616601441720411,0.7471477954653383,0.9435884095206521,0.06616601441720411,0.6616601441720411
lam2_n0.9,2.0,0.9,-0.7,0.2744071802359978,0.6676706780577372,0.7414626713395178,0.9440798937799365,0.06676706780577372,0.6676706780577372
lam2_n0.9,2.0,0.9,-0.6950000000000001,0.27810029108309287,0.6735514547196699,0.735782494045431,0.9445726225134777,0.067355145471967,0.6735514547196699
lam2_n0.9,2.0,0.9,-0.69,0.2817650134647873,0.6793043879181578,0.730107289506288,0.9450665811960194,0.06793043879181579,0.6793043879181578
lam2_n0.9,2.0,0.9,-0.685,0.2854013723098334,0.6849313763552838,0.7244370837261824,0.9455617546201037,0.06849313763552838,0.6849313763552838
lam2_n0.9,2.0,0.9,-0.6799999999999999,0.2890093926771942,0.6904343036890925,0.7187719027841764,0.9460581268772573,0.06904343036890925,0.6904343036890925
lam2_n0.9,2.0,0.9,-0.675,0.2925890997564024,0.6958150385479012,0.7131117728280696,0.9465556813388099,0.06958150385479012,0.6958150385479012
lam2_n0.9,2.0,0.9,-0.6699999999999999,0.2961405188678881,0.7010754345447322,0.707456720067836,0.9470544006363464,0.07010754345447322,0.7010754345447322
lam2_n0.9,2.0,0.9,-0.665,0.2996636754632721,0.7062173302918608,0.70180677076872,0.9475542666417939,0.07062173302918609,0.7062173302918608
lam2_n0.9,2.0,0.9,-0.6599999999999999,0.3031585951256247,0.7112425494154924,0.6961619512439767,0.9480552604471435,0.07112425494154924,0.7112425494154924
lam2_n0.9,2.0,0.9,-0.655,0.30662530356968637,0.7161529005705549,0.6905222878472496,0.9485573623438098,0.0716152900570555,0.7161529005705549
lam2_n0.9,2.0,0.9,-0.6499999999999999,0.31006382664205095,0.7209501774556236,0.6848878069645647,0.9490605518016327,0.07209501774556236,0.7209501774556236
lam2_n0.9,2.0,0.9,-0.645,0.3134741903213053,0.7256361588279657,0.6792585350059392,0.9495648074475211,0.07256361588279657,0.7256361588279657
lam2_n0.9,2.0,0.9,-0.64,0.31685642071812825,0.7302126085187197,0.6736344983965802,0.9500701070437474,0.07302126085187198,0.7302126085187197
lam2_n0.9,2.0,0.9,-0.635,0.320210544075344,0.734681275448198,0.6680157235676697,0.9505764274658944,0.0734681275448198,0.734681275448198
lam2_n0.9,2.0,0.9,-0.63,0.32353658676792646,0.7390438936413255,0.6624022369467181,0.9510837446804631,0.07390438936413256,0.7390438936413255
lam2_n0.9,2.0,0.9,-0.625,0.3268345753029582,0.7433021822432084,0.6567940649474712,0.951592033722147,0.07433021822432084,0.7433021822432084
lam2_n0.9,2.0,0.9,-0.62,0.3301045363195335,0.747457845534838,0.6511912339593623,0.9521012686707807,0.0747457845534838,0.747457845534838
lam2_n0.9,2.0,0.9,-0.615,0.3333464965886105,0.7515125729489304,0.6455937703364886,0.9526114226279742,0.07515125729489304,0.7515125729489304
lam2_n0.9,2.0,0.9,-0.61,0.3365604830128053,0.7554680390859032,0.6400017003861033,0.9531224676934394,0.07554680390859032,0.7554680390859032
lam2_n0.9,2.0,0.9,-0.605,0.3397465226261286,0.7593259037299916,0.6344150503566056,0.9536343749410242,0.07593259037299917,0.7593259037299916
lam2_n0.9,2.0,0.9,-0.6,0.3429046425936597,0.763087811865505,0.6288338464250166,0.9541471143944622,0.0763087811865505,0.763087811865505
lam2_n0.9,2.0,0.9,-0.595,0.34603487021115775,0.7667553936932248,0.6232581146839232,0.954660655002857,0.07667553936932248,0.7667553936932248
lam2_n0.9,2.0,0.9,-0.59,0.349137232904605,0.770330264646946,0.6176878811278799,0.9551749646159114,0.0770330264646946,0.770330264646946
lam2_n0.9,2.0,0.9,-0.585,0.35221175822968287,0.773814025410165,0.6121231716392488,0.9556900099589211,0.0773814025410165,0.773814025410165
lam2_n0.9,2.0,0.9,-0.5800000000000001,0.3552584738711726,0.7772082619329108,0.6065640119734669,0.9562057566075503,0.07772082619329108,0.7772082619329108
lam2_n0.9,2.0,0.9,-0.575,0.3582774076422842,0.780514545448728,0.6010104277437234,0.9567221689624086,0.0780514545448728,0.780514545448728
lam2_n0.9,2.0,0.9,-0.5700000000000001,0.3612685874839047,0.783734432491804,0.5954624444050345,0.9572392102234497,0.0783734432491804,0.783734432491804
lam2_n0.9,2.0,0.9,-0.565,0.3642320414637664,0.7868694649142528,0.5899200872376968,0.957756842364217,0.07868694649142528,0.7868694649142528
lam2_n0.9,2.0,0.9,-0.56,0.36716779777553055,0.7899211699035453,0.5843833813301115,0.958275026105957,0.07899211699035454,0.7899211699035453
lam2_n0.9,2.0,0.9,-0.5549999999999999,0.3700758847377839,0.7928910600000966,0.5788523515609558,0.958793720891632,0.07928910600000966,0.7928910600000966
lam2_n0.9,2.0,0.9,-0.55,0.37295633079294366,0.7957806331150048,0.5733270225806972,0.9593128848598553,0.07957806331150048,0.7957806331150048
lam2_n0.9,2.0,0.9,-0.5449999999999999,0.37580916450606944,0.7985913725479498,0.5678074187924265,0.9598324748187832,0.07985913725479499,0.7985913725479498
lam2_n0.9,2.0,0.9,-0.54,0.378634414563576,0.8013247470052429,0.5622935643320048,0.9603524462199934,0.0801324747005243,0.8013247470052429
lam2_n0.9,2.0,0.9,-0.5349999999999999,0.3814321097718474,0.8039822106180416,0.5567854830475035,0.9608727531323856,0.08039822106180416,0.8039822106180416
lam2_n0.9,2.0,0.9,-0.53,0.3842022790557439,0.8065652029607173,0.5512831984779295,0.961393348216141,0.08065652029607173,0.8065652029607173
lam2_n0.9,2.0,0.9,-0.5249999999999999,0.3869449514570027,0.8090751490693873,0.5457867338312179,0.9619141826967781,0.08090751490693873,0.8090751490693873
lam2_n0.9,2.0,0.9,-0.52,0.3896601561325256,0.8115134594606062,0.5402961119614862,0.9624352063393472,0.08115134594606062,0.8115134594606062
lam2_n0.9,2.0,0.9,-0.515,0.39234792235255156,0.813881530150219,0.5348113553455304,0.9629563674228071,0.0813881530150219,0.813881530150219
lam2_n0.9,2.0,0.9,-0.51,0.3950082794987102,0.8161807426723791,0.5293324860585598,0.9634776127146275,0.08161807426723791,0.8161807426723791
lam2_n0.9,2.0,0.9,-0.505,0.39764125706195075,0.8184124640987267,0.5238595257491537,0.9639988874456691,0.08184124640987267,0.8184124640987267
lam2_n0.9,2.0,0.9,-0.5,0.4002468846403454,0.8205780470577346,0.5183924956134346,0.9645201352853883,0.08205780470577347,0.8205780470577346
lam2_n0.9,2.0,0.9,-0.495,0.40282519193676053,0.8226788297542171,0.5129314163684464,0.9650412983174225,0.08226788297542172,0.8226788297542171
lam2_n0.9,2.0,0.9,-0.49,0.40537620875639274,0.8247161359890037,0.5074763082247312,0.9655623170156111,0.08247161359890037,0.8247161359890037
lam2_n0.9,2.0,0.9,-0.485,0.40789996500416686,0.82669127517878,0.5020271908580975,0.9660831302205094,0.08266912751787801,0.82669127517878
lam2_n0.9,2.0,0.9,-0.48,0.41039649068198936,0.8286055423760932,0.49658408338057314,0.9666036751164587,0.08286055423760932,0.8286055423760932
lam2_n0.9,2.0,0.9,-0.475,0.4128658158858554,0.8304602182895244,0.49114700431054004,0.9671238872092749,0.08304602182895245,0.8304602182895244
lam2_n0.9,2.0,0.9,-0.47,0.4153079708028043,0.8322565693040268,0.48571597154204593,0.9676437003046223,0.08322565693040268,0.8322565693040268
lam2_n0.9,2.0,0.9,-0.46499999999999997,0.417722985707719,0.8339958475014284,0.48029100231329147,0.9681630464871436,0.08339958475014285,0.8339958475014284
lam2_n0.9,2.0,0.9,-0.45999999999999996,0.42011089095996684,0.835679290681103,0.474872113174293,0.9686818561004139,0.08356792906811031,0.835679290681103
lam2_n0.9,2.0,0.9,-0.45499999999999996,0.4224717169998759,0.8373081223808054,0.4694593199537217,0.9692000577277983,0.08373081223808054,0.8373081223808054
lam2_n0.9,2.0,0.9,-0.44999999999999996,0.42480549434504344,0.8388835518976695,0.46405263772492095,0.9697175781742866,0.08388835518976695,0.8388835518976695
lam2_n0.9,2.0,0.9,-0.44499999999999995,0.42711225358647303,0.8404067743093737,0.4586520807711091,0.9702343424493866,0.08404067743093738,0.8404067743093737
lam2_n0.9,2.0,0.9,-0.43999999999999995,0.42939202538453486,0.8418789704954676,0.4532576625497705,0.9707502737511585,0.08418789704954677,0.8418789704954676
lam2_n0.9,2.0,0.9,-0.43499999999999994,0.4316448404647464,0.8433013071588606,0.4478693956562476,0.9712652934514746,0.08433013071588608,0.8433013071588606
lam2_n0.9,2.0,0.9,-0.42999999999999994,0.43387072961336937,0.8446749368474739,0.4424872917865413,0.9717793210825921,0.08446749368474739,0.8446749368474739
lam2_n0.9,2.0,0.9,-0.42499999999999993,0.43606972367281804,0.846000997976049,0.4371113616993344,0.972292274325129,0.08460009979760491,0.846000997976049
lam2_n0.9,2.0,0.9,-0.42000000000000004,0.4382418535368763,0.8472806148481162,0.4317416151772532,0.9728040689975356,0.08472806148481163,0.8472806148481162
lam2_n0.9,2.0,0.9,-0.41500000000000004,0.44038715014571894,0.8485148976781199,0.42637806098738434,0.9733146190471537,0.084851489767812,0.8485148976781199
lam2_n0.9,2.0,0.9,-0.41000000000000003,0.4425056444807337,0.8497049426136956,0.4210207068410693,0.9738238365429626,0.08497049426136956,0.8497049426136956
lam2_n0.9,2.0,0.9,-0.405,0.4445973675591405,0.8508518317581016,0.4156695593529971,0.974331631670107,0.08508518317581017,0.8508518317581016
lam2_n0.9,2.0,0.9,-0.4,0.44666235042840463,0.8519566331927991,0.4103246239996227,0.9748379127263096,0.08519566331927991,0.8519566331927991
lam2_n0.9,2.0,0.9,-0.395,0.44870062416044043,0.8530204010001787,0.40498590507694054,0.9753425861202666,0.08530204010001788,0.8530204010001787
lam2_n0.9,2.0,0.9,-0.39,0.45071221984560156,0.8540441752864325,0.39965340565764385,0.97584555637213,0.08540441752864325,0.8540441752864325
lam2_n0.9,2.0,0.9,-0.385,0.452697168586457,0.8550289822045644,0.3943271275477055,0.9763467261161811,0.08550289822045644,0.8550289822045644
lam2_n0.9,2.0,0.9,-0.38,0.4546555014913468,0.8559758339775402,0.3890070712424195,0.9768459961057969,0.08559758339775403,0.8559758339775402
lam2_n0.9,2.0,0.9,-0.375,0.45658724966771874,0.8568857289215699,0.38369323588194354,0.9773432652208174,0.08568857289215699,0.8568857289215699
lam2_n0.9,2.0,0.9,-0.37,0.4584924442152397,0.8577596514695195,0.37838561920638875,0.977838430477415,0.08577596514695196,0.8577596514695195
lam2_n0.9,2.0,0.9,-0.365,0.4603711162186829,0.858598572194448,0.3730842175105048,0.9783313870405757,0.08585985721944481,0.858598572194448
lam2_n0.9,2.0,0.9,-0.36,0.46222329674058665,0.8594034478332662,0.36778902559801346,0.9788220282392908,0.08594034478332663,0.8594034478332662
lam2_n0.9,2.0,0.9,-0.355,0.46404901681368477,0.8601752213105085,0.36250003673564535,0.9793102455845686,0.08601752213105085,0.8601752213105085
lam2_n0.9,2.0,0.9,-0.35,0.4658483074331059,0.860914821762218,0.3572172426069403,0.9797959287903643,0.08609148217622181,0.860914821762218
lam2_n0.9,2.0,0.9,-0.345,0.467621199548342,0.8616231645599348,0.35194063326587527,0.9802789657975299,0.08616231645599348,0.8616231645599348
lam2_n0.9,2.0,0.9,-0.33999999999999997,0.46936772405498406,0.8623011513347834,0.3466701970903853,0.9807592428008853,0.08623011513347834,0.8623011513347834
lam2_n0.9,2.0,0.9,-0.33499999999999996,0.4710879117862257,0.8629496700016527,0.3414059207358504,0.9812366442795033,0.08629496700016527,0.8629496700016527
lam2_n0.9,2.0,0.9,-0.32999999999999996,0.47278179350413435,0.8635695947834632,0.3361477890886222,0.9817110530303044,0.08635695947834632,0.8635695947834632
lam2_n0.9,2.0,0.9,-0.32499999999999996,0.4744493998906898,0.864161786235512,0.33089578521966856,0.9821823502050513,0.0864161786235512,0.864161786235512
lam2_n0.9,2.0,0.9,-0.31999999999999995,0.47609076153859226,0.8647270912698902,0.3256498903384198,0.9826504153508284,0.08647270912698903,0.8647270912698902
lam2_n0.9,2.0,0.9,-0.31499999999999995,0.4777059089418394,0.8652663431799656,0.3204100837469016,0.9831151264540876,0.08652663431799656,0.8652663431799656
lam2_n0.9,2.0,0.9,-0.30999999999999994,0.47929487248607583,0.8657803616649195,0.3151763427942445,0.9835763599883389,0.08657803616649196,0.8657803616649195
lam2_n0.9,2.0,0.9,-0.30499999999999994,0.4808576824387156,0.8662699528543325,0.30994864283166446,0.9840339909655544,0.08662699528543326,0.8662699528543325
lam2_n0.9,2.0,0.9,-0.29999999999999993,0.48239436893884113,0.8667359093328107,0.3047269571680091,0.9844878929913542,0.08667359093328109,0.8667359093328107
lam2_n0.9,2.0,0.9,-0.29500000000000004,0.48390496198688204,0.8671790101646393,0.29951125702597287,0.984937938324029,0.08671790101646393,0.8671790101646393
lam2_n0.9,2.0,0.9,-0.29000000000000004,0.4853894914340762,0.8676000209184576,0.2943015114990814,0.9853839979374527,0.08676000209184576,0.8676000209184576
lam2_n0.9,2.0,0.9,-0.28500000000000003,0.48684798697171816,0.8679996936919453,0.2890976875095549,0.9858259415879297,0.08679996936919454,0.8679996936919453
lam2_n0.9,2.0,0.9,-0.28,0.48828047812019926,0.868378767136508,0.28389974976715726,0.9862636378850083,0.0868378767136508,0.868378767136508
lam2_n0.9,2.0,0.9,-0.275,0.489686994217845,0.8687379664819519,0.27870766072914416,0.9866969543662909,0.0868737966481952,0.8687379664819519
lam2_n0.9,2.0,0.9,-0.27,0.4910675644095546,0.869078003561138,0.27352138056142544,0.9871257575762542,0.0869078003561138,0.869078003561138
lam2_n0.9,2.0,0.9,-0.265,0.4924222176352501,0.8693995768346018,0.2683408671010571,0.9875499131490884,0.08693995768346019,0.8693995768346018
lam2_n0.9,2.0,0.9,-0.26,0.49375098261814115,0.8697033714151297,0.2631660758201826,0.9879692858955501,0.08697033714151298,0.8697033714151297
lam2_n0.9,2.0,0.9,-0.255,0.49505388785281373,0.8699900590922766,0.25799695979154325,0.988383739893816,0.08699900590922766,0.8699900590922766
lam2_n0.9,2.0,0.9,-0.25,0.49633096159315027,0.8702602983568152,0.25283346965567977,0.988793138584308,0.08702602983568153,0.8702602983568152
lam2_n0.9,2.0,0.9,-0.245,0.4975822318400904,0.8705147344251019,0.247675553589947,0.9891973448684537,0.08705147344251019,0.8705147344251019
lam2_n0.9,2.0,0.9,-0.24,0.49880772632924175,0.8707539992633467,0.24252315727946513,0.989596221211331,0.08707539992633467,0.8707539992633467
lam2_n0.9,2.0,0.9,-0.235,0.5000074725183502,0.8709787116117739,0.23737622389013086,0.9899896297481305,0.0870978711611774,0.8709787116117739
lam2_n0.9,2.0,0.9,-0.22999999999999998,0.5011814975746409,0.8711894770086587,0.23223469404381114,0.9903774323943623,0.08711894770086587,0.8711894770086587
lam2_n0.9,2.0,0.9,-0.22499999999999998,0.5023298283620411,0.8713868878142267,0.22709850579584223,0.9907594909597125,0.08713868878142267,0.8713868878142267
lam2_n0.9,2.0,0.9,-0.21999999999999997,0.5034524914282956,0.8715715232343997,0.2219675946149552,0.9911356672654476,0.08715715232343997,0.8715715232343997
lam2_n0.9,2.0,0.9,-0.21499999999999997,0.5045495129919897,0.8717439493443753,0.2168418933657472,0.9915058232652465,0.08717439493443753,0.8717439493443753
lam2_n0.9,2.0,0.9,-0.20999999999999996,0.5056209189294897,0.8719047191120227,0.21172133229381704,0.991869821169327,0.08719047191120227,0.8719047191120227
lam2_n0.9,2.0,0.9,-0.20499999999999996,0.5066667347618166,0.8720543724210806,0.20660583901367885,0.9922275235717197,0.08720543724210807,0.8720543724210806
lam2_n0.9,2.0,0.9,-0.19999999999999996,0.5076869856414663,0.8721934360941419,0.2014953384995668,0.9925787935805271,0.08721934360941419,0.8721934360941419
lam2_n0.9,2.0,0.9,-0.19499999999999995,0.508681696339192,0.8723224239154072,0.1963897530792388,0.992923494950991,0.08723224239154072,0.8723224239154072
lam2_n0.9,2.0,0.9,-0.18999999999999995,0.5096508912307621,0.8724418366531932,0.19128900243088368,0.9932614922211773,0.08724418366531933,0.8724418366531932
lam2_n0.9,2.0,0.9,-0.18499999999999994,0.5105945942837117,0.8725521620821781,0.18619300358323096,0.9935926508500749,0.08725521620821781,0.8725521620821781
lam2_n0.9,2.0,0.9,-0.17999999999999994,0.5115128290441022,0.8726538750053682,0.18110167091895873,0.993916837357885,0.08726538750053682,0.8726538750053682
lam2_n0.9,2.0,0.9,-0.17499999999999993,0.5124056186233068,0.8727474372757682,0.1760149161814874,0.994233919468274,0.08727474372757682,0.8727474372757682
lam2_n0.9,2.0,0.9,-0.16999999999999993,0.5132729856848384,0.8728332978177394,0.17093264848524234,0.9945437662523381,0.08728332978177394,0.8728332978177394
lam2_n0.9,2.0,0.9,-0.16500000000000004,0.5141149524312372,0.8729118926480282,0.16585477432946183,0.9948462482740242,0.08729118926480282,0.8729118926480282
lam2_n0.9,2.0,0.9,-0.16000000000000003,0.5149315405910374,0.8729836448964476,0.16078119761561746,0.9951412377367342,0.08729836448964477,0.8729836448964476
lam2_n0.9,2.0,0.9,-0.15500000000000003,0.5157227714058296,0.8730489648261963,0.15571181966851053,0.9954286086308293,0.08730489648261963,0.8730489648261963
lam2_n0.9,2.0,0.9,-0.15000000000000002,0.516488665617437,0.8731082498537956,0.15064653926109423,0.9957082368817405,0.08731082498537956,0.8731082498537956
lam2_n0.9,2.0,0.9,-0.14500000000000002,0.5172292434552274,0.8731618845686298,0.1455852526430682,0.9959800004983812,0.08731618845686298,0.8731618845686298
lam2_n0.9,2.0,0.9,-0.14,0.5179445246235751,0.8732102407520709,0.14052785357327943,0.9962437797215471,0.08732102407520709,0.8732102407520709
lam2_n0.9,2.0,0.9,-0.135,0.5186345282894966,0.8732536773961731,0.1354742333559557,0.9964994571719801,0.08732536773961731,0.8732536773961731
lam2_n0.9,2.0,0.9,-0.13,0.5192992730704756,0.8732925407219181,0.13042428088078703,0.9967469179977704,0.08732925407219182,0.8732925407219181
lam2_n0.9,2.0,0.9,-0.125,0.5199387770224985,0.8733271641969947,0.12537788266686173,0.9969860500207538,0.08733271641969947,0.8733271641969947
lam2_n0.9,2.0,0.9,-0.12,0.5205530576283195,0.8733578685530994,0.12033492291045132,0.9972167438815699,0.08733578685530995,0.8733578685530994
lam2_n0.9,2.0,0.9,-0.11499999999999999,0.5211421317859738,0.8733849618027354,0.11529528353663038,0.997438893183028,0.08733849618027355,0.8733849618027354
lam2_n0.9,2.0,0.9,-0.10999999999999999,0.5217060157975588,0.8734087392555019,0.1102588442547037,0.9976523946314386,0.08734087392555019,0.8734087392555019
lam2_n0.9,2.0,0.9,-0.10499999999999998,0.5222447253583014,0.8734294835338523,0.1052254826174048,0.9978571481755549,0.08734294835338524,0.8734294835338523
lam2_n0.9,2.0,0.9,-0.09999999999999998,0.522758275545931,0.873447464588306,0.10019507408381634,0.9980530571427776,0.08734474645883061,0.873447464588306
lam2_n0.9,2.0,0.9,-0.09499999999999997,0.5232466808103766,0.8734629397121034,0.09516749208595347,0.99824002837227,0.08734629397121035,0.8734629397121034
lam2_n0.9,2.0,0.9,-0.08999999999999997,0.5237099549638048,0.8734761535552842,0.09014260809893876,0.9984179723446401,0.08734761535552843,0.8734761535552842
lam2_n0.9,2.0,0.9,-0.08499999999999996,0.5241481111710183,0.8734873381381771,0.0851202917146867,0.9985868033078419,0.08734873381381772,0.8734873381381771
lam2_n0.9,2.0,0.9,-0.07999999999999996,0.5245611619402315,0.8734967128642891,0.08010041071900424,0.9987464393989623,0.08734967128642891,0.8734967128642891
lam2_n0.9,2.0,0.9,-0.07499999999999996,0.5249491191142391,0.8735044845325748,0.07508283117200315,0.9988968027615601,0.08735044845325748,0.8735044845325748
lam2_n0.9,2.0,0.9,-0.06999999999999995,0.5253119938619962,0.8735108473490815,0.0700674174917088,0.9990378196582337,0.08735108473490816,0.8735108473490815
lam2_n0.9,2.0,0.9,-0.06499999999999995,0.5256497966706223,0.8735159829379501,0.06505403254073955,0.9991694205781053,0.08735159829379502,0.8735159829379501
lam2_n0.9,2.0,0.9,-0.05999999999999994,0.5259625373378477,0.8735200603517655,0.06004253771592062,0.9992915403389188,0.08735200603517657,0.8735200603517655
lam2_n0.9,2.0,0.9,-0.05499999999999994,0.5262502249649144,0.8735232360812422,0.05503279304068632,0.9994041181834595,0.08735232360812423,0.8735232360812422
lam2_n0.9,2.0,0.9,-0.04999999999999993,0.5265128679499453,0.8735256540642354,0.0500246572601149,0.9995070978700212,0.08735256540642355,0.8735256540642354
lam2_n0.9,2.0,0.9,-0.04499999999999993,0.5267504739817959,0.8735274456940706,0.04501798793843127,0.999600427756657,0.08735274456940706,0.8735274456940706
lam2_n0.9,2.0,0.9,-0.040000000000000036,0.5269630500343977,0.873528729827177,0.04001264155880423,0.9996840608789697,0.08735287298271771,0.873528729827177
lam2_n0.9,2.0,0.9,-0.03500000000000003,0.5271506023616076,0.8735296127900222,0.03500847362525609,0.999757955021211,0.08735296127900222,0.8735296127900222
lam2_n0.9,2.0,0.9,-0.030000000000000027,0.5273131364925705,0.873530188385337,0.03000533876649744,0.9998220727804821,0.0873530188385337,0.873530188385337
lam2_n0.9,2.0,0.9,-0.025000000000000022,0.5274506572276062,0.8735305378976238,0.025003090841488763,0.9998763816238426,0.08735305378976238,0.8735305378976238
lam2_n0.9,2.0,0.9,-0.020000000000000018,0.5275631686346279,0.873530730097944,0.020001583046528753,0.9999208539381581,0.0873530730097944,0.873530730097944
lam2_n0.9,2.0,0.9,-0.015000000000000013,0.5276506740460991,0.8735308212479775,0.015000668023661025,0.9999554670725359,0.08735308212479775,0.8735308212479775
lam2_n0.9,2.0,0.9,-0.010000000000000009,0.5277131760565358,0.8735308551033507,0.010000197970186918,0.9999802033732232,0.08735308551033508,0.8735308551033507
lam2_n0.9,2.0,0.9,-0.0050000000000000044,0.5277506765205587,0.8735308629162282,0.005000024749068212,0.9999950502108591,0.08735308629162282,0.8735308629162282
lam2_n0.9,2.0,0.9,0.0,0.5277631765514985,0.8735308634371668,0.0,1.0,0.08735308634371669,0.8735308634371668
lam2_n0.9,2.0,0.9,0.0050000000000001155,0.5277506765205587,0.8735308629162282,0.005000024749068323,0.9999950502108591,0.08735308629162282,0.8735308629162282
lam2_n0.9,2.0,0.9,0.010000000000000009,0.5277131760565358,0.8735308551033507,0.010000197970186918,0.9999802033732232,0.08735308551033508,0.8735308551033507
lam2_n0.9,2.0,0.9,0.015000000000000124,0.5276506740460991,0.8735308212479775,0.015000668023661136,0.9999554670725359,0.08735308212479775,0.8735308212479775
lam2_n0.9,2.0,0.9,0.020000000000000018,0.5275631686346279,0.873530730097944,0.020001583046528753,0.9999208539381581,0.0873530730097944,0.873530730097944
lam2_n0.9,2.0,0.9,0.02499999999999991,0.5274506572276062,0.8735305378976238,0.02500309084148865,0.9998763816238426,0.08735305378976238,0.8735305378976238
lam2_n0.9,2.0,0.9,0.030000000000000027,0.5273131364925705,0.873530188385337,0.03000533876649744,0.9998220727804821,0.0873530188385337,0.873530188385337
lam2_n0.9,2.0,0.9,0.03499999999999992,0.5271506023616076,0.8735296127900222,0.03500847362525598,0.999757955021211,0.08735296127900222,0.8735296127900222
lam2_n0.9,2.0,0.9,0.040000000000000036,0.5269630500343977,0.873528729827177,0.04001264155880423,0.9996840608789697,0.08735287298271771,0.873528729827177
lam2_n0.9,2.0,0.9,0.04499999999999993,0.5267504739817959,0.8735274456940706,0.04501798793843127,0.999600427756657,0.08735274456940706,0.8735274456940706
lam2_n0.9,2.0,0.9,0.050000000000000044,0.5265128679499453,0.8735256540642354,0.05002465726011501,0.9995070978700212,0.08735256540642355,0.8735256540642354
lam2_n0.9,2.0,0.9,0.05499999999999994,0.5262502249649144,0.8735232360812422,0.05503279304068632,0.9994041181834595,0.08735232360812423,0.8735232360812422
lam2_n0.9,2.0,0.9,0.06000000000000005,0.5259625373378477,0.8735200603517655,0.06004253771592073,0.9992915403389188,0.08735200603517657,0.8735200603517655
lam2_n0.9,2.0,0.9,0.06499999999999995,0.5256497966706223,0.8735159829379501,0.06505403254073955,0.9991694205781053,0.08735159829379502,0.8735159829379501
lam2_n0.9,2.0,0.9,0.07000000000000006,0.5253119938619962,0.8735108473490815,0.07006741749170892,0.9990378196582337,0.08735108473490816,0.8735108473490815
lam2_n0.9,2.0,0.9,0.07499999999999996,0.5249491191142391,0.8735044845325748,0.07508283117200315,0.9988968027615601,0.08735044845325748,0.8735044845325748
lam2_n0.9,2.0,0.9,0.08000000000000007,0.5245611619402315,0.8734967128642891,0.08010041071900435,0.9987464393989623,0.08734967128642891,0.8734967128642891
lam2_n0.9,2.0,0.9,0.08499999999999996,0.5241481111710183,0.8734873381381771,0.0851202917146867,0.9985868033078419,0.08734873381381772,0.8734873381381771
lam2_n0.9,2.0,0.9,0.09000000000000008,0.5237099549638048,0.8734761535552842,0.09014260809893887,0.9984179723446401,0.08734761535552843,0.8734761535552842
lam2_n0.9,2.0,0.9,0.09499999999999997,0.5232466808103766,0.8734629397121034,0.09516749208595347,0.99824002837227,0.08734629397121035,0.8734629397121034
lam2_n0.9,2.0,0.9,0.10000000000000009,0.522758275545931,0.873447464588306,0.10019507408381645,0.9980530571427776,0.08734474645883061,0.873447464588306
lam2_n0.9,2.0,0.9,0.10499999999999998,0.5222447253583014,0.8734294835338523,0.1052254826174048,0.9978571481755549,0.08734294835338524,0.8734294835338523
lam2_n0.9,2.0,0.9,0.1100000000000001,0.5217060157975588,0.8734087392555019,0.11025884425470381,0.9976523946314386,0.08734087392555019,0.8734087392555019
lam2_n0.9,2.0,0.9,0.11499999999999999,0.5211421317859738,0.8733849618027354,0.11529528353663038,0.997438893183028,0.08733849618027355,0.8733849618027354
lam2_n0.9,2.0,0.9,0.1200000000000001,0.5205530576283195,0.8733578685530994,0.12033492291045143,0.9972167438815699,0.08733578685530995,0.8733578685530994
lam2_n0.9,2.0,0.9,0.125,0.5199387770224985,0.8733271641969947,0.12537788266686173,0.9969860500207538,0.08733271641969947,0.8733271641969947
lam2_n0.9,2.0,0.9,0.13000000000000012,0.5192992730704756,0.8732925407219181,0.13042428088078714,0.9967469179977704,0.08732925407219182,0.8732925407219181
lam2_n0.9,2.0,0.9,0.135,0.5186345282894966,0.8732536773961731,0.1354742333559557,0.9964994571719801,0.08732536773961731,0.8732536773961731
lam2_n0.9,2.0,0.9,0.14000000000000012,0.5179445246235751,0.8732102407520709,0.14052785357327954,0.9962437797215471,0.08732102407520709,0.8732102407520709
lam2_n0.9,2.0,0.9,0.14500000000000002,0.5172292434552274,0.8731618845686298,0.1455852526430682,0.9959800004983812,0.08731618845686298,0.8731618845686298
lam2_n0.9,2.0,0.9,0.15000000000000013,0.516488665617437,0.8731082498537956,0.15064653926109434,0.9957082368817405,0.08731082498537956,0.8731082498537956
lam2_n0.9,2.0,0.9,0.15500000000000003,0.5157227714058296,0.8730489648261963,0.15571181966851053,0.9954286086308293,0.08730489648261963,0.8730489648261963
lam2_n0.9,2.0,0.9,0.15999999999999992,0.5149315405910374,0.8729836448964476,0.16078119761561735,0.9951412377367342,0.08729836448964477,0.8729836448964476
lam2_n0.9,2.0,0.9,0.16500000000000004,0.5141149524312372,0.8729118926480282,0.16585477432946183,0.9948462482740242,0.08729118926480282,0.8729118926480282
lam2_n0.9,2.0,0.9,0.16999999999999993,0.5132729856848384,0.8728332978177394,0.17093264848524234,0.9945437662523381,0.08728332978177394,0.8728332978177394
lam2_n0.9,2.0,0.9,0.17500000000000004,0.5124056186233068,0.8727474372757682,0.1760149161814875,0.994233919468274,0.08727474372757682,0.8727474372757682
lam2_n0.9,2.0,0.9,0.17999999999999994,0.5115128290441022,0.8726538750053682,0.18110167091895873,0.993916837357885,0.08726538750053682,0.8726538750053682
lam2_n0.9,2.0,0.9,0.18500000000000005,0.5105945942837117,0.8725521620821781,0.18619300358323107,0.9935926508500749,0.08725521620821781,0.8725521620821781
lam2_n0.9,2.0,0.9,0.18999999999999995,0.5096508912307621,0.8724418366531932,0.19128900243088368,0.9932614922211773,0.08724418366531933,0.8724418366531932
lam2_n0.9,2.0,0.9,0.19500000000000006,0.508681696339192,0.8723224239154072,0.19638975307923892,0.992923494950991,0.08723224239154072,0.8723224239154072
lam2_n0.9,2.0,0.9,0.19999999999999996,0.5076869856414663,0.8721934360941419,0.2014953384995668,0.9925787935805271,0.08721934360941419,0.8721934360941419
lam2_n0.9,2.0,0.9,0.20500000000000007,0.5066667347618166,0.8720543724210806,0.20660583901367896,0.9922275235717197,0.08720543724210807,0.8720543724210806
lam2_n0.9,2.0,0.9,0.20999999999999996,0.5056209189294897,0.8719047191120227,0.21172133229381704,0.991869821169327,0.08719047191120227,0.8719047191120227
lam2_n0.9,2.0,0.9,0.21500000000000008,0.5045495129919897,0.8717439493443753,0.2168418933657473,0.9915058232652465,0.08717439493443753,0.8717439493443753
lam2_n0.9,2.0,0.9,0.21999999999999997,0.5034524914282956,0.8715715232343997,0.2219675946149552,0.9911356672654476,0.08715715232343997,0.8715715232343997
lam2_n0.9,2.0,0.9,0.2250000000000001,0.5023298283620411,0.8713868878142267,0.22709850579584234,0.9907594909597125,0.08713868878142267,0.8713868878142267
lam2_n0.9,2.0,0.9,0.22999999999999998,0.5011814975746409,0.8711894770086587,0.23223469404381114,0.9903774323943623,0.08711894770086587,0.8711894770086587
lam2_n0.9,2.0,0.9,0.2350000000000001,0.5000074725183502,0.8709787116117739,0.23737622389013097,0.9899896297481305,0.0870978711611774,0.8709787116117739
lam2_n0.9,2.0,0.9,0.24,0.49880772632924175,0.8707539992633467,0.24252315727946513,0.989596221211331,0.08707539992633467,0.8707539992633467
lam2_n0.9,2.0,0.9,0.2450000000000001,0.4975822318400904,0.8705147344251019,0.2476755535899471,0.9891973448684537,0.08705147344251019,0.8705147344251019
lam2_n0.9,2.0,0.9,0.25,0.49633096159315027,0.8702602983568152,0.25283346965567977,0.988793138584308,0.08702602983568153,0.8702602983568152
lam2_n0.9,2.0,0.9,0.2550000000000001,0.4950538878528137,0.8699900590922766,0.25799695979154336,0.988383739893816,0.08699900590922766,0.8699900590922766
lam2_n0.9,2.0,0.9,0.26,0.49375098261814115,0.8697033714151297,0.2631660758201826,0.9879692858955501,0.08697033714151298,0.8697033714151297
lam2_n0.9,2.0,0.9,0.2650000000000001,0.49242221763525007,0.8693995768346018,0.2683408671010572,0.9875499131490884,0.08693995768346019,0.8693995768346018
lam2_n0.9,2.0,0.9,0.27,0.4910675644095546,0.869078003561138,0.27352138056142544,0.9871257575762542,0.0869078003561138,0.869078003561138
lam2_n0.9,2.0,0.9,0.27500000000000013,0.48968699421784495,0.8687379664819519,0.27870766072914427,0.9866969543662909,0.0868737966481952,0.8687379664819519
lam2_n0.9,2.0,0.9,0.28,0.48828047812019926,0.868378767136508,0.28389974976715726,0.9862636378850083,0.0868378767136508,0.868378767136508
lam2_n0.9,2.0,0.9,0.2849999999999999,0.4868479869717182,0.8679996936919453,0.2890976875095548,0.9858259415879297,0.08679996936919454,0.8679996936919453
lam2_n0.9,2.0,0.9,0.29000000000000004,0.4853894914340762,0.8676000209184576,0.2943015114990814,0.9853839979374527,0.08676000209184576,0.8676000209184576
lam2_n0.9,2.0,0.9,0.29499999999999993,0.4839049619868821,0.8671790101646393,0.29951125702597275,0.984937938324029,0.08671790101646393,0.8671790101646393
lam2_n0.9,2.0,0.9,0.30000000000000004,0.48239436893884113,0.8667359093328107,0.30472695716800924,0.9844878929913542,0.08667359093328109,0.8667359093328107
lam2_n0.9,2.0,0.9,0.30499999999999994,0.4808576824387156,0.8662699528543325,0.30994864283166446,0.9840339909655544,0.08662699528543326,0.8662699528543325
lam2_n0.9,2.0,0.9,0.31000000000000005,0.47929487248607583,0.8657803616649195,0.3151763427942446,0.9835763599883389,0.08657803616649196,0.8657803616649195
lam2_n0.9,2.0,0.9,0.31499999999999995,0.4777059089418394,0.8652663431799656,0.3204100837469016,0.9831151264540876,0.08652663431799656,0.8652663431799656
lam2_n0.9,2.0,0.9,0.32000000000000006,0.47609076153859226,0.8647270912698902,0.3256498903384199,0.9826504153508284,0.08647270912698903,0.8647270912698902
lam2_n0.9,2.0,0.9,0.32499999999999996,0.4744493998906898,0.864161786235512,0.33089578521966856,0.9821823502050513,0.0864161786235512,0.864161786235512
lam2_n0.9,2.0,0.9,0.33000000000000007,0.47278179350413435,0.8635695947834632,0.3361477890886223,0.9817110530303044,0.08635695947834632,0.8635695947834632
lam2_n0.9,2.0,0.9,0.33499999999999996,0.4710879117862257,0.8629496700016527,0.3414059207358504,0.9812366442795033,0.08629496700016527,0.8629496700016527
lam2_n0.9,2.0,0.9,0.3400000000000001,0.46936772405498406,0.8623011513347834,0.34667019709038543,0.9807592428008853,0.08623011513347834,0.8623011513347834
lam2_n0.9,2.0,0.9,0.345,0.467621199548342,0.8616231645599348,0.35194063326587527,0.9802789657975299,0.08616231645599348,0.8616231645599348
lam2_n0.9,2.0,0.9,0.3500000000000001,0.4658483074331059,0.860914821762218,0.35721724260694043,0.9797959287903643,0.08609148217622181,0.860914821762218
lam2_n0.9,2.0,0.9,0.355,0.46404901681368477,0.8601752213105085,0.36250003673564535,0.9793102455845686,0.08601752213105085,0.8601752213105085
lam2_n0.9,2.0,0.9,0.3600000000000001,0.46222329674058665,0.8594034478332662,0.3677890255980136,0.9788220282392908,0.08594034478332663,0.8594034478332662
lam2_n0.9,2.0,0.9,0.365,0.4603711162186829,0.858598572194448,0.3730842175105048,0.9783313870405757,0.08585985721944481,0.858598572194448
lam2_n0.9,2.0,0.9,0.3700000000000001,0.45849244421523966,0.8577596514695195,0.37838561920638886,0.977838430477415,0.08577596514695196,0.8577596514695195
lam2_n0.9,2.0,0.9,0.375,0.45658724966771874,0.8568857289215699,0.38369323588194354,0.9773432652208174,0.08568857289215699,0.8568857289215699
lam2_n0.9,2.0,0.9,0.3800000000000001,0.45465550149134676,0.8559758339775402,0.3890070712424196,0.9768459961057969,0.08559758339775403,0.8559758339775402
lam2_n0.9,2.0,0.9,0.385,0.452697168586457,0.8550289822045644,0.3943271275477055,0.9763467261161811,0.08550289822045644,0.8550289822045644
lam2_n0.9,2.0,0.9,0.3900000000000001,0.4507122198456015,0.8540441752864325,0.39965340565764396,0.97584555637213,0.08540441752864325,0.8540441752864325
lam2_n0.9,2.0,0.9,0.395,0.44870062416044043,0.8530204010001787,0.40498590507694054,0.9753425861202666,0.08530204010001788,0.8530204010001787
lam2_n0.9,2.0,0.9,0.40000000000000013,0.4466623504284046,0.8519566331927991,0.41032462399962283,0.9748379127263096,0.08519566331927991,0.8519566331927991
lam2_n0.9,2.0,0.9,0.405,0.4445973675591405,0.8508518317581016,0.4156695593529971,0.974331631670107,0.08508518317581017,0.8508518317581016
lam2_n0.9,2.0,0.9,0.4099999999999999,0.44250564448073376,0.8497049426136956,0.4210207068410692,0.9738238365429626,0.08497049426136956,0.8497049426136956
lam2_n0.9,2.0,0.9,0.41500000000000004,0.44038715014571894,0.8485148976781199,0.42637806098738434,0.9733146190471537,0.084851489767812,0.8485148976781199
lam2_n0.9,2.0,0.9,0.41999999999999993,0.43824185353687634,0.8472806148481162,0.43174161517725307,0.9728040689975356,0.08472806148481163,0.8472806148481162
lam2_n0.9,2.0,0.9,0.42500000000000004,0.436069723672818,0.846000997976049,0.4371113616993345,0.972292274325129,0.08460009979760491,0.846000997976049
lam2_n0.9,2.0,0.9,0.42999999999999994,0.43387072961336937,0.8446749368474739,0.4424872917865413,0.9717793210825921,0.08446749368474739,0.8446749368474739
lam2_n0.9,2.0,0.9,0.43500000000000005,0.4316448404647464,0.8433013071588606,0.4478693956562477,0.9712652934514746,0.08433013071588608,0.8433013071588606
lam2_n0.9,2.0,0.9,0.43999999999999995,0.42939202538453486,0.8418789704954676,0.4532576625497705,0.9707502737511585,0.08418789704954677,0.8418789704954676
lam2_n0.9,2.0,0.9,0.44500000000000006,0.42711225358647303,0.8404067743093737,0.4586520807711092,0.9702343424493866,0.08404067743093738,0.8404067743093737
lam2_n0.9,2.0,0.9,0.44999999999999996,0.42480549434504344,0.8388835518976695,0.46405263772492095,0.9697175781742866,0.08388835518976695,0.8388835518976695
lam2_n0.9,2.0,0.9,0.45500000000000007,0.4224717169998759,0.8373081223808054,0.4694593199537218,0.9692000577277983,0.08373081223808054,0.8373081223808054
lam2_n0.9,2.0,0.9,0.45999999999999996,0.42011089095996684,0.835679290681103,0.474872113174293,0.9686818561004139,0.08356792906811031,0.835679290681103
lam2_n0.9,2.0,0.9,0.4650000000000001,0.417722985707719,0.8339958475014284,0.4802910023132916,0.9681630464871436,0.08339958475014285,0.8339958475014284
lam2_n0.9,2.0,0.9,0.47,0.4153079708028043,0.8322565693040268,0.48571597154204593,0.9676437003046223,0.08322565693040268,0.8322565693040268
lam2_n0.9,2.0,0.9,0.4750000000000001,0.4128658158858554,0.8304602182895244,0.49114700431054015,0.9671238872092749,0.08304602182895245,0.8304602182895244
lam2_n0.9,2.0,0.9,0.48,0.41039649068198936,0.8286055423760932,0.49658408338057314,0.9666036751164587,0.08286055423760932,0.8286055423760932
lam2_n0.9,2.0,0.9,0.4850000000000001,0.40789996500416675,0.82669127517878,0.5020271908580978,0.9660831302205094,0.08266912751787801,0.82669127517878
lam2_n0.9,2.0,0.9,0.49,0.40537620875639274,0.8247161359890037,0.5074763082247312,0.9655623170156111,0.08247161359890037,0.8247161359890037
lam2_n0.9,2.0,0.9,0.4950000000000001,0.4028251919367604,0.8226788297542171,0.5129314163684466,0.9650412983174225,0.08226788297542172,0.8226788297542171
lam2_n0.9,2.0,0.9,0.5,0.4002468846403454,0.8205780470577346,0.5183924956134346,0.9645201352853883,0.08205780470577347,0.8205780470577346
lam2_n0.9,2.0,0.9,0.5050000000000001,0.3976412570619507,0.8184124640987267,0.5238595257491538,0.9639988874456691,0.08184124640987267,0.8184124640987267
lam2_n0.9,2.0,0.9,0.51,0.3950082794987102,0.8161807426723791,0.5293324860585598,0.9634776127146275,0.08161807426723791,0.8161807426723791
lam2_n0.9,2.0,0.9,0.5150000000000001,0.3923479223525515,0.813881530150219,0.5348113553455305,0.9629563674228071,0.0813881530150219,0.813881530150219
lam2_n0.9,2.0,0.9,0.52,0.3896601561325256,0.8115134594606062,0.5402961119614862,0.9624352063393472,0.08115134594606062,0.8115134594606062
lam2_n0.9,2.0,0.9,0.5250000000000001,0.3869449514570026,0.8090751490693873,0.5457867338312181,0.9619141826967781,0.08090751490693873,0.8090751490693873
lam2_n0.9,2.0,0.9,0.53,0.3842022790557439,0.8065652029607173,0.5512831984779295,0.961393348216141,0.08065652029607173,0.8065652029607173
lam2_n0.9,2.0,0.9,0.5350000000000001,0.38143210977184727,0.8039822106180414,0.5567854830475037,0.9608727531323856,0.08039822106180415,0.8039822106180414
lam2_n0.9,2.0,0.9,0.54,0.378634414563576,0.8013247470052429,0.5622935643320048,0.9603524462199934,0.0801324747005243,0.8013247470052429
lam2_n0.9,2.0,0.9,0.5449999999999999,0.37580916450606944,0.7985913725479498,0.5678074187924265,0.9598324748187832,0.07985913725479499,0.7985913725479498
lam2_n0.9,2.0,0.9,0.55,0.37295633079294366,0.7957806331150048,0.5733270225806972,0.9593128848598553,0.07957806331150048,0.7957806331150048
lam2_n0.9,2.0,0.9,0.5549999999999999,0.3700758847377839,0.7928910600000966,0.5788523515609558,0.958793720891632,0.07928910600000966,0.7928910600000966
lam2_n0.9,2.0,0.9,0.56,0.36716779777553055,0.7899211699035453,0.5843833813301115,0.958275026105957,0.07899211699035454,0.7899211699035453
lam2_n0.9,2.0,0.9,0.565,0.3642320414637664,0.7868694649142528,0.5899200872376968,0.957756842364217,0.07868694649142528,0.7868694649142528
lam2_n0.9,2.0,0.9,0.5700000000000001,0.3612685874839047,0.783734432491804,0.5954624444050345,0.9572392102234497,0.0783734432491804,0.783734432491804
lam2_n0.9,2.0,0.9,0.575,0.3582774076422842,0.780514545448728,0.6010104277437234,0.9567221689624086,0.0780514545448728,0.780514545448728
lam2_n0.9,2.0,0.9,0.5800000000000001,0.3552584738711726,0.7772082619329108,0.6065640119734669,0.9562057566075503,0.07772082619329108,0.7772082619329108
lam2_n0.9,2.0,0.9,0.585,0.35221175822968287,0.773814025410165,0.6121231716392488,0.9556900099589211,0.0773814025410165,0.773814025410165
lam2_n0.9,2.0,0.9,0.5900000000000001,0.34913723290460497,0.7703302646469459,0.61768788112788,0.9551749646159114,0.07703302646469459,0.7703302646469459
lam2_n0.9,2.0,0.9,0.595,0.34603487021115775,0.7667553936932248,0.6232581146839232,0.954660655002857,0.07667553936932248,0.7667553936932248
lam2_n0.9,2.0,0.9,0.6000000000000001,0.34290464259365966,0.7630878118655049,0.6288338464250167,0.9541471143944622,0.07630878118655049,0.7630878118655049
lam2_n0.9,2.0,0.9,0.605,0.3397465226261286,0.7593259037299916,0.6344150503566056,0.9536343749410242,0.07593259037299917,0.7593259037299916
lam2_n0.9,2.0,0.9,0.6100000000000001,0.3365604830128052,0.7554680390859031,0.6400017003861034,0.9531224676934394,0.07554680390859031,0.7554680390859031
lam2_n0.9,2.0,0.9,0.615,0.3333464965886105,0.7515125729489304,0.6455937703364886,0.9526114226279742,0.07515125729489304,0.7515125729489304
lam2_n0.9,2.0,0.9,0.6200000000000001,0.33010453631953346,0.7474578455348379,0.6511912339593624,0.9521012686707807,0.07474578455348378,0.7474578455348379
lam2_n0.9,2.0,0.9,0.625,0.3268345753029582,0.7433021822432084,0.6567940649474712,0.951592033722147,0.07433021822432084,0.7433021822432084
lam2_n0.9,2.0,0.9,0.6300000000000001,0.3235365867679264,0.7390438936413254,0.6624022369467182,0.9510837446804631,0.07390438936413254,0.7390438936413254
lam2_n0.9,2.0,0.9,0.635,0.320210544075344,0.734681275448198,0.6680157235676697,0.9505764274658944,0.0734681275448198,0.734681275448198
lam2_n0.9,2.0,0.9,0.6400000000000001,0.3168564207181282,0.7302126085187196,0.6736344983965803,0.9500701070437474,0.07302126085187197,0.7302126085187196
lam2_n0.9,2.0,0.9,0.645,0.3134741903213053,0.7256361588279657,0.6792585350059392,0.9495648074475211,0.07256361588279657,0.7256361588279657
lam2_n0.9,2.0,0.9,0.6500000000000001,0.31006382664205084,0.7209501774556234,0.684887806964565,0.9490605518016327,0.07209501774556235,0.7209501774556234
lam2_n0.9,2.0,0.9,0.655,0.30662530356968637,0.7161529005705549,0.6905222878472496,0.9485573623438098,0.0716152900570555,0.7161529005705549
lam2_n0.9,2.0,0.9,0.6600000000000001,0.3031585951256246,0.7112425494154921,0.696161951243977,0.9480552604471435,0.07112425494154921,0.7112425494154921
lam2_n0.9,2.0,0.9,0.665,0.2996636754632721,0.7062173302918608,0.70180677076872,0.9475542666417939,0.07062173302918609,0.7062173302918608
lam2_n0.9,2.0,0.9,0.6699999999999999,0.2961405188678881,0.7010754345447322,0.707456720067836,0.9470544006363464,0.07010754345447322,0.7010754345447322
lam2_n0.9,2.0,0.9,0.675,0.2925890997564024,0.6958150385479012,0.7131117728280696,0.9465556813388099,0.06958150385479012,0.6958150385479012
lam2_n0.9,2.0,0.9,0.6799999999999999,0.2890093926771942,0.6904343036890925,0.7187719027841764,0.9460581268772573,0.06904343036890925,0.6904343036890925
lam2_n0.9,2.0,0.9,0.685,0.2854013723098334,0.6849313763552838,0.7244370837261824,0.9455617546201037,0.06849313763552838,0.6849313763552838
lam2_n0.9,2.0,0.9,0.69,0.2817650134647873,0.6793043879181578,0.730107289506288,0.9450665811960194,0.06793043879181579,0.6793043879181578
lam2_n0.9,2.0,0.9,0.6950000000000001,0.27810029108309287,0.6735514547196699,0.735782494045431,0.9445726225134777,0.067355145471967,0.6735514547196699
lam2_n0.9,2.0,0.9,0.7,0.2744071802359978,0.6676706780577372,0.7414626713395178,0.9440798937799365,0.06676706780577372,0.6676706780577372
lam2_n0.9,2.0,0.9,0.7050000000000001,0.27068565612457074,0.6616601441720411,0.7471477954653383,0.9435884095206521,0.06616601441720411,0.6616601441720411
lam2_n0.9,2.0,0.9,0.71,0.2669356940792815,0.6555179242299519,0.7528378405861694,0.9430981835971272,0.06555179242299519,0.6555179242299519
lam2_n0.9,2.0,0.9,0.7150000000000001,0.2631572695595564,0.6492420743125615,0.7585327809570865,0.9426092292251911,0.06492420743125615,0.6492420743125615
lam2_n0.9,2.0,0.9,0.72,0.2593503581533072,0.6428306354008327,0.7642325909299837,0.9421215589927174,0.06428306354008327,0.6428306354008327
lam2_n0.9,2.0,0.9,0.7250000000000001,0.2555149355764332,0.636281633361858,0.7699372449583223,0.941635184876977,0.0636281633361858,0.636281633361858
lam2_n0.9,2.0,0.9,0.73,0.2516509776723034,0.6295930789352294,0.7756467176016102,0.9411501182616292,0.06295930789352294,0.6295930789352294
lam2_n0.9,2.0,0.9,0.7350000000000001,0.24775846041121571,0.6227629677195146,0.7813609835296288,0.9406663699533562,0.062276296771951456,0.6227629677195146
lam2_n0.9,2.0,0.9,0.74,0.24383735988983496,0.6157892801588436,0.7870800175264093,0.9401839501981389,0.06157892801588436,0.6157892801588436
lam2_n0.9,2.0,0.9,0.7450000000000001,0.23988765233061168,0.6086699815295961,0.7928037944939765,0.939702868697181,0.06086699815295961,0.6086699815295961
lam2_n0.9,2.0,0.9,0.75,0.23590931408118498,0.6014030219271985,0.7985322894558595,0.9392231346224826,0.060140302192719854,0.6014030219271985
lam2_n0.9,2.0,0.9,0.7550000000000001,0.23190232161376464,0.5939863362530183,0.8042654775603878,0.9387447566320679,0.05939863362530184,0.5939863362530183
lam2_n0.9,2.0,0.9,0.76,0.22786665152450142,0.5864178442013639,0.8100033340837723,0.9382677428848696,0.05864178442013639,0.5864178442013639
lam2_n0.9,2.0,0.9,0.7650000000000001,0.22380228053283782,0.5786954502465811,0.8157458344329873,0.9377921010552756,0.05786954502465811,0.5786954502465811
lam2_n0.9,2.0,0.9,0.77,0.21970918548085033,0.5708170436302523,0.8214929541484546,0.9373178383473401,0.05708170436302523,0.5708170436302523
lam2_n0.9,2.0,0.9,0.7750000000000001,0.21558734333257376,0.5627804983484875,0.8272446689065436,0.9368449615086663,0.056278049834848756,0.5627804983484875
lam2_n0.9,2.0,0.9,0.78,0.21143673117331646,0.5545836731393174,0.8330009545218887,0.936373476843962,0.05545836731393175,0.5545836731393174
lam2_n0.9,2.0,0.9,0.7850000000000001,0.2072573262089634,0.5462244114701745,0.8387617869495397,0.9359033902282747,0.054622441147017455,0.5462244114701745
lam2_n0.9,2.0,0.9,0.79,0.2030491057652692,0.5377005415254748,0.8445271422869403,0.9354347071199118,0.05377005415254748,0.5377005415254748
lam2_n0.9,2.0,0.9,0.7949999999999999,0.19881204728714177,0.529009876194285,0.8502969967757548,0.9349674325730472,0.0529009876194285,0.529009876194285
lam2_n0.9,2.0,0.9,0.8,0.19454612833791574,0.5201502130580847,0.8560713268035394,0.9345015712500236,0.05201502130580848,0.5201502130580847
lam2_n0.9,2.0,0.9,0.8049999999999999,0.1902513265986208,0.5111193343786178,0.8618501089052691,0.9340371274333529,0.05111193343786178,0.5111193343786178
lam2_n0.9,2.0,0.9,0.81,0.18592761986723982,0.501915007085829,0.8676333197647267,0.9335741050374197,0.05019150070858291,0.501915007085829
lam2_n0.9,2.0,0.9,0.815,0.1815749860579625,0.4925349827658926,0.8734209362157558,0.9331125076198947,0.04925349827658926,0.4925349827658926
lam2_n0.9,2.0,0.9,0.8200000000000001,0.1771934032004311,0.48297699764932317,0.8792129352433905,0.932652338392862,0.04829769976493232,0.48297699764932317
lam2_n0.9,2.0,0.9,0.825,0.1727828494389838,0.4732387725991735,0.8850092939848596,0.9321936002336646,0.04732387725991735,0.4732387725991735
lam2_n0.9,2.0,0.9,0.8300000000000001,0.16834330303188932,0.46331801309931353,0.8908099897304769,0.9317362956954764,0.04633180130993136,0.46331801309931353
lam2_n0.9,2.0,0.9,0.835,0.1638747423505807,0.4532124092427966,0.8966149999244182,0.9312804270176027,0.045321240924279665,0.4532124092427966
lam2_n0.9,2.0,0.9,0.8400000000000001,0.1593771458788839,0.4429196357202996,0.9024243021653944,0.9308259961355149,0.04429196357202996,0.4429196357202996
lam2_n0.9,2.0,0.9,0.845,0.154850492212245,0.4324373518086526,0.9082378742072205,0.9303730046906277,0.043243735180865266,0.4324373518086526
lam2_n0.9,2.0,0.9,0.8500000000000001,0.15029476005694947,0.42176320135944134,0.9140556939592905,0.9299214540398199,0.042176320135944134,0.42176320135944134
lam2_n0.9,2.0,0.9,0.855,0.14570992822934903,0.41089481278768875,0.9198777394869578,0.9294713452647065,0.04108948127876888,0.41089481278768875
lam2_n0.9,2.0,0.9,0.8600000000000001,0.14109597565507626,0.3998297990606148,0.9257039890118294,0.9290226791806666,0.03998297990606148,0.3998297990606148
lam2_n0.9,2.0,0.9,0.865,0.13645288136826556,0.3885657576864736,0.9315344209119741,0.9285754563456315,0.038856575768647365,0.3885657576864736
lam2_n0.9,2.0,0.9,0.8700000000000001,0.13178062451076866,0.3771002707034616,0.937369013722054,0.9281296770686406,0.03771002707034616,0.3771002707034616
lam2_n0.9,2.0,0.9,0.875,0.12707918433137327,0.3654309046687053,0.9432077461333765,0.9276853414181657,0.036543090466870536,0.3654309046687053
lam2_n0.9,2.0,0.9,0.8800000000000001,0.12234854018501867,0.3535552106473157,0.9490505969938774,0.9272424492302144,0.035355521064731575,0.3535552106473157
lam2_n0.9,2.0,0.9,0.885,0.11758867153201269,0.3414707242015218,0.9548975453080325,0.9268010001162116,0.034147072420152184,0.3414707242015218
lam2_n0.9,2.0,0.9,0.8900000000000001,0.11279955793724977,0.3291749653798675,0.9607485702367059,0.9263609934706695,0.03291749653798675,0.3291749653798675
lam2_n0.9,2.0,0.9,0.895,0.10798117906943011,0.3166654387064866,0.9666036510969352,0.9259224284786458,0.03166654387064866,0.3166654387064866
lam2_n0.9,2.0,0.9,0.9000000000000001,0.10313351470027826,0.3039396331704406,0.9724627673616593,0.9254853041230007,0.03039396331704406,0.3039396331704406
lam2_n0.9,2.0,0.9,0.905,0.09825654470376582,0.29099502221513024,0.9783258986593882,0.9250496191914498,0.029099502221513026,0.29099502221513024
lam2_n0.9,2.0,0.9,0.9100000000000001,0.09335024905533218,0.2778290637277672,0.9841930247738231,0.9246153722834266,0.027782906372776722,0.2778290637277672
lam2_n0.9,2.0,0.9,0.915,0.08841460783111305,0.2644392000289221,0.9900641256434229,0.9241825618167507,0.02644392000289221,0.2644392000289221
lam2_n0.9,2.0,0.9,0.9199999999999999,0.0834496012071641,0.2508228578621287,0.9959391813609275,0.9237511860341125,0.025082285786212872,0.2508228578621287
lam2_n0.9,2.0,0.9,0.925,0.07845520945869355,0.23697744838355878,1.0018181721728332,0.9233212430093745,0.023697744838355878,0.23697744838355878
lam2_n0.9,2.0,0.9,0.9299999999999999,0.0734314129592945,0.22290036715176156,1.0077010784788265,0.9228927306536971,0.022290036715176157,0.22290036715176156
lam2_n0.9,2.0,0.9,0.935,0.0683781921801786,0.2085889941174604,1.0135878808311805,0.9224656467214906,0.02085889941174604,0.2085889941174604
lam2_n0.9,2.0,0.9,0.94,0.06329552768941688,0.19404069361341791,1.01947855993411,0.9220399888161974,0.019404069361341793,0.19404069361341791
lam2_n0.9,2.0,0.9,0.9450000000000001,0.05818340015118062,0.17925281434435766,1.0253730966430958,0.9216157543959129,0.017925281434435766,0.17925281434435766
lam2_n0.9,2.0,0.9,0.95,0.053041790324987244,0.1642226893769543,1.0312714719641702,0.9211929407788427,0.016422268937695432,0.1642226893769543
lam2_n0.9,2.0,0.9,0.9550000000000001,0.04787067906494891,0.14894763612987236,1.0371736670531784,0.9207715451486053,0.014894763612987236,0.14894763612987236
lam2_n0.9,2.0,0.9,0.96,0.042670047319025524,0.1334249563638746,1.043079663215003,0.9203515645593807,0.013342495636387461,0.1334249563638746
lam2_n0.9,2.0,0.9,0.9650000000000001,0.03743987612828181,0.11765193617198244,1.0489894419027685,0.9199329959409128,0.011765193617198244,0.11765193617198244
lam2_n0.9,2.0,0.9,0.97,0.032180146626148216,0.10162584596969915,1.0549029847170142,0.9195158361033643,0.010162584596969915,0.10162584596969915
lam2_n0.9,2.0,0.9,0.9750000000000001,0.026890840037684827,0.08534394048528363,1.0608202734048475,0.919100081742032,0.008534394048528363,0.08534394048528363
lam2_n0.9,2.0,0.9,0.98,0.021571937678853466,0.0688034587500878,1.0667412898590714,0.918685729441924,0.00688034587500878,0.0688034587500878
lam2_n0.9,2.0,0.9,0.9850000000000001,0.016223420955786994,0.052001624088939824,1.072666016117296,0.9182727756822028,0.005200162408893982,0.052001624088939824
lam2_n0.9,2.0,0.9,0.99,0.010845271364071549,0.034935644110595625,1.0785944343610252,0.9178612168404986,0.0034935644110595625,0.034935644110595625
lam2_n0.9,2.0,0.9,0.9950000000000001,0.00543747048802833,0.017602710698231855,1.0845265269147304,0.9174510491970943,0.0017602710698231855,0.017602710698231855
lam2_n0.9,2.0,0.9,1.0,0.0,0.0,1.090462276244904,0.9170422689389877,0.0,0.0
lam0.5_n0.3,0.5,0.3,-1.0,0.0,0.0,1.0950611443119675,0.9131910169530351,0.0,0.0
lam0.5_n0.3,0.5,0.3,-0.995,0.00545903087603683,0.01745592255788575,1.088554113291152,0.9140565341227741,0.001745592255788575,0.01745592255788575
lam0.5_n0.3,0.5,0.3,-0.99,0.010885570094284489,0.03464106556574042,1.0820644582541665,0.9149177689444619,0.003464106556574042,0.03464106556574042
lam0.5_n0.3,0.5,0.3,-0.985,0.016279704191221496,0.0515583959140747,1.075592041969605,0.9157747190061815,0.0051558395914074705,0.0515583959140747
lam0.5_n0.3,0.5,0.3,-0.98,0.02164151901933254,0.06821086002414359,1.0691367280699686,0.9166273819524651,0.006821086002414359,0.06821086002414359
lam0.5_n0.3,0.5,0.3,-0.975,0.026971099751410828,0.08460138394600616,1.062698381044665,0.9174757554834562,0.008460138394600617,0.08460138394600616
lam0.5_n0.3,0.5,0.3,-0.97,0.03226853088482396,0.10073287345568291,1.056276866233035,0.9183198373540817,0.010073287345568291,0.10073287345568291
lam0.5_n0.3,0.5,0.3,-0.965,0.03753389624574605,0.11660821415144386,1.0498720498174134,0.9191596253732309,0.011660821415144386,0.11660821415144386
lam0.5_n0.3,0.5,0.3,-0.96,0.042767278993356535,0.13223027154921121,1.0434837988162236,0.9199951174029423,0.013223027154921123,0.13223027154921121
lam0.5_n0.3,0.5,0.3,-0.955,0.04796876162400216,0.14760189117709646,1.0371119810771021,0.9208263113575988,0.014760189117709648,0.14760189117709646
lam0.5_n0.3,0.5,0.3,-0.95,0.0531384259753272,0.16272589866906806,1.0307564652700592,0.9216532052031311,0.016272589866906807,0.16272589866906806
lam0.5_n0.3,0.5,0.3,-0.945,0.05827635323036795,0.1776050998577732,1.02441712088067,0.9224757969562272,0.01776050998577732,0.1776050998577732
lam0.5_n0.3,0.5,0.3,-0.94,0.06338262392161265,0.19224228086649925,1.0180938182033012,0.9232940846835522,0.019224228086649926,0.19224228086649925
lam0.5_n0.3,0.5,0.3,-0.935,0.06845731793502974,0.20664020820030216,1.0117864283343692,0.9241080665009739,0.020664020820030216,0.20664020820030216
lam0.5_n0.3,0.5,0.3,-0.9299999999999999,0.07350051451406148,0.22080162883629423,1.0054948231656322,0.9249177405727962,0.022080162883629424,0.22080162883629423
lam0.5_n0.3,0.5,0.3,-0.925,0.07851229226358203,0.2347292703130989,0.9992188753775186,0.9257231051110022,0.02347292703130989,0.2347292703130989
lam0.5_n0.3,0.5,0.3,-0.92,0.08349272915382655,0.24842584081949165,0.9929584584324834,0.9265241583745024,0.024842584081949167,0.24842584081949165
lam0.5_n0.3,0.5,0.3,-0.915,0.08844190252428324,0.2618940292822155,0.9867134465684059,0.9273208986683915,0.026189402928221552,0.2618940292822155
lam0.5_n0.3,0.5,0.3,-0.91,0.09335988908755477,0.275136505452993,0.9804837147920147,0.9281133243432136,0.027513650545299303,0.275136505452993
lam0.5_n0.3,0.5,0.3,-0.905,0.09824676493318563,0.2881559199947299,0.9742691388723512,0.9289014337942333,0.028815591999472992,0.2881559199947299
lam0.5_n0.3,0.5,0.3,-0.9,0.10310260553145856,0.3009549045669244,0.9680695953342643,0.9296852254607164,0.030095490456692443,0.3009549045669244
lam0.5_n0.3,0.5,0.3,-0.895,0.10792748573715566,0.31353607191028365,0.9618849614519419,0.9304646978252153,0.031353607191028365,0.31353607191028365
lam0.5_n0.3,0.5,0.3,-0.89,0.11272147979329078,0.32590201593055507,0.9557151152424741,0.9312398494128645,0.03259020159305551,0.32590201593055507
lam0.5_n0.3,0.5,0.3,-0.885,0.11748466133480617,0.3380553117815803,0.9495599354594527,0.9320106787906812,0.03380553117815804,0.3380553117815803
lam0.5_n0.3,0.5,0.3,-0.88,0.12221710339224051,0.34999851594757436,0.9434193015866037,0.9327771845668753,0.034999851594757436,0.34999851594757436
lam0.5_n0.3,0.5,0.3,-0.875,0.1269188783953637,0.36173416632463884,0.9372930938314542,0.9335393653901649,0.03617341663246389,0.36173416632463884
lam0.5_n0.3,0.5,0.3,-0.87,0.13159005817677855,0.37326478230151533,0.9311811931190346,0.9342972199491,0.03732647823015153,0.37326478230151533
lam0.5_n0.3,0.5,0.3,-0.865,0.1362307139754954,0.38459286483958144,0.9250834810856143,0.9350507469713928,0.03845928648395815,0.38459286483958144
lam0.5_n0.3,0.5,0.3,-0.86,0.14084091644046914,0.39572089655209874,0.9189998400724717,0.9357999452232559,0.03957208965520988,0.39572089655209874
lam0.5_n0.3,0.5,0.3,-0.855,0.14542073563411162,0.40665134178271867,0.9129301531196986,0.936544813508747,0.04066513417827187,0.40665134178271867
lam0.5_n0.3,0.5,0.3,-0.85,0.14997024103576978,0.4173866466832478,0.9068743039600393,0.9372853506691204,0.041738664668324786,0.4173866466832478
lam0.5_n0.3,0.5,0.3,-0.845,0.15448950154517188,0.4279292392906846,0.9008321770127637,0.9380215555821863,0.042792923929068465,0.4279292392906846
lam0.5_n0.3,0.5,0.3,-0.84,0.15897858548584753,0.4382815296035266,0.8948036573775743,0.938753427161676,0.04382815296035267,0.4382815296035266
lam0.5_n0.3,0.5,0.3,-0.835,0.1634375606085121,0.4484459096573592,0.8887886308285481,0.9394809643566152,0.044844590965735925,0.4484459096573592
lam0.5_n0.3,0.5,0.3,-0.83,0.16786649409442567,0.4584247535997274,0.8827869838081115,0.9402041661507033,0.04584247535997274,0.4584247535997274
lam0.5_n0.3,0.5,0.3,-0.825,0.17226545255871822,0.4682204177642991,0.8767986034210512,0.9409230315616997,0.046822041776429915,0.4682204177642991
lam0.5_n0.3,0.5,0.3,-0.8200000000000001,0.1766345020536872,0.4778352407443232,0.870823377428557,0.9416375596408165,0.04778352407443232,0.4778352407443232
lam0.5_n0.3,0.5,0.3,-0.815,0.18097370807206511,0.48727154346538976,0.8648611942422991,0.9423477494721192,0.04872715434653898,0.48727154346538976
lam0.5_n0.3,0.5,0.3,-0.81,0.1852831355502561,0.49653162925749317,0.8589119429185421,0.943053600171932,0.04965316292574932,0.49653162925749317
lam0.5_n0.3,0.5,0.3,-0.8049999999999999,0.18956284887154598,0.5056177839264127,0.8529755131522868,0.9437551108882518,0.05056177839264127,0.5056177839264127
lam0.5_n0.3,0.5,0.3,-0.8,0.1938129118692793,0.5145322758244021,0.8470517952714528,0.9444522808001674,0.05145322758244021,0.5145322758244021
lam0.5_n0.3,0.5,0.3,-0.7949999999999999,0.1980333878300106,0.523277355920209,0.8411406802310888,0.9451451091172852,0.0523277355920209,0.523277355920209
lam0.5_n0.3,0.5,0.3,-0.79,0.2022243394966256,0.5318552578684156,0.8352420596076204,0.9458335950791628,0.05318552578684156,0.5318552578684156
lam0.5_n0.3,0.5,0.3,-0.785,0.2063858290714336,0.5402681980781139,0.8293558255931294,0.9465177379547465,0.05402681980781139,0.5402681980781139
lam0.5_n0.3,0.5,0.3,-0.78,0.21051791821923171,0.5485183757809184,0.8234818709896661,0.9471975370418182,0.054851837578091846,0.5485183757809184
lam0.5_n0.3,0.5,0.3,-0.775,0.21462066807034036,0.5566079730983178,0.8176200892035971,0.947872991666446,0.05566079730983178,0.5566079730983178
lam0.5_n0.3,0.5,0.3,-0.77,0.21869413922361125,0.5645391551083772,0.8117703742399832,0.9485441011824427,0.05645391551083772,0.5645391551083772
lam0.5_n0.3,0.5,0.3,-0.765,0.22273839174940596,0.5723140699117902,0.8059326206969931,0.9492108649708292,0.057231406991179026,0.5723140699117902
lam0.5_n0.3,0.5,0.3,-0.76,0.22675348519254818,0.5799348486972886,0.8001067237603476,0.9498732824393054,0.05799348486972886,0.5799348486972886
lam0.5_n0.3,0.5,0.3,-0.755,0.23073947857524707,0.5874036058064118,0.7942925791977982,0.9505313530217265,0.058740360580641186,0.5874036058064118
lam0.5_n0.3,0.5,0.3,-0.75,0.23469643039999566,0.5947224387976443,0.788490083353637,0.9511850761775855,0.059472243879764436,0.5947224387976443
lam0.5_n0.3,0.5,0.3,-0.745,0.23862439865243723,0.6018934285099214,0.7826991331432404,0.9518344513915015,0.060189342850992145,0.6018934285099214
lam0.5_n0.3,0.5,0.3,-0.74,0.24252344080420868,0.6089186391255141,0.7769196260476439,0.9524794781727141,0.060891863912551414,0.6089186391255141
lam0.5_n0.3,0.5,0.3,-0.735,0.24639361381575492,0.6158001182322896,0.7711514601081496,0.9531201560545841,0.06158001182322897,0.6158001182322896
lam0.5_n0.3,0.5,0.3,-0.73,0.25023497413911705,0.6225398968853592,0.7653945339209663,0.9537564845940993,0.06225398968853592,0.6225398968853592
lam0.5_n0.3,0.5,0.3,-0.725,0.25404757772069314,0.6291399896681134,0.7596487466318798,0.9543884633713873,0.06291399896681134,0.6291399896681134
lam0.5_n0.3,0.5,0.3,-0.72,0.25783148000397293,0.635602394752653,0.7539139979309563,0.9550160919892322,0.0635602394752653,0.635602394752653
lam0.5_n0.3,0.5,0.3,-0.715,0.2615867359322463,0.6419290939596137,0.7481901880472773,0.9556393700725997,0.06419290939596138,0.6419290939596137
lam0.5_n0.3,0.5,0.3,-0.71,0.26531339995128617,0.648122052817397,0.7424772177437055,0.9562582972681645,0.0648122052817397,0.648122052817397
lam0.5_n0.3,0.5,0.3,-0.7050000000000001,0.26901152601200173,0.6541832206208051,0.7367749883116813,0.9568728732438467,0.06541832206208052,0.6541832206208051
lam0.5_n0.3,0.5,0.3,-0.7,0.27268116757307126,0.6601145304890869,0.7310834015660512,0.9574830976883518,0.0660114530489087,0.6601145304890869
lam0.5_n0.3,0.5,0.3,-0.6950000000000001,0.27632237760354467,0.6659178994233989,0.725402359839928,0.9580889703107159,0.06659178994233989,0.6659178994233989
lam0.5_n0.3,0.5,0.3,-0.69,0.2799352085854224,0.671595228363686,0.7197317659795779,0.9586904908398588,0.0671595228363686,0.671595228363686
lam0.5_n0.3,0.5,0.3,-0.685,0.28351971251620856,0.6771484022449836,0.7140715233393439,0.959287659024139,0.06771484022449836,0.6771484022449836
lam0.5_n0.3,0.5,0.3,-0.6799999999999999,0.28707594091143845,0.6825792900531497,0.7084215357765934,0.9598804746309174,0.06825792900531497,0.6825792900531497
lam0.5_n0.3,0.5,0.3,-0.675,0.29060394480718155,0.6878897448800241,0.7027817076467012,0.9604689374461245,0.0687889744880024,0.6878897448800241
lam0.5_n0.3,0.5,0.3,-0.6699999999999999,0.2941037747625191,0.6930816039780275,0.6971519437980584,0.9610530472738328,0.06930816039780276,0.6930816039780275
lam0.5_n0.3,0.5,0.3,-0.665,0.2975754808619957,0.6981566888141966,0.6915321495671141,0.9616328039358364,0.06981566888141966,0.6981566888141966
lam0.5_n0.3,0.5,0.3,-0.6599999999999999,0.3010191127180489,0.7031168051236636,0.6859222307734437,0.9622082072712325,0.07031168051236636,0.7031168051236636
lam0.5_n0.3,0.5,0.3,-0.655,0.30443471947341094,0.7079637429625816,0.6803220937148509,0.9627792571360113,0.07079637429625817,0.7079637429625816
lam0.5_n0.3,0.5,0.3,-0.6499999999999999,0.30782234980348927,0.7126992767605029,0.674731645162493,0.9633459534026494,0.0712699276760503,0.7126992767605029
lam0.5_n0.3,0.5,0.3,-0.645,0.3111820519187196,0.717325165372209,0.6691507923560411,0.9639082959597081,0.0717325165372209,0.717325165372209
lam0.5_n0.3,0.5,0.3,-0.64,0.3145138735668982,0.721843152129002,0.6635794429988646,0.9644662847114375,0.0721843152129002,0.721843152129002
lam0.5_n0.3,0.5,0.3,-0.635,0.3178178620354869,0.7262549648894546,0.658017505253247,0.9650199195773851,0.07262549648894547,0.7262549648894546
lam0.5_n0.3,0.5,0.3,-0.63,0.3210940641538961,0.7305623160896293,0.6524648877356288,0.9655692004920097,0.07305623160896293,0.7305623160896293
lam0.5_n0.3,0.5,0.3,-0.625,0.3243425262957442,0.734766902792764,0.6469214995118792,0.9661141274042994,0.0734766902792764,0.734766902792764
lam0.5_n0.3,0.5,0.3,-0.62,0.327563294381093,0.7388704067384322,0.6413872500925949,0.9666547002773951,0.07388704067384322,0.7388704067384322
lam0.5_n0.3,0.5,0.3,-0.615,0.33075641387865873,0.7428744943911785,0.635862049428428,0.9671909190882194,0.07428744943911784,0.7428744943911785
lam0.5_n0.3,0.5,0.3,-0.61,0.33392192980800195,0.7467808169886352,0.6303458079054398,0.9677227838271085,0.07467808169886352,0.7467808169886352
lam0.5_n0.3,0.5,0.3,-0.605,0.3370598867416922,0.7505910105891207,0.624838436340484,0.9682502944974503,0.07505910105891207,0.7505910105891207
lam0.5_n0.3,0.5,0.3,-0.6,0.34017032880745024,0.7543066961187264,0.6193398459766148,0.9687734511153266,0.07543066961187264,0.7543066961187264
lam0.5_n0.3,0.5,0.3,-0.595,0.34325329969026896,0.757929479417892,0.6138499484785231,0.9692922537091608,0.0757929479417892,0.757929479417892
lam0.5_n0.3,0.5,0.3,-0.59,0.34630884263450906,0.7614609512874759,0.6083686559280003,0.9698067023193677,0.07614609512874759,0.7614609512874759
lam0.5_n0.3,0.5,0.3,-0.585,0.3493370004459728,0.7649026875343209,0.6028958808194258,0.9703167969980112,0.0764902687534321,0.7649026875343209
lam0.5_n0.3,0.5,0.3,-0.5800000000000001,0.3523378154939575,0.7682562490163216,0.5974315360552844,0.970822537808464,0.07682562490163217,0.7682562490163216
lam0.5_n0.3,0.5,0.3,-0.575,0.355311329713283,0.7715231816869937,0.5919755349417061,0.9713239248250728,0.07715231816869939,0.7715231816869937
lam0.5_n0.3,0.5,0.3,-0.5700000000000001,0.3582575846063004,0.7747050166395498,0.5865277911840351,0.9718209581328277,0.07747050166395499,0.7747050166395498
lam0.5_n0.3,0.5,0.3,-0.565,0.36117662124487615,0.7778032701504868,0.5810882188824213,0.9723136378270358,0.07778032701504868,0.7778032701504868
lam0.5_n0.3,0.5,0.3,-0.56,0.3640684802723549,0.7808194437226824,0.5756567325274401,0.9728019640130001,0.07808194437226824,0.7808194437226824
lam0.5_n0.3,0.5,0.3,-0.5549999999999999,0.36693320190550144,0.7837550241280125,0.5702332469957345,0.9732859368057006,0.07837550241280125,0.7837550241280125
lam0.5_n0.3,0.5,0.3,-0.55,0.3697708259364203,0.7866114834494818,0.5648176775456848,0.9737655563294825,0.0786611483449482,0.7866114834494818
lam0.5_n0.3,0.5,0.3,-0.5449999999999999,0.37258139173445265,0.789390279122881,0.5594099398131009,0.9742408227177454,0.0789390279122881,0.789390279122881
lam0.5_n0.3,0.5,0.3,-0.54,0.37536493824805384,0.7920928539779657,0.5540099498069411,0.97471173611264,0.07920928539779658,0.7920928539779657
lam0.5_n0.3,0.5,0.3,-0.5349999999999999,0.37812150400664774,0.7947206362791659,0.548617623905052,0.9751782966647662,0.07947206362791659,0.7947206362791659
lam0.5_n0.3,0.5,0.3,-0.53,0.3808511271224607,0.7972750397658224,0.5432328788499372,0.975640504532877,0.07972750397658224,0.7972750397658224
lam0.5_n0.3,0.5,0.3,-0.5249999999999999,0.3835538452923351,0.799757463691962,0.5378556317445449,0.9760983598835853,0.0799757463691962,0.799757463691962
lam0.5_n0.3,0.5,0.3,-0.52,0.3862296957995195,0.8021692928656033,0.5324858000480825,0.976551862891076,0.08021692928656034,0.8021692928656033
lam0.5_n0.3,0.5,0.3,-0.515,0.3888787155154414,0.8045118976876067,0.5271233015718528,0.9770010137368207,0.08045118976876067,0.8045118976876067
lam0.5_n0.3,0.5,0.3,-0.51,0.3915009409014557,0.8067866341900627,0.5217680544751141,0.9774458126092974,0.08067866341900627,0.8067866341900627
lam0.5_n0.3,0.5,0.3,-0.505,0.39409640801057544,0.808994844074227,0.516419977260963,0.9778862597037137,0.0808994844074227,0.808994844074227
lam0.5_n0.3,0.5,0.3,-0.5,0.3966651524891797,0.8111378547480029,0.5110789887722401,0.9783223552217337,0.0811137854748003,0.8111378547480029
lam0.5_n0.3,0.5,0.3,-0.495,0.39920720957870326,0.813216979362972,0.5057450081874577,0.978754099371209,0.0813216979362972,0.813216979362972
lam0.5_n0.3,0.5,0.3,-0.49,0.4017226141173036,0.8152335168509803,0.5004179550167498,0.9791814923659141,0.08152335168509804,0.8152335168509803
lam0.5_n0.3,0.5,0.3,-0.485,0.4042114005415098,0.8171887519602763,0.49509774909784454,0.9796045344252838,0.08171887519602763,0.8171887519602763
lam0.5_n0.3,0.5,0.3,-0.48,0.40667360288785015,0.8190839552912106,0.4897843105920581,0.9800232257741561,0.08190839552912106,0.8190839552912106
lam0.5_n0.3,0.5,0.3,-0.475,0.40910925479446014,0.8209203833314924,0.48447755998031006,0.9804375666425185,0.08209203833314925,0.8209203833314924
lam0.5_n0.3,0.5,0.3,-0.47,0.41151838950267083,0.822699278491011,0.4791774180591603,0.9808475572652564,0.0822699278491011,0.822699278491011
lam0.5_n0.3,0.5,0.3,-0.46499999999999997,0.41390103985857685,0.8244218691362224,0.47388380593686663,0.9812531978819082,0.08244218691362225,0.8244218691362224
lam0.5_n0.3,0.5,0.3,-0.45999999999999996,0.4162572383145851,0.8260893696241024,0.46859664502946347,0.9816544887364207,0.08260893696241024,0.8260893696241024
lam0.5_n0.3,0.5,0.3,-0.45499999999999996,0.41858701693094397,0.8277029803356716,0.4633158570568617,0.9820514300769094,0.08277029803356717,0.8277029803356716
lam0.5_n0.3,0.5,0.3,-0.44999999999999996,0.42089040737725303,0.8292638877090909,0.4580413640389675,0.9824440221554239,0.08292638877090909,0.8292638877090909
lam0.5_n0.3,0.5,0.3,-0.44499999999999995,0.42316744093395336,0.8307732642723344,0.4527730882918228,0.982832265227714,0.08307732642723345,0.8307732642723344
lam0.5_n0.3,0.5,0.3,-0.43999999999999995,0.42541814849379866,0.8322322686754368,0.4475109524237647,0.9832161595530016,0.08322322686754369,0.8322322686754368
lam0.5_n0.3,0.5,0.3,-0.43499999999999994,0.4276425605633071,0.8336420457223217,0.4422548793316055,0.9835957053937537,0.08336420457223218,0.8336420457223217
lam0.5_n0.3,0.5,0.3,-0.42999999999999994,0.4298407072641937,0.835003726402212,0.43700479219683075,0.9839709030154622,0.0835003726402212,0.835003726402212
lam0.5_n0.3,0.5,0.3,-0.42499999999999993,0.4320126183347854,0.8363184279206225,0.43176061448181824,0.984341752686423,0.08363184279206226,0.8363184279206225
lam0.5_n0.3,0.5,0.3,-0.42000000000000004,0.4341583231314149,0.83758725372994,0.4265222699260747,0.9847082546775221,0.083758725372994,0.83758725372994
lam0.5_n0.3,0.5,0.3,-0.41500000000000004,0.4362778506297979,0.8388112935595916,0.42128968254249194,0.9850704092620224,0.08388112935595916,0.8388112935595916
lam0.5_n0.3,0.5,0.3,-0.41000000000000003,0.43837122942638984,0.8399916234458018,0.41606277661362123,0.9854282167153554,0.08399916234458019,0.8399916234458018
lam0.5_n0.3,0.5,0.3,-0.405,0.4404384877397255,0.8411293057609441,0.41084147668796617,0.9857816773149155,0.08411293057609442,0.8411293057609441
lam0.5_n0.3,0.5,0.3,-0.4,0.4424796534117394,0.8422253892424858,0.4056257075762938,0.986130791339857,0.08422253892424858,0.8422253892424858
lam0.5_n0.3,0.5,0.3,-0.395,0.4444947539090679,0.8432809090215293,0.40041539434796286,0.9864755590708961,0.08432809090215293,0.8432809090215293
lam0.5_n0.3,0.5,0.3,-0.39,0.44648381632433287,0.8442968866509525,0.39521046232727086,0.9868159807901136,0.08442968866509526,0.8442968866509525
lam0.5_n0.3,0.5,0.3,-0.385,0.4484468673774077,0.8452743301331495,0.39001083708981726,0.9871520567807625,0.08452743301331495,0.8452743301331495
lam0.5_n0.3,0.5,0.3,-0.38,0.4503839334166644,0.846214233947373,0.3848164444588847,0.987483787327079,0.08462142339473731,0.846214233947373
lam0.5_n0.3,0.5,0.3,-0.375,0.45229504042020297,0.8471175790766828,0.37962721050183695,0.9878111727140946,0.08471175790766829,0.8471175790766828
lam0.5_n0.3,0.5,0.3,-0.37,0.454180213997063,0.8479853330344987,0.3744430615265334,0.9881342132274533,0.08479853330344989,0.8479853330344987
lam0.5_n0.3,0.5,0.3,-0.365,0.4560394793884172,0.8488184498907618,0.36926392407776026,0.988452909153231,0.0848818449890762,0.8488184498907618
lam0.5_n0.3,0.5,0.3,-0.36,0.45787286146874717,0.8496178702977069,0.3640897249336781,0.9887672607777572,0.0849617870297707,0.8496178702977069
lam0.5_n0.3,0.5,0.3,-0.355,0.45968038474700124,0.8503845215152456,0.35892039110228463,0.9890772683874419,0.08503845215152456,0.8503845215152456
lam0.5_n0.3,0.5,0.3,-0.35,0.4614620733677353,0.851119317435963,0.3537558498178947,0.9893829322686023,0.08511193174359631,0.851119317435963
lam0.5_n0.3,0.5,0.3,-0.345,0.46321795111223496,0.8518231586097298,0.34859602853763455,0.9896842527072958,0.08518231586097298,0.8518231586097298
lam0.5_n0.3,0.5,0.3,-0.33999999999999997,0.46494804139962126,0.8524969322679314,0.3434408549379521,0.9899812299891526,0.08524969322679316,0.8524969322679314
lam0.5_n0.3,0.5,0.3,-0.33499999999999996,0.4666523672879388,0.8531415123473154,0.33829025691114234,0.9902738643992144,0.08531415123473154,0.8531415123473154
lam0.5_n0.3,0.5,0.3,-0.32999999999999996,0.4683309514752257,0.8537577595134599,0.33314416256188717,0.9905621562217735,0.08537577595134599,0.8537577595134599
lam0.5_n0.3,0.5,0.3,-0.32499999999999996,0.4699838163005675,0.854346521183863,0.3280025002038105,0.9908461057402157,0.0854346521183863,0.854346521183863
lam0.5_n0.3,0.5,0.3,-0.31999999999999995,0.47161098374513316,0.8549086315506561,0.3228651983560475,0.9911257132368666,0.08549086315506561,0.8549086315506561
lam0.5_n0.3,0.5,0.3,-0.31499999999999995,0.47321247543319367,0.8554449116029434,0.3177321857398278,0.9914009789928393,0.08554449116029435,0.8554449116029434
lam0.5_n0.3,0.5,0.3,-0.30999999999999994,0.47478831263312454,0.8559561691487662,0.3126033912750735,0.9916719032878861,0.08559561691487662,0.8559561691487662
lam0.5_n0.3,0.5,0.3,-0.30499999999999994,0.4763385162583905,0.8564431988366963,0.30747874407701,0.9919384864002527,0.08564431988366963,0.8564431988366963
lam0.5_n0.3,0.5,0.3,-0.29999999999999993,0.47786310686851363,0.8569067821770602,0.3023581734527908,0.9922007286065344,0.08569067821770603,0.8569067821770602
lam0.5_n0.3,0.5,0.3,-0.29500000000000004,0.4793621046700246,0.8573476875627919,0.2972416088981361,0.992458630181536,0.0857347687562792,0.8573476875627919
lam0.5_n0.3,0.5,0.3,-0.29000000000000004,0.48083552951739705,0.8577666702899217,0.2921289800939834,0.9927121913981337,0.08577666702899217,0.8577666702899217
lam0.5_n0.3,0.5,0.3,-0.28500000000000003,0.4822834009139655,0.8581644725776955,0.28702021690315205,0.9929614125271402,0.08581644725776955,0.8581644725776955
lam0.5_n0.3,0.5,0.3,-0.28,0.4837057380128263,0.8585418235883322,0.28191524936702,0.9932062938371717,0.08585418235883323,0.8585418235883322
lam0.5_n0.3,0.5,0.3,-0.275,0.48510255961772214,0.8588994394464166,0.27681400770221276,0.9934468355945189,0.08588994394464167,0.8588994394464166
lam0.5_n0.3,0.5,0.3,-0.27,0.48647388418391024,0.8592380232579311,0.2717164222973049,0.9936830380630184,0.08592380232579311,0.8592380232579311
lam0.5_n0.3,0.5,0.3,-0.265,0.4878197298190135,0.8595582651289266,0.26662242370953365,0.9939149015039292,0.08595582651289267,0.8595582651289266
lam0.5_n0.3,0.5,0.3,-0.26,0.48914011428385595,0.8598608421838337,0.26153194266152363,0.9941424261758103,0.08598608421838339,0.8598608421838337
lam0.5_n0.3,0.5,0.3,-0.255,0.49043505499328144,0.8601464185834169,0.25644491003802405,0.9943656123344004,0.08601464185834169,0.8601464185834169
lam0.5_n0.3,0.5,0.3,-0.25,0.4917045690169561,0.8604156455423713,0.2513612568826563,0.9945844602325019,0.08604156455423713,0.8604156455423713
lam0.5_n0.3,0.5,0.3,-0.245,0.4929486730801544,0.8606691613465642,0.24628091439467337,0.9947989701198662,0.08606691613465643,0.8606691613465642
lam0.5_n0.3,0.5,0.3,-0.24,0.49416738356452977,0.8609075913699221,0.2412038139257297,0.9950091422430808,0.08609075913699221,0.8609075913699221
lam0.5_n0.3,0.5,0.3,-0.235,0.49536071650886787,0.8611315480909651,0.23612988697666196,0.9952149768454611,0.08611315480909652,0.8611315480909651
lam0.5_n0.3,0.5,0.3,-0.22999999999999998,0.49652868760982505,0.8613416311089883,0.2310590651942801,0.9954164741669425,0.08613416311089883,0.8613416311089883
lam0.5_n0.3,0.5,0.3,-0.22499999999999998,0.49767131222264976,0.861538427159893,0.22599128036816865,0.9956136344439761,0.0861538427159893,0.861538427159893
lam0.5_n0.3,0.5,0.3,-0.21999999999999997,0.4987886053618889,0.8617225101316689,0.22092646442749825,0.9958064579094267,0.08617225101316689,0.8617225101316689
lam0.5_n0.3,0.5,0.3,-0.21499999999999997,0.49988058170207744,0.8618944410795251,0.21586454943784653,0.9959949447924729,0.08618944410795251,0.8618944410795251
lam0.5_n0.3,0.5,0.3,-0.20999999999999996,0.5009472555784127,0.8620547682406765,0.21080546759802904,0.9961790953185097,0.08620547682406765,0.8620547682406765
lam0.5_n0.3,0.5,0.3,-0.20499999999999996,0.5019886409874124,0.862204027048781,0.20574915123693918,0.9963589097090538,0.0862204027048781,0.862204027048781
lam0.5_n0.3,0.5,0.3,-0.19999999999999996,0.5030047515875575,0.8623427401480324,0.20069553281039743,0.9965343881816514,0.08623427401480324,0.8623427401480324
lam0.5_n0.3,0.5,0.3,-0.19499999999999995,0.5039956006999191,0.8624714174069084,0.19564454489800942,0.9967055309497872,0.08624714174069084,0.8624714174069084
lam0.5_n0.3,0.5,0.3,-0.18999999999999995,0.5049612013087688,0.8625905559315744,0.19059612020003275,0.9968723382227972,0.08625905559315744,0.8625905559315744
lam0.5_n0.3,0.5,0.3,-0.18499999999999994,0.5059015660621747,0.8627006400789448,0.18555019153425226,0.9970348102057833,0.08627006400789448,0.8627006400789448
lam0.5_n0.3,0.5,0.3,-0.17999999999999994,0.5068167072725814,0.8628021414694022,0.18050669183286366,0.9971929470995298,0.08628021414694022,0.8628021414694022
lam0.5_n0.3,0.5,0.3,-0.17499999999999993,0.5077066369173739,0.8628955189991762,0.17546555413936504,0.9973467491004226,0.08628955189991762,0.8628955189991762
lam0.5_n0.3,0.5,0.3,-0.16999999999999993,0.5085713666394265,0.8629812188523805,0.1704267116054563,0.9974962164003713,0.08629812188523805,0.8629812188523805
lam0.5_n0.3,0.5,0.3,-0.16500000000000004,0.5094109077476359,0.8630596745127126,0.16539009748794645,0.9976413491867321,0.08630596745127127,0.8630596745127126
lam0.5_n0.3,0.5,0.3,-0.16000000000000003,0.5102252712174393,0.8631313067748128,0.1603556451456674,0.9977821476422342,0.08631313067748128,0.8631313067748128
lam0.5_n0.3,0.5,0.3,-0.15500000000000003,0.5110144676913169,0.8631965237552874,0.15532328803639653,0.9979186119449084,0.08631965237552874,0.8631965237552874
lam0.5_n0.3,0.5,0.3,-0.15000000000000002,0.5117785074792783,0.8632557209033933,0.1502929597137847,0.9980507422680172,0.08632557209033934,0.8632557209033933
lam0.5_n0.3,0.5,0.3,-0.14500000000000002,0.5125174005593351,0.8633092810113874,0.14526459382429174,0.9981785387799882,0.08633092810113874,0.8633092810113874
lam0.5_n0.3,0.5,0.3,-0.14,0.5132311565779567,0.8633575742245393,0.1402381241041285,0.9983020016443482,0.08633575742245393,0.8633575742245393
lam0.5_n0.3,0.5,0.3,-0.135,0.5139197848505114,0.8634009580508105,0.13521348437620506,0.9984211310196617,0.08634009580508106,0.8634009580508105
lam0.5_n0.3,0.5,0.3,-0.13,0.5145832943616926,0.863439777370198,0.13019060854708503,0.9985359270594693,0.0863439777370198,0.863439777370198
lam0.5_n0.3,0.5,0.3,-0.125,0.5152216937659293,0.8634743644437447,0.12516943060394592,0.99864638991223,0.08634743644437448,0.8634743644437447
lam0.5_n0.3,0.5,0.3,-0.12,0.5158349913877818,0.8635050389222177,0.1201498846115452,0.9987525197212649,0.08635050389222178,0.8635050389222177
lam0.5_n0.3,0.5,0.3,-0.11499999999999999,0.5164231952223214,0.8635321078544532,0.11513190470919153,0.9988543166247035,0.08635321078544533,0.8635321078544532
lam0.5_n0.3,0.5,0.3,-0.10999999999999999,0.5169863129354964,0.8635558656953692,0.11011542510772175,0.9989517807554315,0.08635558656953693,0.8635558656953692
lam0.5_n0.3,0.5,0.3,-0.10499999999999998,0.5175243518644815,0.8635765943136485,0.10510038008648245,0.9990449122410416,0.08635765943136486,0.8635765943136485
lam0.5_n0.3,0.5,0.3,-0.09999999999999998,0.5180373190180136,0.8635945629990893,0.10008670399031672,0.9991337112037866,0.08635945629990893,0.8635945629990893
lam0.5_n0.3,0.5,0.3,-0.09499999999999997,0.5185252210767107,0.8636100284696269,0.09507433122655541,0.9992181777605323,0.08636100284696269,0.8636100284696269
lam0.5_n0.3,0.5,0.3,-0.08999999999999997,0.5189880643933779,0.8636232348780247,0.09006319626201269,0.9992983120227172,0.08636232348780248,0.8636232348780247
lam0.5_n0.3,0.5,0.3,-0.08499999999999996,0.5194258549932964,0.8636344138182364,0.08505323361998605,0.9993741140963089,0.08636344138182364,0.8636344138182364
lam0.5_n0.3,0.5,0.3,-0.07999999999999996,0.5198385985744993,0.8636437843314388,0.08004437787726018,0.9994455840817669,0.08636437843314389,0.8636437843314388
lam0.5_n0.3,0.5,0.3,-0.07499999999999996,0.5202263005080309,0.8636515529117371,0.0750365636611145,0.9995127220740055,0.08636515529117372,0.8636515529117371
lam0.5_n0.3,0.5,0.3,-0.06999999999999995,0.5205889658381916,0.8636579135115409,0.07002972564633454,0.999575528162359,0.08636579135115409,0.8636579135115409
lam0.5_n0.3,0.5,0.3,-0.06499999999999995,0.520926599282769,0.8636630475466135,0.0650237985522265,0.9996340024305496,0.08636630475466135,0.8636630475466135
lam0.5_n0.3,0.5,0.3,-0.05999999999999994,0.5212392052332514,0.8636671239007937,0.06001871713963492,0.9996881449566569,0.08636671239007937,0.8636671239007937
lam0.5_n0.3,0.5,0.3,-0.05499999999999994,0.5215267877550298,0.8636702989303899,0.05501441620796349,0.9997379558130899,0.086367029893039,0.8636702989303899
lam0.5_n0.3,0.5,0.3,-0.04999999999999993,0.521789350587582,0.863672716468248,0.05001083059219838,0.9997834350665606,0.0863672716468248,0.863672716468248
lam0.5_n0.3,0.5,0.3,-0.04499999999999993,0.5220268971446436,0.8636745078274932,0.04500789515993424,0.9998245827780603,0.08636745078274932,0.8636745078274932
lam0.5_n0.3,0.5,0.3,-0.040000000000000036,0.5222394305143632,0.8636757918049451,0.04000554480840252,0.9998613990028372,0.08636757918049452,0.8636757918049451
lam0.5_n0.3,0.5,0.3,-0.03500000000000003,0.522426953459444,0.8636766746842061,0.0350037144615014,0.9998938837903774,0.08636766746842062,0.8636766746842061
lam0.5_n0.3,0.5,0.3,-0.030000000000000027,0.5225894684172687,0.8636772502384261,0.030002339066828667,0.9999220371843865,0.08636772502384261,0.8636772502384261
lam0.5_n0.3,0.5,0.3,-0.025000000000000022,0.5227269775000114,0.8636775997327397,0.02500135359271522,0.9999458592227746,0.08636775997327398,0.8636775997327397
lam0.5_n0.3,0.5,0.3,-0.020000000000000018,0.5228394824947332,0.8636777919263792,0.02000069302526055,0.9999653499376419,0.08636777919263793,0.8636777919263792
lam0.5_n0.3,0.5,0.3,-0.015000000000000013,0.5229269848634642,0.8636778830744608,0.015000292365369384,0.9999805093552679,0.08636778830744608,0.8636778830744608
lam0.5_n0.3,0.5,0.3,-0.010000000000000009,0.5229894857432699,0.8636779169294483,0.010000086625789386,0.999991337496102,0.08636779169294484,0.8636779169294483
lam0.5_n0.3,0.5,0.3,-0.0050000000000000044,0.5230269859463026,0.8636779247422892,0.005000010828149672,0.9999978343747564,0.08636779247422893,0.8636779247422892
lam0.5_n0.3,0.5,0.3,0.0,0.5230394859598391,0.8636779252632272,0.0,1.0,0.08636779252632272,0.8636779252632272
lam0.5_n0.3,0.5,0.3,0.0050000000000001155,0.5230269859463026,0.8636779247422892,0.005000010828149783,0.9999978343747564,0.08636779247422893,0.8636779247422892
lam0.5_n0.3,0.5,0.3,0.010000000000000009,0.5229894857432699,0.8636779169294483,0.010000086625789386,0.999991337496102,0.08636779169294484,0.8636779169294483
lam0.5_n0.3,0.5,0.3,0.015000000000000124,0.5229269848634642,0.8636778830744608,0.015000292365369495,0.9999805093552679,0.08636778830744608,0.8636778830744608
lam0.5_n0.3,0.5,0.3,0.020000000000000018,0.5228394824947332,0.8636777919263792,0.02000069302526055,0.9999653499376419,0.08636777919263793,0.8636777919263792
lam0.5_n0.3,0.5,0.3,0.02499999999999991,0.5227269775000114,0.8636775997327397,0.02500135359271511,0.9999458592227746,0.08636775997327398,0.8636775997327397
lam0.5_n0.3,0.5,0.3,0.030000000000000027,0.5225894684172687,0.8636772502384261,0.030002339066828667,0.9999220371843865,0.08636772502384261,0.8636772502384261
lam0.5_n0.3,0.5,0.3,0.03499999999999992,0.522426953459444,0.8636766746842061,0.03500371446150129,0.9998938837903774,0.08636766746842062,0.8636766746842061
lam0.5_n0.3,0.5,0.3,0.040000000000000036,0.5222394305143632,0.8636757918049451,0.04000554480840252,0.9998613990028372,0.08636757918049452,0.8636757918049451
lam0.5_n0.3,0.5,0.3,0.04499999999999993,0.5220268971446436,0.8636745078274932,0.04500789515993424,0.9998245827780603,0.08636745078274932,0.8636745078274932
lam0.5_n0.3,0.5,0.3,0.050000000000000044,0.521789350587582,0.863672716468248,0.05001083059219849,0.9997834350665606,0.0863672716468248,0.863672716468248
lam0.5_n0.3,0.5,0.3,0.05499999999999994,0.5215267877550298,0.8636702989303899,0.05501441620796349,0.9997379558130899,0.086367029893039,0.8636702989303899
lam0.5_n0.3,0.5,0.3,0.06000000000000005,0.5212392052332514,0.8636671239007937,0.06001871713963503,0.9996881449566569,0.08636671239007937,0.8636671239007937
lam0.5_n0.3,0.5,0.3,0.06499999999999995,0.520926599282769,0.8636630475466135,0.0650237985522265,0.9996340024305496,0.08636630475466135,0.8636630475466135
lam0.5_n0.3,0.5,0.3,0.07000000000000006,0.5205889658381916,0.8636579135115409,0.07002972564633465,0.999575528162359,0.08636579135115409,0.8636579135115409
lam0.5_n0.3,0.5,0.3,0.07499999999999996,0.5202263005080309,0.8636515529117371,0.0750365636611145,0.9995127220740055,0.08636515529117372,0.8636515529117371
lam0.5_n0.3,0.5,0.3,0.08000000000000007,0.5198385985744993,0.8636437843314388,0.08004437787726029,0.9994455840817669,0.08636437843314389,0.8636437843314388
lam0.5_n0.3,0.5,0.3,0.08499999999999996,0.5194258549932964,0.8636344138182364,0.08505323361998605,0.9993741140963089,0.08636344138182364,0.8636344138182364
lam0.5_n0.3,0.5,0.3,0.09000000000000008,0.5189880643933779,0.8636232348780247,0.0900631962620128,0.9992983120227172,0.08636232348780248,0.8636232348780247
lam0.5_n0.3,0.5,0.3,0.09499999999999997,0.5185252210767107,0.8636100284696269,0.09507433122655541,0.9992181777605323,0.08636100284696269,0.8636100284696269
lam0.5_n0.3,0.5,0.3,0.10000000000000009,0.5180373190180136,0.8635945629990893,0.10008670399031683,0.9991337112037866,0.08635945629990893,0.8635945629990893
lam0.5_n0.3,0.5,0.3,0.10499999999999998,0.5175243518644815,0.8635765943136485,0.10510038008648245,0.9990449122410416,0.08635765943136486,0.8635765943136485
lam0.5_n0.3,0.5,0.3,0.1100000000000001,0.5169863129354964,0.8635558656953692,0.11011542510772186,0.9989517807554315,0.08635558656953693,0.8635558656953692
lam0.5_n0.3,0.5,0.3,0.11499999999999999,0.5164231952223214,0.8635321078544532,0.11513190470919153,0.9988543166247035,0.08635321078544533,0.8635321078544532
lam0.5_n0.3,0.5,0.3,0.1200000000000001,0.5158349913877818,0.8635050389222177,0.12014988461154531,0.9987525197212649,0.08635050389222178,0.8635050389222177
lam0.5_n0.3,0.5,0.3,0.125,0.5152216937659293,0.8634743644437447,0.12516943060394592,0.99864638991223,0.08634743644437448,0.8634743644437447
lam0.5_n0.3,0.5,0.3,0.13000000000000012,0.5145832943616926,0.863439777370198,0.13019060854708514,0.9985359270594693,0.0863439777370198,0.863439777370198
lam0.5_n0.3,0.5,0.3,0.135,0.5139197848505114,0.8634009580508105,0.13521348437620506,0.9984211310196617,0.08634009580508106,0.8634009580508105
lam0.5_n0.3,0.5,0.3,0.14000000000000012,0.5132311565779567,0.8633575742245393,0.14023812410412861,0.9983020016443482,0.08633575742245393,0.8633575742245393
lam0.5_n0.3,0.5,0.3,0.14500000000000002,0.5125174005593351,0.8633092810113874,0.14526459382429174,0.9981785387799882,0.08633092810113874,0.8633092810113874
lam0.5_n0.3,0.5,0.3,0.15000000000000013,0.5117785074792783,0.8632557209033933,0.1502929597137848,0.9980507422680172,0.08632557209033934,0.8632557209033933
lam0.5_n0.3,0.5,0.3,0.15500000000000003,0.5110144676913169,0.8631965237552874,0.15532328803639653,0.9979186119449084,0.08631965237552874,0.8631965237552874
lam0.5_n0.3,0.5,0.3,0.15999999999999992,0.5102252712174393,0.8631313067748128,0.1603556451456673,0.9977821476422342,0.08631313067748128,0.8631313067748128
lam0.5_n0.3,0.5,0.3,0.16500000000000004,0.5094109077476359,0.8630596745127126,0.16539009748794645,0.9976413491867321,0.08630596745127127,0.8630596745127126
lam0.5_n0.3,0.5,0.3,0.16999999999999993,0.5085713666394265,0.8629812188523805,0.1704267116054563,0.9974962164003713,0.08629812188523805,0.8629812188523805
lam0.5_n0.3,0.5,0.3,0.17500000000000004,0.5077066369173739,0.8628955189991762,0.17546555413936515,0.9973467491004226,0.08628955189991762,0.8628955189991762
lam0.5_n0.3,0.5,0.3,0.17999999999999994,0.5068167072725814,0.8628021414694022,0.18050669183286366,0.9971929470995298,0.08628021414694022,0.8628021414694022
lam0.5_n0.3,0.5,0.3,0.18500000000000005,0.5059015660621747,0.8627006400789448,0.18555019153425237,0.9970348102057833,0.08627006400789448,0.8627006400789448
lam0.5_n0.3,0.5,0.3,0.18999999999999995,0.5049612013087688,0.8625905559315744,0.19059612020003275,0.9968723382227972,0.08625905559315744,0.8625905559315744
lam0.5_n0.3,0.5,0.3,0.19500000000000006,0.5039956006999191,0.8624714174069084,0.19564454489800953,0.9967055309497872,0.08624714174069084,0.8624714174069084
lam0.5_n0.3,0.5,0.3,0.19999999999999996,0.5030047515875575,0.8623427401480324,0.20069553281039743,0.9965343881816514,0.08623427401480324,0.8623427401480324
lam0.5_n0.3,0.5,0.3,0.20500000000000007,0.5019886409874124,0.862204027048781,0.2057491512369393,0.9963589097090538,0.0862204027048781,0.862204027048781
lam0.5_n0.3,0.5,0.3,0.20999999999999996,0.5009472555784127,0.8620547682406765,0.21080546759802904,0.9961790953185097,0.08620547682406765,0.8620547682406765
lam0.5_n0.3,0.5,0.3,0.21500000000000008,0.49988058170207744,0.8618944410795251,0.21586454943784664,0.9959949447924729,0.08618944410795251,0.8618944410795251
lam0.5_n0.3,0.5,0.3,0.21999999999999997,0.4987886053618889,0.8617225101316689,0.22092646442749825,0.9958064579094267,0.08617225101316689,0.8617225101316689
lam0.5_n0.3,0.5,0.3,0.2250000000000001,0.49767131222264976,0.861538427159893,0.22599128036816876,0.9956136344439761,0.0861538427159893,0.861538427159893
lam0.5_n0.3,0.5,0.3,0.22999999999999998,0.49652868760982505,0.8613416311089883,0.2310590651942801,0.9954164741669425,0.08613416311089883,0.8613416311089883
lam0.5_n0.3,0.5,0.3,0.2350000000000001,0.49536071650886787,0.8611315480909651,0.23612988697666207,0.9952149768454611,0.08611315480909652,0.8611315480909651
lam0.5_n0.3,0.5,0.3,0.24,0.49416738356452977,0.8609075913699221,0.2412038139257297,0.9950091422430808,0.08609075913699221,0.8609075913699221
lam0.5_n0.3,0.5,0.3,0.2450000000000001,0.4929486730801544,0.8606691613465642,0.24628091439467348,0.9947989701198662,0.08606691613465643,0.8606691613465642
lam0.5_n0.3,0.5,0.3,0.25,0.4917045690169561,0.8604156455423713,0.2513612568826563,0.9945844602325019,0.08604156455423713,0.8604156455423713
lam0.5_n0.3,0.5,0.3,0.2550000000000001,0.4904350549932814,0.8601464185834169,0.25644491003802417,0.9943656123344004,0.08601464185834169,0.8601464185834169
lam0.5_n0.3,0.5,0.3,0.26,0.48914011428385595,0.8598608421838337,0.26153194266152363,0.9941424261758103,0.08598608421838339,0.8598608421838337
lam0.5_n0.3,0.5,0.3,0.2650000000000001,0.48781972981901345,0.8595582651289266,0.26662242370953376,0.9939149015039292,0.08595582651289267,0.8595582651289266
lam0.5_n0.3,0.5,0.3,0.27,0.48647388418391024,0.8592380232579311,0.2717164222973049,0.9936830380630184,0.08592380232579311,0.8592380232579311
lam0.5_n0.3,0.5,0.3,0.27500000000000013,0.4851025596177221,0.8588994394464166,0.27681400770221287,0.9934468355945189,0.08588994394464167,0.8588994394464166
lam0.5_n0.3,0.5,0.3,0.28,0.4837057380128263,0.8585418235883322,0.28191524936702,0.9932062938371717,0.08585418235883323,0.8585418235883322
lam0.5_n0.3,0.5,0.3,0.2849999999999999,0.48228340091396554,0.8581644725776955,0.28702021690315194,0.9929614125271402,0.08581644725776955,0.8581644725776955
lam0.5_n0.3,0.5,0.3,0.29000000000000004,0.48083552951739705,0.8577666702899217,0.2921289800939834,0.9927121913981337,0.08577666702899217,0.8577666702899217
lam0.5_n0.3,0.5,0.3,0.29499999999999993,0.47936210467002466,0.8573476875627919,0.297241608898136,0.992458630181536,0.0857347687562792,0.8573476875627919
lam0.5_n0.3,0.5,0.3,0.30000000000000004,0.47786310686851363,0.8569067821770602,0.3023581734527909,0.9922007286065344,0.08569067821770603,0.8569067821770602
lam0.5_n0.3,0.5,0.3,0.30499999999999994,0.4763385162583905,0.8564431988366963,0.30747874407701,0.9919384864002527,0.08564431988366963,0.8564431988366963
lam0.5_n0.3,0.5,0.3,0.31000000000000005,0.47478831263312454,0.8559561691487662,0.31260339127507364,0.9916719032878861,0.08559561691487662,0.8559561691487662
lam0.5_n0.3,0.5,0.3,0.31499999999999995,0.47321247543319367,0.8554449116029434,0.3177321857398278,0.9914009789928393,0.08554449116029435,0.8554449116029434
lam0.5_n0.3,0.5,0.3,0.32000000000000006,0.47161098374513316,0.8549086315506561,0.3228651983560476,0.9911257132368666,0.08549086315506561,0.8549086315506561
lam0.5_n0.3,0.5,0.3,0.32499999999999996,0.4699838163005675,0.854346521183863,0.3280025002038105,0.9908461057402157,0.0854346521183863,0.854346521183863
lam0.5_n0.3,0.5,0.3,0.33000000000000007,0.4683309514752257,0.8537577595134599,0.3331441625618873,0.9905621562217735,0.08537577595134599,0.8537577595134599
lam0.5_n0.3,0.5,0.3,0.33499999999999996,0.4666523672879388,0.8531415123473154,0.33829025691114234,0.9902738643992144,0.08531415123473154,0.8531415123473154
lam0.5_n0.3,0.5,0.3,0.3400000000000001,0.46494804139962126,0.8524969322679314,0.34344085493795223,0.9899812299891526,0.08524969322679316,0.8524969322679314
lam0.5_n0.3,0.5,0.3,0.345,0.46321795111223496,0.8518231586097298,0.34859602853763455,0.9896842527072958,0.08518231586097298,0.8518231586097298
lam0.5_n0.3,0.5,0.3,0.3500000000000001,0.4614620733677353,0.851119317435963,0.3537558498178948,0.9893829322686023,0.08511193174359631,0.851119317435963
lam0.5_n0.3,0.5,0.3,0.355,0.45968038474700124,0.8503845215152456,0.35892039110228463,0.9890772683874419,0.08503845215152456,0.8503845215152456
lam0.5_n0.3,0.5,0.3,0.3600000000000001,0.45787286146874717,0.8496178702977069,0.3640897249336782,0.9887672607777572,0.0849617870297707,0.8496178702977069
lam0.5_n0.3,0.5,0.3,0.365,0.4560394793884172,0.8488184498907618,0.36926392407776026,0.988452909153231,0.0848818449890762,0.8488184498907618
lam0.5_n0.3,0.5,0.3,0.3700000000000001,0.45418021399706293,0.8479853330344987,0.3744430615265335,0.9881342132274533,0.08479853330344989,0.8479853330344987
lam0.5_n0.3,0.5,0.3,0.375,0.45229504042020297,0.8471175790766828,0.37962721050183695,0.9878111727140946,0.08471175790766829,0.8471175790766828
lam0.5_n0.3,0.5,0.3,0.3800000000000001,0.45038393341666433,0.846214233947373,0.3848164444588848,0.987483787327079,0.08462142339473731,0.846214233947373
lam0.5_n0.3,0.5,0.3,0.385,0.4484468673774077,0.8452743301331495,0.39001083708981726,0.9871520567807625,0.08452743301331495,0.8452743301331495
lam0.5_n0.3,0.5,0.3,0.3900000000000001,0.4464838163243328,0.8442968866509525,0.395210462327271,0.9868159807901136,0.08442968866509526,0.8442968866509525
lam0.5_n0.3,0.5,0.3,0.395,0.4444947539090679,0.8432809090215293,0.40041539434796286,0.9864755590708961,0.08432809090215293,0.8432809090215293
lam0.5_n0.3,0.5,0.3,0.40000000000000013,0.44247965341173934,0.8422253892424858,0.4056257075762939,0.986130791339857,0.08422253892424858,0.8422253892424858
lam0.5_n0.3,0.5,0.3,0.405,0.4404384877397255,0.8411293057609441,0.41084147668796617,0.9857816773149155,0.08411293057609442,0.8411293057609441
lam0.5_n0.3,0.5,0.3,0.4099999999999999,0.4383712294263899,0.8399916234458018,0.4160627766136211,0.9854282167153554,0.08399916234458019,0.8399916234458018
lam0.5_n0.3,0.5,0.3,0.41500000000000004,0.4362778506297979,0.8388112935595916,0.42128968254249194,0.9850704092620224,0.08388112935595916,0.8388112935595916
lam0.5_n0.3,0.5,0.3,0.41999999999999993,0.43415832313141495,0.83758725372994,0.4265222699260746,0.9847082546775221,0.083758725372994,0.83758725372994
lam0.5_n0.3,0.5,0.3,0.42500000000000004,0.4320126183347853,0.8363184279206225,0.43176061448181835,0.984341752686423,0.08363184279206226,0.8363184279206225
lam0.5_n0.3,0.5,0.3,0.42999999999999994,0.4298407072641937,0.835003726402212,0.43700479219683075,0.9839709030154622,0.0835003726402212,0.835003726402212
lam0.5_n0.3,0.5,0.3,0.43500000000000005,0.4276425605633071,0.8336420457223217,0.4422548793316056,0.9835957053937537,0.08336420457223218,0.8336420457223217
lam0.5_n0.3,0.5,0.3,0.43999999999999995,0.42541814849379866,0.8322322686754368,0.4475109524237647,0.9832161595530016,0.08322322686754369,0.8322322686754368
lam0.5_n0.3,0.5,0.3,0.44500000000000006,0.42316744093395336,0.8307732642723344,0.4527730882918229,0.982832265227714,0.08307732642723345,0.8307732642723344
lam0.5_n0.3,0.5,0.3,0.44999999999999996,0.42089040737725303,0.8292638877090909,0.4580413640389675,0.9824440221554239,0.08292638877090909,0.8292638877090909
lam0.5_n0.3,0.5,0.3,0.45500000000000007,0.41858701693094397,0.8277029803356716,0.4633158570568618,0.9820514300769094,0.08277029803356717,0.8277029803356716
lam0.5_n0.3,0.5,0.3,0.45999999999999996,0.4162572383145851,0.8260893696241024,0.46859664502946347,0.9816544887364207,0.08260893696241024,0.8260893696241024
lam0.5_n0.3,0.5,0.3,0.4650000000000001,0.41390103985857685,0.8244218691362224,0.47388380593686674,0.9812531978819082,0.08244218691362225,0.8244218691362224
lam0.5_n0.3,0.5,0.3,0.47,0.41151838950267083,0.822699278491011,0.4791774180591603,0.9808475572652564,0.0822699278491011,0.822699278491011
lam0.5_n0.3,0.5,0.3,0.4750000000000001,0.40910925479446014,0.8209203833314924,0.48447755998031017,0.9804375666425185,0.08209203833314925,0.8209203833314924
lam0.5_n0.3,0.5,0.3,0.48,0.40667360288785015,0.8190839552912106,0.4897843105920581,0.9800232257741561,0.08190839552912106,0.8190839552912106
lam0.5_n0.3,0.5,0.3,0.4850000000000001,0.4042114005415098,0.8171887519602763,0.49509774909784465,0.9796045344252838,0.08171887519602763,0.8171887519602763
lam0.5_n0.3,0.5,0.3,0.49,0.4017226141173036,0.8152335168509803,0.5004179550167498,0.9791814923659141,0.08152335168509804,0.8152335168509803
lam0.5_n0.3,0.5,0.3,0.4950000000000001,0.39920720957870315,0.813216979362972,0.5057450081874579,0.978754099371209,0.0813216979362972,0.813216979362972
lam0.5_n0.3,0.5,0.3,0.5,0.3966651524891797,0.8111378547480029,0.5110789887722401,0.9783223552217337,0.0811137854748003,0.8111378547480029
lam0.5_n0.3,0.5,0.3,0.5050000000000001,0.3940964080105754,0.808994844074227,0.5164199772609631,0.9778862597037137,0.0808994844074227,0.808994844074227
lam0.5_n0.3,0.5,0.3,0.51,0.3915009409014557,0.8067866341900627,0.5217680544751141,0.9774458126092974,0.08067866341900627,0.8067866341900627
lam0.5_n0.3,0.5,0.3,0.5150000000000001,0.38887871551544134,0.8045118976876067,0.5271233015718529,0.9770010137368207,0.08045118976876067,0.8045118976876067
lam0.5_n0.3,0.5,0.3,0.52,0.3862296957995195,0.8021692928656033,0.5324858000480825,0.976551862891076,0.08021692928656034,0.8021692928656033
lam0.5_n0.3,0.5,0.3,0.5250000000000001,0.383553845292335,0.799757463691962,0.5378556317445451,0.9760983598835853,0.0799757463691962,0.799757463691962
lam0.5_n0.3,0.5,0.3,0.53,0.3808511271224607,0.7972750397658224,0.5432328788499372,0.975640504532877,0.07972750397658224,0.7972750397658224
lam0.5_n0.3,0.5,0.3,0.5350000000000001,0.3781215040066476,0.7947206362791657,0.5486176239050522,0.9751782966647662,0.07947206362791658,0.7947206362791657
lam0.5_n0.3,0.5,0.3,0.54,0.37536493824805384,0.7920928539779657,0.5540099498069411,0.97471173611264,0.07920928539779658,0.7920928539779657
lam0.5_n0.3,0.5,0.3,0.5449999999999999,0.37258139173445265,0.789390279122881,0.5594099398131009,0.9742408227177454,0.0789390279122881,0.789390279122881
lam0.5_n0.3,0.5,0.3,0.55,0.3697708259364203,0.7866114834494818,0.5648176775456848,0.9737655563294825,0.0786611483449482,0.7866114834494818
lam0.5_n0.3,0.5,0.3,0.5549999999999999,0.36693320190550144,0.7837550241280125,0.5702332469957345,0.9732859368057006,0.07837550241280125,0.7837550241280125
lam0.5_n0.3,0.5,0.3,0.56,0.3640684802723549,0.7808194437226824,0.5756567325274401,0.9728019640130001,0.07808194437226824,0.7808194437226824
lam0.5_n0.3,0.5,0.3,0.565,0.36117662124487615,0.7778032701504868,0.5810882188824213,0.9723136378270358,0.07778032701504868,0.7778032701504868
lam0.5_n0.3,0.5,0.3,0.5700000000000001,0.3582575846063004,0.7747050166395498,0.5865277911840351,0.9718209581328277,0.07747050166395499,0.7747050166395498
lam0.5_n0.3,0.5,0.3,0.575,0.355311329713283,0.7715231816869937,0.5919755349417061,0.9713239248250728,0.07715231816869939,0.7715231816869937
lam0.5_n0.3,0.5,0.3,0.5800000000000001,0.3523378154939575,0.7682562490163216,0.5974315360552844,0.970822537808464,0.07682562490163217,0.7682562490163216
lam0.5_n0.3,0.5,0.3,0.585,0.3493370004459728,0.7649026875343209,0.6028958808194258,0.9703167969980112,0.0764902687534321,0.7649026875343209
lam0.5_n0.3,0.5,0.3,0.5900000000000001,0.346308842634509,0.7614609512874758,0.6083686559280004,0.9698067023193677,0.07614609512874759,0.7614609512874758
lam0.5_n0.3,0.5,0.3,0.595,0.34325329969026896,0.757929479417892,0.6138499484785231,0.9692922537091608,0.0757929479417892,0.757929479417892
lam0.5_n0.3,0.5,0.3,0.6000000000000001,0.3401703288074502,0.7543066961187262,0.619339845976615,0.9687734511153266,0.07543066961187263,0.7543066961187262
lam0.5_n0.3,0.5,0.3,0.605,0.3370598867416922,0.7505910105891207,0.624838436340484,0.9682502944974503,0.07505910105891207,0.7505910105891207
lam0.5_n0.3,0.5,0.3,0.6100000000000001,0.3339219298080019,0.7467808169886351,0.6303458079054399,0.9677227838271085,0.07467808169886352,0.7467808169886351
lam0.5_n0.3,0.5,0.3,0.615,0.33075641387865873,0.7428744943911785,0.635862049428428,0.9671909190882194,0.07428744943911784,0.7428744943911785
lam0.5_n0.3,0.5,0.3,0.6200000000000001,0.32756329438109294,0.7388704067384321,0.641387250092595,0.9666547002773951,0.0738870406738432,0.7388704067384321
lam0.5_n0.3,0.5,0.3,0.625,0.3243425262957442,0.734766902792764,0.6469214995118792,0.9661141274042994,0.0734766902792764,0.734766902792764
lam0.5_n0.3,0.5,0.3,0.6300000000000001,0.321094064153896,0.7305623160896292,0.6524648877356289,0.9655692004920097,0.07305623160896292,0.7305623160896292
lam0.5_n0.3,0.5,0.3,0.635,0.3178178620354869,0.7262549648894546,0.658017505253247,0.9650199195773851,0.07262549648894547,0.7262549648894546
lam0.5_n0.3,0.5,0.3,0.6400000000000001,0.31451387356689814,0.7218431521290019,0.6635794429988647,0.9644662847114375,0.07218431521290018,0.7218431521290019
lam0.5_n0.3,0.5,0.3,0.645,0.3111820519187196,0.717325165372209,0.6691507923560411,0.9639082959597081,0.0717325165372209,0.717325165372209
lam0.5_n0.3,0.5,0.3,0.6500000000000001,0.30782234980348916,0.7126992767605027,0.6747316451624932,0.9633459534026494,0.07126992767605027,0.7126992767605027
lam0.5_n0.3,0.5,0.3,0.655,0.30443471947341094,0.7079637429625816,0.6803220937148509,0.9627792571360113,0.07079637429625817,0.7079637429625816
lam0.5_n0.3,0.5,0.3,0.6600000000000001,0.30101911271804876,0.7031168051236634,0.6859222307734439,0.9622082072712325,0.07031168051236635,0.7031168051236634
lam0.5_n0.3,0.5,0.3,0.665,0.2975754808619957,0.6981566888141966,0.6915321495671141,0.9616328039358364,0.06981566888141966,0.6981566888141966
lam0.5_n0.3,0.5,0.3,0.6699999999999999,0.2941037747625191,0.6930816039780275,0.6971519437980584,0.9610530472738328,0.06930816039780276,0.6930816039780275
lam0.5_n0.3,0.5,0.3,0.675,0.29060394480718155,0.6878897448800241,0.7027817076467012,0.9604689374461245,0.0687889744880024,0.6878897448800241
lam0.5_n0.3,0.5,0.3,0.6799999999999999,0.28707594091143845,0.6825792900531497,0.7084215357765934,0.9598804746309174,0.06825792900531497,0.6825792900531497
lam0.5_n0.3,0.5,0.3,0.685,0.28351971251620856,0.6771484022449836,0.7140715233393439,0.959287659024139,0.06771484022449836,0.6771484022449836
lam0.5_n0.3,0.5,0.3,0.69,0.2799352085854224,0.671595228363686,0.7197317659795779,0.9586904908398588,0.0671595228363686,0.671595228363686
lam0.5_n0.3,0.5,0.3,0.6950000000000001,0.27632237760354467,0.6659178994233989,0.725402359839928,0.9580889703107159,0.06659178994233989,0.6659178994233989
lam0.5_n0.3,0.5,0.3,0.7,0.27268116757307126,0.6601145304890869,0.7310834015660512,0.9574830976883518,0.0660114530489087,0.6601145304890869
lam0.5_n0.3,0.5,0.3,0.7050000000000001,0.26901152601200173,0.6541832206208051,0.7367749883116813,0.9568728732438467,0.06541832206208052,0.6541832206208051
lam0.5_n0.3,0.5,0.3,0.71,0.26531339995128617,0.648122052817397,0.7424772177437055,0.9562582972681645,0.0648122052817397,0.648122052817397
lam0.5_n0.3,0.5,0.3,0.7150000000000001,0.26158673593224624,0.6419290939596136,0.7481901880472774,0.9556393700725997,0.06419290939596137,0.6419290939596136
lam0.5_n0.3,0.5,0.3,0.72,0.25783148000397293,0.635602394752653,0.7539139979309563,0.9550160919892322,0.0635602394752653,0.635602394752653
lam0.5_n0.3,0.5,0.3,0.7250000000000001,0.25404757772069303,0.6291399896681132,0.7596487466318799,0.9543884633713873,0.06291399896681132,0.6291399896681132
lam0.5_n0.3,0.5,0.3,0.73,0.25023497413911705,0.6225398968853592,0.7653945339209663,0.9537564845940993,0.06225398968853592,0.6225398968853592
lam0.5_n0.3,0.5,0.3,0.7350000000000001,0.24639361381575484,0.6158001182322895,0.7711514601081497,0.9531201560545841,0.061580011823228954,0.6158001182322895
lam0.5_n0.3,0.5,0.3,0.74,0.24252344080420868,0.6089186391255141,0.7769196260476439,0.9524794781727141,0.060891863912551414,0.6089186391255141
lam0.5_n0.3,0.5,0.3,0.7450000000000001,0.23862439865243715,0.6018934285099213,0.7826991331432405,0.9518344513915015,0.06018934285099214,0.6018934285099213
lam0.5_n0.3,0.5,0.3,0.75,0.23469643039999566,0.5947224387976443,0.788490083353637,0.9511850761775855,0.059472243879764436,0.5947224387976443
lam0.5_n0.3,0.5,0.3,0.7550000000000001,0.230739478575247,0.5874036058064117,0.7942925791977983,0.9505313530217265,0.05874036058064117,0.5874036058064117
lam0.5_n0.3,0.5,0.3,0.76,0.22675348519254818,0.5799348486972886,0.8001067237603476,0.9498732824393054,0.05799348486972886,0.5799348486972886
lam0.5_n0.3,0.5,0.3,0.7650000000000001,0.22273839174940588,0.57231406991179,0.8059326206969932,0.9492108649708292,0.057231406991179005,0.57231406991179
lam0.5_n0.3,0.5,0.3,0.77,0.21869413922361125,0.5645391551083772,0.8117703742399832,0.9485441011824427,0.05645391551083772,0.5645391551083772
lam0.5_n0.3,0.5,0.3,0.7750000000000001,0.21462066807034028,0.5566079730983176,0.8176200892035972,0.947872991666446,0.055660797309831755,0.5566079730983176
lam0.5_n0.3,0.5,0.3,0.78,0.21051791821923171,0.5485183757809184,0.8234818709896661,0.9471975370418182,0.054851837578091846,0.5485183757809184
lam0.5_n0.3,0.5,0.3,0.7850000000000001,0.20638582907143352,0.5402681980781137,0.8293558255931295,0.9465177379547465,0.05402681980781137,0.5402681980781137
lam0.5_n0.3,0.5,0.3,0.79,0.2022243394966256,0.5318552578684156,0.8352420596076204,0.9458335950791628,0.05318552578684156,0.5318552578684156
lam0.5_n0.3,0.5,0.3,0.7949999999999999,0.1980333878300106,0.523277355920209,0.8411406802310888,0.9451451091172852,0.0523277355920209,0.523277355920209
lam0.5_n0.3,0.5,0.3,0.8,0.1938129118692793,0.5145322758244021,0.8470517952714528,0.9444522808001674,0.05145322758244021,0.5145322758244021
lam0.5_n0.3,0.5,0.3,0.8049999999999999,0.18956284887154598,0.5056177839264127,0.8529755131522868,0.9437551108882518,0.05056177839264127,0.5056177839264127
lam0.5_n0.3,0.5,0.3,0.81,0.1852831355502561,0.49653162925749317,0.8589119429185421,0.943053600171932,0.04965316292574932,0.49653162925749317
lam0.5_n0.3,0.5,0.3,0.815,0.18097370807206511,0.48727154346538976,0.8648611942422991,0.9423477494721192,0.04872715434653898,0.48727154346538976
lam0.5_n0.3,0.5,0.3,0.8200000000000001,0.1766345020536872,0.4778352407443232,0.870823377428557,0.9416375596408165,0.04778352407443232,0.4778352407443232
lam0.5_n0.3,0.5,0.3,0.825,0.17226545255871822,0.4682204177642991,0.8767986034210512,0.9409230315616997,0.046822041776429915,0.4682204177642991
lam0.5_n0.3,0.5,0.3,0.8300000000000001,0.16786649409442556,0.4584247535997272,0.8827869838081116,0.9402041661507033,0.04584247535997272,0.4584247535997272
lam0.5_n0.3,0.5,0.3,0.835,0.1634375606085121,0.4484459096573592,0.8887886308285481,0.9394809643566152,0.044844590965735925,0.4484459096573592
lam0.5_n0.3,0.5,0.3,0.8400000000000001,0.15897858548584742,0.4382815296035264,0.8948036573775744,0.938753427161676,0.04382815296035264,0.4382815296035264
lam0.5_n0.3,0.5,0.3,0.845,0.15448950154517188,0.4279292392906846,0.9008321770127637,0.9380215555821863,0.042792923929068465,0.4279292392906846
lam0.5_n0.3,0.5,0.3,0.8500000000000001,0.14997024103576967,0.4173866466832476,0.9068743039600394,0.9372853506691204,0.041738664668324765,0.4173866466832476
lam0.5_n0.3,0.5,0.3,0.855,0.14542073563411162,0.40665134178271867,0.9129301531196986,0.936544813508747,0.04066513417827187,0.40665134178271867
lam0.5_n0.3,0.5,0.3,0.8600000000000001,0.14084091644046903,0.3957208965520985,0.9189998400724718,0.9357999452232559,0.039572089655209856,0.3957208965520985
lam0.5_n0.3,0.5,0.3,0.865,0.1362307139754954,0.38459286483958144,0.9250834810856143,0.9350507469713928,0.03845928648395815,0.38459286483958144
lam0.5_n0.3,0.5,0.3,0.8700000000000001,0.13159005817677843,0.37326478230151505,0.9311811931190347,0.9342972199491,0.037326478230151505,0.37326478230151505
lam0.5_n0.3,0.5,0.3,0.875,0.1269188783953637,0.36173416632463884,0.9372930938314542,0.9335393653901649,0.03617341663246389,0.36173416632463884
lam0.5_n0.3,0.5,0.3,0.8800000000000001,0.1222171033922404,0.3499985159475741,0.9434193015866038,0.9327771845668753,0.03499985159475741,0.3499985159475741
lam0.5_n0.3,0.5,0.3,0.885,0.11748466133480617,0.3380553117815803,0.9495599354594527,0.9320106787906812,0.03380553117815804,0.3380553117815803
lam0.5_n0.3,0.5,0.3,0.8900000000000001,0.11272147979329067,0.3259020159305548,0.9557151152424742,0.9312398494128645,0.03259020159305548,0.3259020159305548
lam0.5_n0.3,0.5,0.3,0.895,0.10792748573715566,0.31353607191028365,0.9618849614519419,0.9304646978252153,0.031353607191028365,0.31353607191028365
lam0.5_n0.3,0.5,0.3,0.9000000000000001,0.10310260553145845,0.30095490456692414,0.9680695953342644,0.9296852254607164,0.030095490456692416,0.30095490456692414
lam0.5_n0.3,0.5,0.3,0.905,0.09824676493318563,0.2881559199947299,0.9742691388723512,0.9289014337942333,0.028815591999472992,0.2881559199947299
lam0.5_n0.3,0.5,0.3,0.9100000000000001,0.09335988908755466,0.27513650545299273,0.9804837147920148,0.9281133243432136,0.027513650545299275,0.27513650545299273
lam0.5_n0.3,0.5,0.3,0.915,0.08844190252428324,0.2618940292822155,0.9867134465684059,0.9273208986683915,0.026189402928221552,0.2618940292822155
lam0.5_n0.3,0.5,0.3,0.9199999999999999,0.08349272915382666,0.24842584081949196,0.9929584584324833,0.9265241583745024,0.0248425840819492,0.24842584081949196
lam0.5_n0.3,0.5,0.3,0.925,0.07851229226358203,0.2347292703130989,0.9992188753775186,0.9257231051110022,0.02347292703130989,0.2347292703130989
lam0.5_n0.3,0.5,0.3,0.9299999999999999,0.07350051451406148,0.22080162883629423,1.0054948231656322,0.9249177405727962,0.022080162883629424,0.22080162883629423
lam0.5_n0.3,0.5,0.3,0.935,0.06845731793502974,0.20664020820030216,1.0117864283343692,0.9241080665009739,0.020664020820030216,0.20664020820030216
lam0.5_n0.3,0.5,0.3,0.94,0.06338262392161265,0.19224228086649925,1.0180938182033012,0.9232940846835522,0.019224228086649926,0.19224228086649925
lam0.5_n0.3,0.5,0.3,0.9450000000000001,0.05827635323036784,0.17760509985777287,1.0244171208806703,0.9224757969562272,0.017760509985777287,0.17760509985777287
lam0.5_n0.3,0.5,0.3,0.95,0.0531384259753272,0.16272589866906806,1.0307564652700592,0.9216532052031311,0.016272589866906807,0.16272589866906806
lam0.5_n0.3,0.5,0.3,0.9550000000000001,0.04796876162400204,0.14760189117709613,1.0371119810771023,0.9208263113575988,0.014760189117709613,0.14760189117709613
lam0.5_n0.3,0.5,0.3,0.96,0.042767278993356535,0.13223027154921121,1.0434837988162236,0.9199951174029423,0.013223027154921123,0.13223027154921121
lam0.5_n0.3,0.5,0.3,0.9650000000000001,0.037533896245745935,0.11660821415144351,1.0498720498174137,0.9191596253732309,0.011660821415144351,0.11660821415144351
lam0.5_n0.3,0.5,0.3,0.97,0.03226853088482396,0.10073287345568291,1.056276866233035,0.9183198373540817,0.010073287345568291,0.10073287345568291
lam0.5_n0.3,0.5,0.3,0.9750000000000001,0.02697109975141071,0.0846013839460058,1.0626983810446653,0.9174757554834562,0.00846013839460058,0.0846013839460058
lam0.5_n0.3,0.5,0.3,0.98,0.02164151901933254,0.06821086002414359,1.0691367280699686,0.9166273819524651,0.006821086002414359,0.06821086002414359
lam0.5_n0.3,0.5,0.3,0.9850000000000001,0.016279704191221378,0.05155839591407432,1.0755920419696052,0.9157747190061815,0.005155839591407432,0.05155839591407432
lam0.5_n0.3,0.5,0.3,0.99,0.010885570094284489,0.03464106556574042,1.0820644582541665,0.9149177689444619,0.003464106556574042,0.03464106556574042
lam0.5_n0.3,0.5,0.3,0.9950000000000001,0.0054590308760367095,0.017455922557885365,1.0885541132911523,0.9140565341227741,0.0017455922557885366,0.017455922557885365
lam0.5_n0.3,0.5,0.3,1.0,0.0,0.0,1.0950611443119675,0.9131910169530351,0.0,0.0
lam0.5_n0.5,0.5,0.5,-1.0,0.0,0.0,1.063554501359547,0.9402433055585726,0.0,0.0
lam0.5_n0.5,0.5,0.5,-0.995,0.005302859203209276,0.017165164762835833,1.0575908484374372,0.9408175207549181,0.0017165164762835833,0.017165164762835833
lam0.5_n0.5,0.5,0.5,-0.99,0.010575925125215773,0.03406725235348694,1.05163717952389,0.9413893111388519,0.0034067252353486943,0.03406725235348694
lam0.5_n0.5,0.5,0.5,-0.985,0.015819247545779628,0.050709058297841676,1.0456934385149161,0.9419586694537239,0.005070905829784168,0.050709058297841676
lam0.5_n0.5,0.5,0.5,-0.98,0.021032875964281886,0.06709336079284528,1.039759569364041,0.9425255884871611,0.006709336079284528,0.06709336079284528
lam0.5_n0.5,0.5,0.5,-0.975,0.026216859600017798,0.08322292075746135,1.033835516082849,0.9430900610710551,0.008322292075746135,0.08322292075746135
lam0.5_n0.5,0.5,0.5,-0.97,0.031371247392487145,0.09910048188333735,1.0279212227415182,0.943652080081546,0.009910048188333735,0.09910048188333735
lam0.5_n0.5,0.5,0.5,-0.965,0.03649608800168713,0.11472877068517788,1.02201663346934,0.9442116384390034,0.011472877068517788,0.11472877068517788
lam0.5_n0.5,0.5,0.5,-0.96,0.041591429808411406,0.1301104965508224,1.0161216924552257,0.9447687291080062,0.013011049655082242,0.1301104965508224
lam0.5_n0.5,0.5,0.5,-0.955,0.046657320914547606,0.14524835179103127,1.0102363439482012,0.9453233450973196,0.014524835179103128,0.14524835179103127
lam0.5_n0.5,0.5,0.5,-0.95,0.05169380914337912,0.16014501168897652,1.00436053225789,0.945875479459868,0.016014501168897653,0.16014501168897652
lam0.5_n0.5,0.5,0.5,-0.945,0.05670094203989168,0.1748031345494414,0.9984942017549802,0.9464251252927084,0.017480313454944142,0.1748031345494414
lam0.5_n0.5,0.5,0.5,-0.94,0.06167876687107671,0.1892253617477255,0.9926372968716831,0.9469722757369982,0.01892253617477255,0.1892253617477255
lam0.5_n0.5,0.5,0.5,-0.935,0.06662733062624215,0.20341431777825394,0.9867897621021755,0.9475169239779638,0.020341431777825394,0.20341431777825394
lam0.5_n0.5,0.5,0.5,-0.9299999999999999,0.0715466800173219,0.2173726103029053,0.980951542003032,0.9480590632448646,0.02173726103029053,0.2173726103029053
lam0.5_n0.5,0.5,0.5,-0.925,0.07643686147919032,0.23110283019903158,0.9751225811936437,0.9485986868109558,0.023110283019903158,0.23110283019903158
lam0.5_n0.5,0.5,0.5,-0.92,0.08129792116997586,0.2446075516072047,0.9693028243566244,0.9491357879934487,0.024460755160720472,0.2446075516072047
lam0.5_n0.5,0.5,0.5,-0.915,0.08612990497137973,0.2578893319786525,0.9634922162382046,0.9496703601534693,0.025788933197865252,0.2578893319786525
lam0.5_n0.5,0.5,0.5,-0.91,0.09093285848899374,0.2709507121224193,0.9576907016486144,0.9502023966960134,0.02709507121224193,0.2709507121224193
lam0.5_n0.5,0.5,0.5,-0.905,0.09570682705262118,0.2837942162522258,0.9518982254624513,0.9507318910699017,0.02837942162522258,0.2837942162522258
lam0.5_n0.5,0.5,0.5,-0.9,0.10045185571660092,0.29642235203304396,0.9461147326190387,0.9512588367677315,0.029642235203304397,0.29642235203304396
lam0.5_n0.5,0.5,0.5,-0.895,0.10516798926013038,0.3088376106273788,0.9403401681227707,0.9517832273258255,0.03088376106273788,0.3088376106273788
lam0.5_n0.5,0.5,0.5,-0.89,0.10985527218759245,0.321042466741262,0.9345744770434449,0.9523050563241813,0.0321042466741262,0.321042466741262
lam0.5_n0.5,0.5,0.5,-0.885,0.11451374872888342,0.3330393786699538,0.9288176045165835,0.9528243173864163,0.033303937866995384,0.3330393786699538
lam0.5_n0.5,0.5,0.5,-0.88,0.11914346283974186,0.3448307883433578,0.923069495743743,0.9533410041797117,0.03448307883433578,0.3448307883433578
lam0.5_n0.5,0.5,0.5,-0.875,0.12374445820207941,0.3564191213711473,0.91733009599281,0.9538551104147555,0.03564191213711473,0.3564191213711473
lam0.5_n0.5,0.5,0.5,-0.87,0.12831677822431448,0.36780678708760034,0.9115993505982873,0.9543666298456822,0.036780678708760034,0.36780678708760034
lam0.5_n0.5,0.5,0.5,-0.865,0.13286046604170476,0.37899617859614976,0.9058772049615674,0.9548755562700115,0.03789961785961498,0.37899617859614976
lam0.5_n0.5,0.5,0.5,-0.86,0.1373755645166823,0.3899896728136431,0.900163604551194,0.9553818835285849,0.038998967281364316,0.3899896728136431
lam0.5_n0.5,0.5,0.5,-0.855,0.14186211623919076,0.4007896305143157,0.8944584949031115,0.9558856055055012,0.040078963051431576,0.4007896305143157
lam0.5_n0.5,0.5,0.5,-0.85,0.14632016352702237,0.4113983963734775,0.8887618216209046,0.9563867161280493,0.041139839637347755,0.4113983963734775
lam0.5_n0.5,0.5,0.5,-0.845,0.1507497484261569,0.42181829901091383,0.8830735303760239,0.9568852093666405,0.042181829901091386,0.42181829901091383
lam0.5_n0.5,0.5,0.5,-0.84,0.15515091271110099,0.43205165103399656,0.8773935669080027,0.957381079234738,0.04320516510339966,0.43205165103399656
lam0.5_n0.5,0.5,0.5,-0.835,0.15952369788523005,0.4421007490805125,0.8717218770246599,0.9578743197887861,0.044210074908051254,0.4421007490805125
lam0.5_n0.5,0.5,0.5,-0.83,0.16386814518113021,0.45196787386120624,0.8660584066022932,0.9583649251281366,0.045196787386120624,0.45196787386120624
lam0.5_n0.5,0.5,0.5,-0.825,0.16818429556093964,0.4616552902020337,0.8604031015858603,0.9588528893949746,0.04616552902020338,0.4616552902020337
lam0.5_n0.5,0.5,0.5,-0.8200000000000001,0.1724721897166937,0.47116524708613816,0.85475590798915,0.9593382067742419,0.04711652470861382,0.47116524708613816
lam0.5_n0.5,0.5,0.5,-0.815,0.17673186807066968,0.48049997769553554,0.8491167718949396,0.9598208714935608,0.04804999776955356,0.48049997769553554
lam0.5_n0.5,0.5,0.5,-0.81,0.18096337077573005,0.4896616994525163,0.843485639455145,0.960300877823154,0.04896616994525163,0.4896616994525163
lam0.5_n0.5,0.5,0.5,-0.8049999999999999,0.18516673771567219,0.49865261406076966,0.8378624568909557,0.9607782200757651,0.04986526140607697,0.49865261406076966
lam0.5_n0.5,0.5,0.5,-0.8,0.1893420085055706,0.5074749075462143,0.8322471704929634,0.961252892606577,0.05074749075462143,0.5074749075462143
lam0.5_n0.5,0.5,0.5,-0.7949999999999999,0.19348922249212822,0.516130750297559,0.8266397266212744,0.9617248898131286,0.0516130750297559,0.516130750297559
lam0.5_n0.5,0.5,0.5,-0.79,0.1976084187540217,0.5246222971065684,0.8210400717056172,0.9621942061352317,0.05246222971065684,0.5246222971065684
lam0.5_n0.5,0.5,0.5,-0.785,0.2016996361022509,0.5329516872080566,0.8154481522454339,0.9626608360548844,0.05329516872080567,0.5329516872080566
lam0.5_n0.5,0.5,0.5,-0.78,0.2057629130804869,0.5411210443195944,0.8098639148099648,0.9631247740961859,0.05411210443195944,0.5411210443195944
lam0.5_n0.5,0.5,0.5,-0.775,0.20979828796542194,0.5491324766809337,0.8042873060383205,0.9635860148252481,0.05491324766809337,0.5491324766809337
lam0.5_n0.5,0.5,0.5,-0.77,0.21380579876711886,0.5569880770931577,0.7987182726395453,0.9640445528501066,0.05569880770931577,0.5569880770931577
lam0.5_n0.5,0.5,0.5,-0.765,0.2177854832293601,0.5646899229575442,0.7931567613926673,0.9645003828206317,0.05646899229575442,0.5646899229575442
lam0.5_n0.5,0.5,0.5,-0.76,0.22173737882999878,0.5722400763141526,0.7876027191467411,0.9649534994284368,0.05722400763141527,0.5722400763141526
lam0.5_n0.5,0.5,0.5,-0.755,0.22566152278130835,0.5796405838801315,0.7820560928208787,0.9654038974067867,0.057964058388013155,0.5796405838801315
lam0.5_n0.5,0.5,0.5,-0.75,0.2295579520303327,0.5868934770877444,0.7765168294042708,0.9658515715305049,0.058689347708774445,0.5868934770877444
lam0.5_n0.5,0.5,0.5,-0.745,0.2334267032592372,0.5940007721221219,0.7709848759561984,0.966296516615879,0.05940007721221219,0.5940007721221219
lam0.5_n0.5,0.5,0.5,-0.74,0.23726781288565868,0.6009644699587302,0.7654601796060321,0.9667387275205669,0.06009644699587302,0.6009644699587302
lam0.5_n0.5,0.5,0.5,-0.735,0.2410813170630564,0.607786556400566,0.7599426875532251,0.9671781991435003,0.060778655640056606,0.607786556400566
lam0.5_n0.5,0.5,0.5,-0.73,0.24486725168106133,0.6144690021150727,0.7544323470672936,0.9676149264247887,0.061446900211507276,0.6144690021150727
lam0.5_n0.5,0.5,0.5,-0.725,0.24862565236582782,0.6210137626707789,0.7489291054877882,0.9680489043456217,0.062101376267077894,0.6210137626707789
lam0.5_n0.5,0.5,0.5,-0.72,0.25235655448038274,0.6274227785736627,0.7434329102242561,0.968480127928171,0.06274227785736627,0.6274227785736627
lam0.5_n0.5,0.5,0.5,-0.715,0.25605999312497535,0.6336979753032385,0.7379437087561928,0.9689085922354911,0.06336979753032385,0.6336979753032385
lam0.5_n0.5,0.5,0.5,-0.71,0.25973600313742723,0.6398412633483681,0.7324614486329848,0.9693342923714207,0.06398412633483681,0.6398412633483681
lam0.5_n0.5,0.5,0.5,-0.7050000000000001,0.2633846190934818,0.6458545382427987,0.7269860774738431,0.9697572234804811,0.06458545382427987,0.6458545382427987
lam0.5_n0.5,0.5,0.5,-0.7,0.26700587530715314,0.6517396806004242,0.7215175429677267,0.9701773807477759,0.06517396806004243,0.6517396806004242
lam0.5_n0.5,0.5,0.5,-0.6950000000000001,0.27059980583107335,0.6574985561502732,0.7160557928732574,0.9705947593988892,0.06574985561502732,0.6574985561502732
lam0.5_n0.5,0.5,0.5,-0.69,0.2741664444568425,0.6631330157712244,0.7106007750186237,0.9710093546997836,0.06631330157712244,0.6631330157712244
lam0.5_n0.5,0.5,0.5,-0.685,0.2777058247153748,0.6686448955264462,0.7051524373014796,0.9714211619566967,0.06686448955264462,0.6686448955264462
lam0.5_n0.5,0.5,0.5,-0.6799999999999999,0.28121797987724656,0.6740360166975671,0.6997107276888287,0.9718301765160382,0.06740360166975672,0.6740360166975671
lam0.5_n0.5,0.5,0.5,-0.675,0.284702942953042,0.6793081858185702,0.6942755942169042,0.9722363937642865,0.06793081858185702,0.6793081858185702
lam0.5_n0.5,0.5,0.5,-0.6699999999999999,0.2881607466936991,0.6844631947094187,0.6888469849910369,0.9726398091278832,0.06844631947094187,0.6844631947094187
lam0.5_n0.5,0.5,0.5,-0.665,0.29159142359085544,0.6895028205094079,0.6834248481855169,0.973040418073129,0.0689502820509408,0.6895028205094079
lam0.5_n0.5,0.5,0.5,-0.6599999999999999,0.2949950058771916,0.6944288257102481,0.678009132043443,0.9734382161060787,0.06944288257102481,0.6944288257102481
lam0.5_n0.5,0.5,0.5,-0.655,0.2983715255267754,0.6992429581888747,0.6725997848765685,0.9738331987724346,0.06992429581888747,0.6992429581888747
lam0.5_n0.5,0.5,0.5,-0.6499999999999999,0.3017210142554055,0.7039469512399917,0.6671967550651323,0.9742253616574414,0.07039469512399918,0.7039469512399917
lam0.5_n0.5,0.5,0.5,-0.645,0.30504350352095166,0.7085425236083416,0.6617999910576879,0.9746147003857795,0.07085425236083416,0.7085425236083416
lam0.5_n0.5,0.5,0.5,-0.64,0.30833902452369744,0.7130313795207098,0.6564094413709182,0.9750012106214577,0.07130313795207098,0.7130313795207098
lam0.5_n0.5,0.5,0.5,-0.635,0.31160760820667954,0.7174152087176577,0.6510250545894457,0.9753848880677081,0.07174152087176577,0.7174152087176577
lam0.5_n0.5,0.5,0.5,-0.63,0.31484928525602696,0.7216956864849887,0.6456467793656339,0.9757657284668758,0.07216956864849887,0.7216956864849887
lam0.5_n0.5,0.5,0.5,-0.625,0.31806408610129966,0.7258744736849471,0.6402745644193785,0.9761437276003149,0.0725874473684947,0.7258744736849471
lam0.5_n0.5,0.5,0.5,-0.62,0.3212520409158257,0.7299532167871481,0.6349083585378927,0.9765188812882781,0.07299532167871481,0.7299532167871481
lam0.5_n0.5,0.5,0.5,-0.615,0.32441317961703664,0.7339335478992425,0.6295481105754839,0.9768911853898106,0.07339335478992424,0.7339335478992425
lam0.5_n0.5,0.5,0.5,-0.61,0.32754753186680274,0.7378170847973142,0.6241937694533215,0.9772606358026409,0.07378170847973142,0.7378170847973142
lam0.5_n0.5,0.5,0.5,-0.605,0.33065512707176736,0.7416054309560122,0.6188452841591979,0.9776272284630738,0.07416054309560122,0.7416054309560122
lam0.5_n0.5,0.5,0.5,-0.6,0.3337359943836784,0.7453001755784159,0.6135026037472818,0.977990959345881,0.0745300175578416,0.7453001755784159
lam0.5_n0.5,0.5,0.5,-0.595,0.3367901626997203,0.7489028936256376,0.6081656773378624,0.978351824464194,0.07489028936256376,0.7489028936256376
lam0.5_n0.5,0.5,0.5,-0.59,0.3398176606628433,0.7524151458461588,0.6028344541170878,0.9787098198693949,0.07524151458461588,0.7524151458461588
lam0.5_n0.5,0.5,0.5,-0.585,0.3428185166620927,0.7558384788049022,0.5975088833366946,0.9790649416510082,0.07558384788049022,0.7558384788049022
lam0.5_n0.5,0.5,0.5,-0.5800000000000001,0.34579275883293575,0.7591744249120413,0.5921889143137303,0.9794171859365931,0.07591744249120413,0.7591744249120413
lam0.5_n0.5,0.5,0.5,-0.575,0.34874041505758807,0.7624245024515465,0.5868744964302686,0.9797665488916342,0.07624245024515465,0.7624245024515465
lam0.5_n0.5,0.5,0.5,-0.5700000000000001,0.3516615129653371,0.7655902156094662,0.5815655791331175,0.9801130267194337,0.07655902156094663,0.7655902156094662
lam0.5_n0.5,0.5,0.5,-0.565,0.3545560799328658,0.7686730545019501,0.5762621119335186,0.9804566156610033,0.07686730545019502,0.7686730545019501
lam0.5_n0.5,0.5,0.5,-0.56,0.3574241430845735,0.7716744952030057,0.5709640444068427,0.9807973119949561,0.07716744952030058,0.7716744952030057
lam0.5_n0.5,0.5,0.5,-0.5549999999999999,0.3602657292928966,0.7745959997719968,0.5656713261922736,0.9811351120373981,0.07745959997719969,0.7745959997719968
lam0.5_n0.5,0.5,0.5,-0.55,0.3630808651786256,0.7774390162808795,0.5603839069924895,0.9814700121418214,0.07774390162808796,0.7774390162808795
lam0.5_n0.5,0.5,0.5,-0.5449999999999999,0.3658695771112232,0.7802049788411787,0.5551017365733342,0.9818020086989951,0.07802049788411787,0.7802049788411787
lam0.5_n0.5,0.5,0.5,-0.54,0.36863189120913775,0.7828953076307021,0.5498247647634832,0.9821310981368593,0.07828953076307021,0.7828953076307021
lam0.5_n0.5,0.5,0.5,-0.5349999999999999,0.37136783334011786,0.785511408919999,0.5445529414541018,0.9824572769204166,0.07855114089199991,0.785511408919999
lam0.5_n0.5,0.5,0.5,-0.53,0.3740774291215233,0.7880546750985545,0.5392862165984986,0.9827805415516262,0.07880546750985545,0.7880546750985545
lam0.5_n0.5,0.5,0.5,-0.5249999999999999,0.37676070392063493,0.7905264847007294,0.5340245402117691,0.9831008885692958,0.07905264847007294,0.7905264847007294
lam0.5_n0.5,0.5,0.5,-0.52,0.379417682854963,0.792928202431439,0.5287678623704365,0.9834183145489768,0.07929282024314391,0.792928202431439
lam0.5_n0.5,0.5,0.5,-0.515,0.3820483907925532,0.7952611791915755,0.5235161332120823,0.9837328161028567,0.07952611791915755,0.7952611791915755
lam0.5_n0.5,0.5,0.5,-0.51,0.38465285235229085,0.7975267521031717,0.5182693029349742,0.9840443898796535,0.07975267521031718,0.7975267521031717
lam0.5_n0.5,0.5,0.5,-0.505,0.3872310919042035,0.7997262445343095,0.5130273217976845,0.9843530325645109,0.07997262445343095,0.7997262445343095
lam0.5_n0.5,0.5,0.5,-0.5,0.3897831335697615,0.8018609661237691,0.5077901401187045,0.9846587408788926,0.08018609661237691,0.8018609661237691
lam0.5_n0.5,0.5,0.5,-0.495,0.392309001222177,0.8039322128054248,0.5025577082760512,0.9849615115804774,0.08039322128054249,0.8039322128054248
lam0.5_n0.5,0.5,0.5,-0.49,0.3948087184866996,0.8059412668323829,0.49732997670686924,0.9852613414630552,0.08059412668323829,0.8059412668323829
lam0.5_n0.5,0.5,0.5,-0.485,0.3972823087409122,0.8078893968008654,0.4921068959070258,0.9855582273564227,0.08078893968008655,0.8078893968008654
lam0.5_n0.5,0.5,0.5,-0.48,0.3997297951150226,0.809777857673838,0.48688841643069986,0.9858521661262806,0.0809777857673838,0.809777857673838
lam0.5_n0.5,0.5,0.5,-0.475,0.4021512004921546,0.8116078908043854,0.48167448888996584,0.9861431546741297,0.08116078908043856,0.8116078908043854
lam0.5_n0.5,0.5,0.5,-0.47,0.4045465475086363,0.8133807239588291,0.47646506395437144,0.986431189937169,0.08133807239588292,0.8133807239588291
lam0.5_n0.5,0.5,0.5,-0.46499999999999997,0.40691585855428597,0.8150975713395952,0.47126009235050936,0.9867162688881932,0.08150975713395953,0.8150975713395952
lam0.5_n0.5,0.5,0.5,-0.45999999999999996,0.4092591557726969,0.8167596336078259,0.4660595248615837,0.9869983885354916,0.08167596336078259,0.8167596336078259
lam0.5_n0.5,0.5,0.5,-0.45499999999999996,0.4115764610615189,0.8183680979057407,0.46086331232697064,0.9872775459227467,0.08183680979057407,0.8183680979057407
lam0.5_n0.5,0.5,0.5,-0.44999999999999996,0.4138677960727381,0.8199241378787432,0.45567140564177394,0.9875537381289345,0.08199241378787432,0.8199241378787432
lam0.5_n0.5,0.5,0.5,-0.44499999999999995,0.4161331822129546,0.8214289136972766,0.45048375575637456,0.9878269622682238,0.08214289136972766,0.8214289136972766
lam0.5_n0.5,0.5,0.5,-0.43999999999999995,0.41837264064365776,0.8228835720784272,0.4453003136759752,0.9880972154898771,0.08228835720784272,0.8228835720784272
lam0.5_n0.5,0.5,0.5,-0.43499999999999994,0.42058619228149896,0.8242892463072776,0.44012103046013956,0.9883644949781526,0.08242892463072776,0.8242892463072776
lam0.5_n0.5,0.5,0.5,-0.42999999999999994,0.4227738577985622,0.8256470562580075,0.434945857222326,0.9886287979522059,0.08256470562580076,0.8256470562580075
lam0.5_n0.5,0.5,0.5,-0.42499999999999993,0.42493565762263263,0.8269581084147449,0.429774745129417,0.9888901216659921,0.0826958108414745,0.8269581084147449
lam0.5_n0.5,0.5,0.5,-0.42000000000000004,0.42707161193746235,0.8282234958921679,0.4246076454012425,0.9891484634081698,0.0828223495892168,0.8282234958921679
lam0.5_n0.5,0.5,0.5,-0.41500000000000004,0.42918174068303416,0.8294442984558543,0.41944450931009847,0.9894038205020045,0.08294442984558544,0.8294442984558543
lam0.5_n0.5,0.5,0.5,-0.41000000000000003,0.43126606355582225,0.8306215825423856,0.4142852881802614,0.989656190305274,0.08306215825423857,0.8306215825423856
lam0.5_n0.5,0.5,0.5,-0.405,0.43332460000905126,0.8317564012791978,0.40912993338749676,0.9899055702101729,0.08317564012791978,0.8317564012791978
lam0.5_n0.5,0.5,0.5,-0.4,0.4353573692529523,0.8328497945041875,0.40397839635856353,0.9901519576432193,0.08328497945041875,0.8328497945041875
lam0.5_n0.5,0.5,0.5,-0.395,0.4373643902550167,0.8339027887850671,0.3988306285707132,0.9903953500651618,0.08339027887850671,0.8339027887850671
lam0.5_n0.5,0.5,0.5,-0.39,0.43934568174024735,0.8349163974384728,0.39368658155118524,0.9906357449708864,0.08349163974384728,0.8349163974384728
lam0.5_n0.5,0.5,0.5,-0.385,0.441301262191407,0.8358916205488264,0.38854620687669683,0.9908731398893255,0.08358916205488265,0.8358916205488264
lam0.5_n0.5,0.5,0.5,-0.38,0.4432311498492648,0.836829444986948,0.38340945617292865,0.9911075323833669,0.0836829444986948,0.836829444986948
lam0.5_n0.5,0.5,0.5,-0.375,0.4451353627128397,0.8377308444284235,0.3782762811140065,0.9913389200497635,0.08377308444284236,0.8377308444284235
lam0.5_n0.5,0.5,0.5,-0.37,0.4470139185396411,0.8385967793717246,0.37314663342197774,0.9915673005190446,0.08385967793717247,0.8385967793717246
lam0.5_n0.5,0.5,0.5,-0.365,0.4488668348459074,0.8394281971560836,0.36802046486628404,0.9917926714554272,0.08394281971560837,0.8394281971560836
lam0.5_n0.5,0.5,0.5,-0.36,0.4506941289068417,0.840226031979122,0.36289772726322966,0.9920150305567281,0.08402260319791222,0.840226031979122
lam0.5_n0.5,0.5,0.5,-0.355,0.45249581775684444,0.8409912049142336,0.3577783724754458,0.9922343755542783,0.08409912049142337,0.8409912049142336
lam0.5_n0.5,0.5,0.5,-0.35,0.4542719181897443,0.841724623927723,0.35266235241135035,0.9924507042128359,0.0841724623927723,0.841724623927723
lam0.5_n0.5,0.5,0.5,-0.345,0.4560224467590249,0.8424271838956987,0.34754961902460396,0.992664014330502,0.08424271838956987,0.8424271838956987
lam0.5_n0.5,0.5,0.5,-0.33999999999999997,0.4577474197780506,0.8430997666207238,0.3424401243135619,0.9928743037386366,0.08430997666207239,0.8430997666207238
lam0.5_n0.5,0.5,0.5,-0.33499999999999996,0.45944685332028773,0.8437432408482192,0.3373338203207225,0.9930815703017751,0.08437432408482193,0.8437432408482192
lam0.5_n0.5,0.5,0.5,-0.32999999999999996,0.46112076321952444,0.8443584622826263,0.33223065913217087,0.9932858119175465,0.08443584622826264,0.8443584622826263
lam0.5_n0.5,0.5,0.5,-0.32499999999999996,0.46276916507008736,0.8449462736033257,0.32713059287701957,0.9934870265165918,0.08449462736033259,0.8449462736033257
lam0.5_n0.5,0.5,0.5,-0.31999999999999995,0.4643920742270546,0.8455075044803104,0.3220335737268453,0.9936852120624842,0.08455075044803105,0.8455075044803104
lam0.5_n0.5,0.5,0.5,-0.31499999999999995,0.46598950580646753,0.8460429715896195,0.31693955389512196,0.9938803665516491,0.08460429715896195,0.8460429715896195
lam0.5_n0.5,0.5,0.5,-0.30999999999999994,0.46756147468553827,0.8465534786285279,0.3118484856366497,0.9940724880132863,0.0846553478628528,0.8465534786285279
lam0.5_n0.5,0.5,0.5,-0.30499999999999994,0.4691079955028552,0.8470398163304939,0.3067603212469814,0.9942615745092921,0.08470398163304939,0.8470398163304939
lam0.5_n0.5,0.5,0.5,-0.29999999999999993,0.47062908265858483,0.8475027624798647,0.3016750130618444,0.9944476241341835,0.08475027624798648,0.8475027624798647
lam0.5_n0.5,0.5,0.5,-0.29500000000000004,0.47212475031467194,0.8479430819263412,0.2965925134565603,0.994630635015022,0.08479430819263412,0.8479430819263412
lam0.5_n0.5,0.5,0.5,-0.29000000000000004,0.4735950123950353,0.848361526599201,0.2915127748454596,0.99481060531134,0.08483615265992012,0.848361526599201
lam0.5_n0.5,0.5,0.5,-0.28500000000000003,0.4750398825857621,0.8487588355212807,0.28643574968129487,0.9949875332150672,0.08487588355212808,0.8487588355212807
lam0.5_n0.5,0.5,0.5,-0.28,0.47645937433529756,0.8491357348227173,0.28136139045464953,0.9951614169504577,0.08491357348227174,0.8491357348227173
lam0.5_n0.5,0.5,0.5,-0.275,0.47785350085463363,0.8494929377544486,0.27628964969334385,0.9953322547740198,0.08494929377544486,0.8494929377544486
lam0.5_n0.5,0.5,0.5,-0.27,0.47922227511749294,0.8498311447014757,0.27122047996183773,0.995500044974445,0.08498311447014757,0.8498311447014757
lam0.5_n0.5,0.5,0.5,-0.265,0.48056570986051084,0.8501510431958826,0.2661538338606305,0.995664785872539,0.08501510431958827,0.8501510431958826
lam0.5_n0.5,0.5,0.5,-0.26,0.48188381758341403,0.8504533079296194,0.2610896640256579,0.9958264758211538,0.08504533079296195,0.8504533079296194
lam0.5_n0.5,0.5,0.5,-0.255,0.48317661054919625,0.8507386007670426,0.25602792312768574,0.9959851132051207,0.08507386007670426,0.8507386007670426
lam0.5_n0.5,0.5,0.5,-0.25,0.4844441007842908,0.8510075707572202,0.25096856387170097,0.9961406964411842,0.08510075707572202,0.8510075707572202
lam0.5_n0.5,0.5,0.5,-0.245,0.48568630007874025,0.8512608541459955,0.24591153899629997,0.9962932239779375,0.08512608541459955,0.8512608541459955
lam0.5_n0.5,0.5,0.5,-0.24,0.4869032199863629,0.8514990743878127,0.24085680127307402,0.9964426942957587,0.08514990743878127,0.8514990743878127
lam0.5_n0.5,0.5,0.5,-0.235,0.4880948718249161,0.8517228421573048,0.23580430350599196,0.9965891059067481,0.08517228421573048,0.8517228421573048
lam0.5_n0.5,0.5,0.5,-0.22999999999999998,0.4892612666762569,0.8519327553606435,0.2307539985307804,0.9967324573546671,0.08519327553606436,0.8519327553606435
lam0.5_n0.5,0.5,0.5,-0.22499999999999998,0.4904024153864989,0.8521293991466505,0.2257058392143012,0.996872747214878,0.08521293991466505,0.8521293991466505
lam0.5_n0.5,0.5,0.5,-0.21999999999999997,0.4915183285661666,0.8523133459176724,0.22065977845392673,0.9970099740942842,0.08523133459176724,0.8523133459176724
lam0.5_n0.5,0.5,0.5,-0.21499999999999997,0.49260901659034645,0.8524851553402164,0.21561576917691225,0.9971441366312729,0.08524851553402164,0.8524851553402164
lam0.5_n0.5,0.5,0.5,-0.20999999999999996,0.4936744895988343,0.8526453743553517,0.2105737643397661,0.9972752334956583,0.08526453743553518,0.8526453743553517
lam0.5_n0.5,0.5,0.5,-0.20499999999999996,0.49471475749628063,0.8527945371888708,0.20553371692761782,0.9974032633886254,0.08527945371888708,0.8527945371888708
lam0.5_n0.5,0.5,0.5,-0.19999999999999996,0.4957298299523317,0.8529331653612167,0.20049557995358333,0.9975282250426762,0.08529331653612167,0.8529331653612167
lam0.5_n0.5,0.5,0.5,-0.19499999999999995,0.49671971640176793,0.8530617676971721,0.1954593064581286,0.997650117221576,0.08530617676971722,0.8530617676971721
lam0.5_n0.5,0.5,0.5,-0.18999999999999995,0.4976844260446392,0.8531808403353135,0.19042484950843067,0.9977689387203013,0.08531808403353136,0.8531808403353135
lam0.5_n0.5,0.5,0.5,-0.18499999999999994,0.4986239678463966,0.8532908667372272,0.1853921621977366,0.9978846883649893,0.08532908667372273,0.8532908667372272
lam0.5_n0.5,0.5,0.5,-0.17999999999999994,0.49953835053802154,0.8533923176964925,0.18036119764472072,0.9979973650128877,0.08533923176964925,0.8533923176964925
lam0.5_n0.5,0.5,0.5,-0.17499999999999993,0.5004275826161507,0.853485651347426,0.17533190899283932,0.9981069675523071,0.08534856513474261,0.853485651347426
lam0.5_n0.5,0.5,0.5,-0.16999999999999993,0.5012916723431989,0.8535713131735936,0.17030424940968392,0.9982134949025724,0.08535713131735936,0.8535713131735936
lam0.5_n0.5,0.5,0.5,-0.16500000000000004,0.5021306277474779,0.8536497360160834,0.1652781720863323,0.9983169460139784,0.08536497360160834,0.8536497360160834
lam0.5_n0.5,0.5,0.5,-0.16000000000000003,0.5029444566233119,0.8537213400815475,0.16025363023669767,0.9984173198677432,0.08537213400815476,0.8537213400815475
lam0.5_n0.5,0.5,0.5,-0.15500000000000003,0.5037331665311507,0.8537865329500061,0.15523057709687652,0.9985146154759664,0.0853786532950006,0.8537865329500061
lam0.5_n0.5,0.5,0.5,-0.15000000000000002,0.5044967647976787,0.8538457095824172,0.15020896592449412,0.9986088318815859,0.08538457095824173,0.8538457095824172
lam0.5_n0.5,0.5,0.5,-0.14500000000000002,0.5052352585159207,0.8538992523280133,0.14518874999804876,0.9986999681583368,0.08538992523280134,0.8538992523280133
lam0.5_n0.5,0.5,0.5,-0.14,0.5059486545453449,0.8539475309314015,0.1401698826162542,0.9987880234107117,0.08539475309314015,0.8539475309314015
lam0.5_n0.5,0.5,0.5,-0.135,0.5066369595119622,0.8539909025394303,0.13515231709738065,0.9988729967739222,0.08539909025394304,0.8539909025394303
lam0.5_n0.5,0.5,0.5,-0.13,0.5073001798084223,0.8540297117078227,0.1301360067785941,0.9989548874138615,0.08540297117078227,0.8540297117078227
lam0.5_n0.5,0.5,0.5,-0.125,0.507938321594107,0.8540642904075741,0.1251209050152944,0.9990336945270687,0.08540642904075742,0.8540642904075741
lam0.5_n0.5,0.5,0.5,-0.12,0.5085513907952187,0.8540949580311177,0.1201069651804516,0.9991094173406938,0.08540949580311177,0.8540949580311177
lam0.5_n0.5,0.5,0.5,-0.11499999999999999,0.5091393931048674,0.8541220213982543,0.11509414066394143,0.9991820551124638,0.08541220213982544,0.8541220213982543
lam0.5_n0.5,0.5,0.5,-0.10999999999999999,0.5097023339831537,0.8541457747618509,0.11008238487187898,0.9992516071306515,0.0854145774761851,0.8541457747618509
lam0.5_n0.5,0.5,0.5,-0.10499999999999998,0.5102402186572474,0.8541664998133036,0.10507165122595145,0.9993180727140436,0.08541664998133036,0.8541664998133036
lam0.5_n0.5,0.5,0.5,-0.09999999999999998,0.5107530521214649,0.854184465687768,0.10006189316274965,0.9993814512119114,0.0854184465687768,0.854184465687768
lam0.5_n0.5,0.5,0.5,-0.09499999999999997,0.5112408391373409,0.854199928969157,0.09505306413309819,0.9994417420039831,0.08541999289691571,0.854199928969157
lam0.5_n0.5,0.5,0.5,-0.08999999999999997,0.5117035842336987,0.8542131336949038,0.09004511760138488,0.9994989445004154,0.08542131336949038,0.8542131336949038
lam0.5_n0.5,0.5,0.5,-0.08499999999999996,0.5121412917067157,0.8542243113604941,0.08503800704488883,0.9995530581417695,0.08542243113604941,0.8542243113604941
lam0.5_n0.5,0.5,0.5,-0.07999999999999996,0.5125539656199872,0.8542336809237632,0.08003168595310771,0.9996040823989849,0.08542336809237633,0.8542336809237632
lam0.5_n0.5,0.5,0.5,-0.07499999999999996,0.5129416098045844,0.8542414488089606,0.07502610782708405,0.9996520167733575,0.08542414488089606,0.8542414488089606
lam0.5_n0.5,0.5,0.5,-0.06999999999999995,0.5133042278591116,0.8542478089105842,0.07002122617873068,0.999696860796517,0.08542478089105843,0.8542478089105842
lam0.5_n0.5,0.5,0.5,-0.06499999999999995,0.5136418231497584,0.8542529425969779,0.06501699453015522,0.9997386140304073,0.0854252942596978,0.8542529425969779
lam0.5_n0.5,0.5,0.5,-0.05999999999999994,0.5139543988103487,0.8542570187137002,0.06001336641298405,0.999777276067266,0.08542570187137002,0.8542570187137002
lam0.5_n0.5,0.5,0.5,-0.05499999999999994,0.5142419577423872,0.8542601935866578,0.05501029536768531,0.9998128465296077,0.08542601935866578,0.8542601935866578
lam0.5_n0.5,0.5,0.5,-0.04999999999999993,0.5145045026151018,0.8542626110250082,0.05000773494289134,0.9998453250702068,0.08542626110250083,0.8542626110250082
lam0.5_n0.5,0.5,0.5,-0.04499999999999993,0.5147420358654822,0.8542644023238288,0.045005638694720546,0.9998747113720824,0.08542644023238288,0.8542644023238288
lam0.5_n0.5,0.5,0.5,-0.040000000000000036,0.514954559698316,0.8542656862665553,0.040003960186098704,0.9999010051484842,0.08542656862665554,0.8542656862665553
lam0.5_n0.5,0.5,0.5,-0.03500000000000003,0.5151420760862214,0.8542665691271851,0.03500265298607926,0.9999242061428805,0.08542665691271852,0.8542665691271851
lam0.5_n0.5,0.5,0.5,-0.030000000000000027,0.5153045867696755,0.8542671446722521,0.030001670669164326,0.9999443141289456,0.08542671446722522,0.8542671446722521
lam0.5_n0.5,0.5,0.5,-0.025000000000000022,0.51544209325704,0.854267494162565,0.025000966814624014,0.9999613289105513,0.0854267494162565,0.854267494162565
lam0.5_n0.5,0.5,0.5,-0.020000000000000018,0.5155545968245838,0.8542676863547181,0.0200004950058161,0.9999752503217576,0.08542676863547181,0.8542676863547181
lam0.5_n0.5,0.5,0.5,-0.015000000000000013,0.515642098516501,0.8542677775023656,0.015000208829505214,0.9999860782268051,0.08542677775023656,0.8542677775023656
lam0.5_n0.5,0.5,0.5,-0.010000000000000009,0.515704599144927,0.8542678113572675,0.010000061875181765,0.9999938125201095,0.08542678113572676,0.8542678113572675
lam0.5_n0.5,0.5,0.5,-0.0050000000000000044,0.5157420992899497,0.8542678191701002,0.005000007734380685,0.9999984531262568,0.08542678191701003,0.8542678191701002
lam0.5_n0.5,0.5,0.5,0.0,0.5157545992996186,0.854267819691038,0.0,1.0,0.0854267819691038,0.854267819691038
lam0.5_n0.5,0.5,0.5,0.0050000000000001155,0.5157420992899497,0.8542678191701002,0.005000007734380796,0.9999984531262568,0.08542678191701003,0.8542678191701002
lam0.5_n0.5,0.5,0.5,0.010000000000000009,0.515704599144927,0.8542678113572675,0.010000061875181765,0.9999938125201095,0.08542678113572676,0.8542678113572675
lam0.5_n0.5,0.5,0.5,0.015000000000000124,0.515642098516501,0.8542677775023656,0.015000208829505325,0.9999860782268051,0.08542677775023656,0.8542677775023656
lam0.5_n0.5,0.5,0.5,0.020000000000000018,0.5155545968245838,0.8542676863547181,0.0200004950058161,0.9999752503217576,0.08542676863547181,0.8542676863547181
lam0.5_n0.5,0.5,0.5,0.02499999999999991,0.51544209325704,0.854267494162565,0.025000966814623903,0.9999613289105513,0.0854267494162565,0.854267494162565
lam0.5_n0.5,0.5,0.5,0.030000000000000027,0.5153045867696755,0.8542671446722521,0.030001670669164326,0.9999443141289456,0.08542671446722522,0.8542671446722521
lam0.5_n0.5,0.5,0.5,0.03499999999999992,0.5151420760862214,0.8542665691271851,0.03500265298607915,0.9999242061428805,0.08542665691271852,0.8542665691271851
lam0.5_n0.5,0.5,0.5,0.040000000000000036,0.514954559698316,0.8542656862665553,0.040003960186098704,0.9999010051484842,0.08542656862665554,0.8542656862665553
lam0.5_n0.5,0.5,0.5,0.04499999999999993,0.5147420358654822,0.8542644023238288,0.045005638694720546,0.9998747113720824,0.08542644023238288,0.8542644023238288
lam0.5_n0.5,0.5,0.5,0.050000000000000044,0.5145045026151018,0.8542626110250082,0.05000773494289145,0.9998453250702068,0.08542626110250083,0.8542626110250082
lam0.5_n0.5,0.5,0.5,0.05499999999999994,0.5142419577423872,0.8542601935866578,0.05501029536768531,0.9998128465296077,0.08542601935866578,0.8542601935866578
lam0.5_n0.5,0.5,0.5,0.06000000000000005,0.5139543988103487,0.8542570187137002,0.06001336641298416,0.999777276067266,0.08542570187137002,0.8542570187137002
lam0.5_n0.5,0.5,0.5,0.06499999999999995,0.5136418231497584,0.8542529425969779,0.06501699453015522,0.9997386140304073,0.0854252942596978,0.8542529425969779
lam0.5_n0.5,0.5,0.5,0.07000000000000006,0.5133042278591116,0.8542478089105842,0.07002122617873079,0.999696860796517,0.08542478089105843,0.8542478089105842
lam0.5_n0.5,0.5,0.5,0.07499999999999996,0.5129416098045844,0.8542414488089606,0.07502610782708405,0.9996520167733575,0.08542414488089606,0.8542414488089606
lam0.5_n0.5,0.5,0.5,0.08000000000000007,0.5125539656199872,0.8542336809237632,0.08003168595310782,0.9996040823989849,0.08542336809237633,0.8542336809237632
lam0.5_n0.5,0.5,0.5,0.08499999999999996,0.5121412917067157,0.8542243113604941,0.08503800704488883,0.9995530581417695,0.08542243113604941,0.8542243113604941
lam0.5_n0.5,0.5,0.5,0.09000000000000008,0.5117035842336987,0.8542131336949038,0.09004511760138499,0.9994989445004154,0.08542131336949038,0.8542131336949038
lam0.5_n0.5,0.5,0.5,0.09499999999999997,0.5112408391373409,0.854199928969157,0.09505306413309819,0.9994417420039831,0.08541999289691571,0.854199928969157
lam0.5_n0.5,0.5,0.5,0.10000000000000009,0.5107530521214649,0.854184465687768,0.10006189316274976,0.9993814512119114,0.0854184465687768,0.854184465687768
lam0.5_n0.5,0.5,0.5,0.10499999999999998,0.5102402186572474,0.8541664998133036,0.10507165122595145,0.9993180727140436,0.08541664998133036,0.8541664998133036
lam0.5_n0.5,0.5,0.5,0.1100000000000001,0.5097023339831537,0.8541457747618509,0.11008238487187909,0.9992516071306515,0.0854145774761851,0.8541457747618509
lam0.5_n0.5,0.5,0.5,0.11499999999999999,0.5091393931048674,0.8541220213982543,0.11509414066394143,0.9991820551124638,0.08541220213982544,0.8541220213982543
lam0.5_n0.5,0.5,0.5,0.1200000000000001,0.5085513907952187,0.8540949580311177,0.1201069651804517,0.9991094173406938,0.08540949580311177,0.8540949580311177
lam0.5_n0.5,0.5,0.5,0.125,0.507938321594107,0.8540642904075741,0.1251209050152944,0.9990336945270687,0.08540642904075742,0.8540642904075741
lam0.5_n0.5,0.5,0.5,0.13000000000000012,0.5073001798084223,0.8540297117078227,0.13013600677859422,0.9989548874138615,0.08540297117078227,0.8540297117078227
lam0.5_n0.5,0.5,0.5,0.135,0.5066369595119622,0.8539909025394303,0.13515231709738065,0.9988729967739222,0.08539909025394304,0.8539909025394303
lam0.5_n0.5,0.5,0.5,0.14000000000000012,0.5059486545453449,0.8539475309314015,0.14016988261625432,0.9987880234107117,0.08539475309314015,0.8539475309314015
lam0.5_n0.5,0.5,0.5,0.14500000000000002,0.5052352585159207,0.8538992523280133,0.14518874999804876,0.9986999681583368,0.08538992523280134,0.8538992523280133
lam0.5_n0.5,0.5,0.5,0.15000000000000013,0.5044967647976787,0.8538457095824172,0.15020896592449423,0.9986088318815859,0.08538457095824173,0.8538457095824172
lam0.5_n0.5,0.5,0.5,0.15500000000000003,0.5037331665311507,0.8537865329500061,0.15523057709687652,0.9985146154759664,0.0853786532950006,0.8537865329500061
lam0.5_n0.5,0.5,0.5,0.15999999999999992,0.5029444566233119,0.8537213400815475,0.16025363023669756,0.9984173198677432,0.08537213400815476,0.8537213400815475
lam0.5_n0.5,0.5,0.5,0.16500000000000004,0.5021306277474779,0.8536497360160834,0.1652781720863323,0.9983169460139784,0.08536497360160834,0.8536497360160834
lam0.5_n0.5,0.5,0.5,0.16999999999999993,0.5012916723431989,0.8535713131735936,0.17030424940968392,0.9982134949025724,0.08535713131735936,0.8535713131735936
lam0.5_n0.5,0.5,0.5,0.17500000000000004,0.5004275826161507,0.853485651347426,0.17533190899283943,0.9981069675523071,0.08534856513474261,0.853485651347426
lam0.5_n0.5,0.5,0.5,0.17999999999999994,0.49953835053802154,0.8533923176964925,0.18036119764472072,0.9979973650128877,0.08533923176964925,0.8533923176964925
lam0.5_n0.5,0.5,0.5,0.18500000000000005,0.4986239678463966,0.8532908667372272,0.18539216219773672,0.9978846883649893,0.08532908667372273,0.8532908667372272
lam0.5_n0.5,0.5,0.5,0.18999999999999995,0.4976844260446392,0.8531808403353135,0.19042484950843067,0.9977689387203013,0.08531808403353136,0.8531808403353135
lam0.5_n0.5,0.5,0.5,0.19500000000000006,0.49671971640176793,0.8530617676971721,0.1954593064581287,0.997650117221576,0.08530617676971722,0.8530617676971721
lam0.5_n0.5,0.5,0.5,0.19999999999999996,0.4957298299523317,0.8529331653612167,0.20049557995358333,0.9975282250426762,0.08529331653612167,0.8529331653612167
lam0.5_n0.5,0.5,0.5,0.20500000000000007,0.49471475749628063,0.8527945371888708,0.20553371692761793,0.9974032633886254,0.08527945371888708,0.8527945371888708
lam0.5_n0.5,0.5,0.5,0.20999999999999996,0.4936744895988343,0.8526453743553517,0.2105737643397661,0.9972752334956583,0.08526453743553518,0.8526453743553517
lam0.5_n0.5,0.5,0.5,0.21500000000000008,0.49260901659034645,0.8524851553402164,0.21561576917691236,0.9971441366312729,0.08524851553402164,0.8524851553402164
lam0.5_n0.5,0.5,0.5,0.21999999999999997,0.4915183285661666,0.8523133459176724,0.22065977845392673,0.9970099740942842,0.08523133459176724,0.8523133459176724
lam0.5_n0.5,0.5,0.5,0.2250000000000001,0.4904024153864989,0.8521293991466505,0.22570583921430132,0.996872747214878,0.08521293991466505,0.8521293991466505
lam0.5_n0.5,0.5,0.5,0.22999999999999998,0.4892612666762569,0.8519327553606435,0.2307539985307804,0.9967324573546671,0.08519327553606436,0.8519327553606435
lam0.5_n0.5,0.5,0.5,0.2350000000000001,0.4880948718249161,0.8517228421573048,0.23580430350599207,0.9965891059067481,0.08517228421573048,0.8517228421573048
lam0.5_n0.5,0.5,0.5,0.24,0.4869032199863629,0.8514990743878127,0.24085680127307402,0.9964426942957587,0.08514990743878127,0.8514990743878127
lam0.5_n0.5,0.5,0.5,0.2450000000000001,0.48568630007874025,0.8512608541459955,0.24591153899630008,0.9962932239779375,0.08512608541459955,0.8512608541459955
lam0.5_n0.5,0.5,0.5,0.25,0.4844441007842908,0.8510075707572202,0.25096856387170097,0.9961406964411842,0.08510075707572202,0.8510075707572202
lam0.5_n0.5,0.5,0.5,0.2550000000000001,0.4831766105491962,0.8507386007670426,0.25602792312768585,0.9959851132051207,0.08507386007670426,0.8507386007670426
lam0.5_n0.5,0.5,0.5,0.26,0.48188381758341403,0.8504533079296194,0.2610896640256579,0.9958264758211538,0.08504533079296195,0.8504533079296194
lam0.5_n0.5,0.5,0.5,0.2650000000000001,0.4805657098605108,0.8501510431958826,0.26615383386063063,0.995664785872539,0.08501510431958827,0.8501510431958826
lam0.5_n0.5,0.5,0.5,0.27,0.47922227511749294,0.8498311447014757,0.27122047996183773,0.995500044974445,0.08498311447014757,0.8498311447014757
lam0.5_n0.5,0.5,0.5,0.27500000000000013,0.4778535008546336,0.8494929377544486,0.27628964969334396,0.9953322547740198,0.08494929377544486,0.8494929377544486
lam0.5_n0.5,0.5,0.5,0.28,0.47645937433529756,0.8491357348227173,0.28136139045464953,0.9951614169504577,0.08491357348227174,0.8491357348227173
lam0.5_n0.5,0.5,0.5,0.2849999999999999,0.47503988258576213,0.8487588355212807,0.28643574968129476,0.9949875332150672,0.08487588355212808,0.8487588355212807
lam0.5_n0.5,0.5,0.5,0.29000000000000004,0.4735950123950353,0.848361526599201,0.2915127748454596,0.99481060531134,0.08483615265992012,0.848361526599201
lam0.5_n0.5,0.5,0.5,0.29499999999999993,0.472124750314672,0.8479430819263412,0.2965925134565602,0.994630635015022,0.08479430819263412,0.8479430819263412
lam0.5_n0.5,0.5,0.5,0.30000000000000004,0.47062908265858483,0.8475027624798647,0.3016750130618445,0.9944476241341835,0.08475027624798648,0.8475027624798647
lam0.5_n0.5,0.5,0.5,0.30499999999999994,0.4691079955028552,0.8470398163304939,0.3067603212469814,0.9942615745092921,0.08470398163304939,0.8470398163304939
lam0.5_n0.5,0.5,0.5,0.31000000000000005,0.46756147468553827,0.8465534786285279,0.3118484856366498,0.9940724880132863,0.0846553478628528,0.8465534786285279
lam0.5_n0.5,0.5,0.5,0.31499999999999995,0.46598950580646753,0.8460429715896195,0.31693955389512196,0.9938803665516491,0.08460429715896195,0.8460429715896195
lam0.5_n0.5,0.5,0.5,0.32000000000000006,0.4643920742270546,0.8455075044803104,0.32203357372684543,0.9936852120624842,0.08455075044803105,0.8455075044803104
lam0.5_n0.5,0.5,0.5,0.32499999999999996,0.46276916507008736,0.8449462736033257,0.32713059287701957,0.9934870265165918,0.08449462736033259,0.8449462736033257
lam0.5_n0.5,0.5,0.5,0.33000000000000007,0.46112076321952444,0.8443584622826263,0.332230659132171,0.9932858119175465,0.08443584622826264,0.8443584622826263
lam0.5_n0.5,0.5,0.5,0.33499999999999996,0.45944685332028773,0.8437432408482192,0.3373338203207225,0.9930815703017751,0.08437432408482193,0.8437432408482192
lam0.5_n0.5,0.5,0.5,0.3400000000000001,0.4577474197780506,0.8430997666207238,0.342440124313562,0.9928743037386366,0.08430997666207239,0.8430997666207238
lam0.5_n0.5,0.5,0.5,0.345,0.4560224467590249,0.8424271838956987,0.34754961902460396,0.992664014330502,0.08424271838956987,0.8424271838956987
lam0.5_n0.5,0.5,0.5,0.3500000000000001,0.4542719181897443,0.841724623927723,0.35266235241135047,0.9924507042128359,0.0841724623927723,0.841724623927723
lam0.5_n0.5,0.5,0.5,0.355,0.45249581775684444,0.8409912049142336,0.3577783724754458,0.9922343755542783,0.08409912049142337,0.8409912049142336
lam0.5_n0.5,0.5,0.5,0.3600000000000001,0.4506941289068417,0.840226031979122,0.3628977272632298,0.9920150305567281,0.08402260319791222,0.840226031979122
lam0.5_n0.5,0.5,0.5,0.365,0.4488668348459074,0.8394281971560836,0.36802046486628404,0.9917926714554272,0.08394281971560837,0.8394281971560836
lam0.5_n0.5,0.5,0.5,0.3700000000000001,0.44701391853964106,0.8385967793717246,0.37314663342197785,0.9915673005190446,0.08385967793717247,0.8385967793717246
lam0.5_n0.5,0.5,0.5,0.375,0.4451353627128397,0.8377308444284235,0.3782762811140065,0.9913389200497635,0.08377308444284236,0.8377308444284235
lam0.5_n0.5,0.5,0.5,0.3800000000000001,0.44323114984926476,0.836829444986948,0.38340945617292876,0.9911075323833669,0.0836829444986948,0.836829444986948
lam0.5_n0.5,0.5,0.5,0.385,0.441301262191407,0.8358916205488264,0.38854620687669683,0.9908731398893255,0.08358916205488265,0.8358916205488264
lam0.5_n0.5,0.5,0.5,0.3900000000000001,0.4393456817402473,0.8349163974384728,0.39368658155118536,0.9906357449708864,0.08349163974384728,0.8349163974384728
lam0.5_n0.5,0.5,0.5,0.395,0.4373643902550167,0.8339027887850671,0.3988306285707132,0.9903953500651618,0.08339027887850671,0.8339027887850671
lam0.5_n0.5,0.5,0.5,0.40000000000000013,0.43535736925295226,0.8328497945041875,0.40397839635856364,0.9901519576432193,0.08328497945041875,0.8328497945041875
lam0.5_n0.5,0.5,0.5,0.405,0.43332460000905126,0.8317564012791978,0.40912993338749676,0.9899055702101729,0.08317564012791978,0.8317564012791978
lam0.5_n0.5,0.5,0.5,0.4099999999999999,0.4312660635558223,0.8306215825423856,0.4142852881802613,0.989656190305274,0.08306215825423857,0.8306215825423856
lam0.5_n0.5,0.5,0.5,0.41500000000000004,0.42918174068303416,0.8294442984558543,0.41944450931009847,0.9894038205020045,0.08294442984558544,0.8294442984558543
lam0.5_n0.5,0.5,0.5,0.41999999999999993,0.4270716119374624,0.8282234958921679,0.4246076454012424,0.9891484634081698,0.0828223495892168,0.8282234958921679
lam0.5_n0.5,0.5,0.5,0.42500000000000004,0.4249356576226326,0.8269581084147449,0.4297747451294171,0.9888901216659921,0.0826958108414745,0.8269581084147449
lam0.5_n0.5,0.5,0.5,0.42999999999999994,0.4227738577985622,0.8256470562580075,0.434945857222326,0.9886287979522059,0.08256470562580076,0.8256470562580075
lam0.5_n0.5,0.5,0.5,0.43500000000000005,0.42058619228149896,0.8242892463072776,0.4401210304601397,0.9883644949781526,0.08242892463072776,0.8242892463072776
lam0.5_n0.5,0.5,0.5,0.43999999999999995,0.41837264064365776,0.8228835720784272,0.4453003136759752,0.9880972154898771,0.08228835720784272,0.8228835720784272
lam0.5_n0.5,0.5,0.5,0.44500000000000006,0.4161331822129546,0.8214289136972766,0.45048375575637467,0.9878269622682238,0.08214289136972766,0.8214289136972766
lam0.5_n0.5,0.5,0.5,0.44999999999999996,0.4138677960727381,0.8199241378787432,0.45567140564177394,0.9875537381289345,0.08199241378787432,0.8199241378787432
lam0.5_n0.5,0.5,0.5,0.45500000000000007,0.4115764610615189,0.8183680979057407,0.46086331232697075,0.9872775459227467,0.08183680979057407,0.8183680979057407
lam0.5_n0.5,0.5,0.5,0.45999999999999996,0.4092591557726969,0.8167596336078259,0.4660595248615837,0.9869983885354916,0.08167596336078259,0.8167596336078259
lam0.5_n0.5,0.5,0.5,0.4650000000000001,0.40691585855428597,0.8150975713395952,0.4712600923505095,0.9867162688881932,0.08150975713395953,0.8150975713395952
lam0.5_n0.5,0.5,0.5,0.47,0.4045465475086363,0.8133807239588291,0.47646506395437144,0.986431189937169,0.08133807239588292,0.8133807239588291
lam0.5_n0.5,0.5,0.5,0.4750000000000001,0.4021512004921546,0.8116078908043854,0.48167448888996595,0.9861431546741297,0.08116078908043856,0.8116078908043854
lam0.5_n0.5,0.5,0.5,0.48,0.3997297951150226,0.809777857673838,0.48688841643069986,0.9858521661262806,0.0809777857673838,0.809777857673838
lam0.5_n0.5,0.5,0.5,0.4850000000000001,0.3972823087409122,0.8078893968008654,0.4921068959070259,0.9855582273564227,0.08078893968008655,0.8078893968008654
lam0.5_n0.5,0.5,0.5,0.49,0.3948087184866996,0.8059412668323829,0.49732997670686924,0.9852613414630552,0.08059412668323829,0.8059412668323829
lam0.5_n0.5,0.5,0.5,0.4950000000000001,0.3923090012221769,0.8039322128054248,0.5025577082760514,0.9849615115804774,0.08039322128054249,0.8039322128054248
lam0.5_n0.5,0.5,0.5,0.5,0.3897831335697615,0.8018609661237691,0.5077901401187045,0.9846587408788926,0.08018609661237691,0.8018609661237691
lam0.5_n0.5,0.5,0.5,0.5050000000000001,0.38723109190420346,0.7997262445343095,0.5130273217976846,0.9843530325645109,0.07997262445343095,0.7997262445343095
lam0.5_n0.5,0.5,0.5,0.51,0.38465285235229085,0.7975267521031717,0.5182693029349742,0.9840443898796535,0.07975267521031718,0.7975267521031717
lam0.5_n0.5,0.5,0.5,0.5150000000000001,0.38204839079255315,0.7952611791915755,0.5235161332120825,0.9837328161028567,0.07952611791915755,0.7952611791915755
lam0.5_n0.5,0.5,0.5,0.52,0.379417682854963,0.792928202431439,0.5287678623704365,0.9834183145489768,0.07929282024314391,0.792928202431439
lam0.5_n0.5,0.5,0.5,0.5250000000000001,0.3767607039206348,0.7905264847007294,0.5340245402117694,0.9831008885692958,0.07905264847007294,0.7905264847007294
lam0.5_n0.5,0.5,0.5,0.53,0.3740774291215233,0.7880546750985545,0.5392862165984986,0.9827805415516262,0.07880546750985545,0.7880546750985545
lam0.5_n0.5,0.5,0.5,0.5350000000000001,0.37136783334011775,0.7855114089199988,0.544552941454102,0.9824572769204166,0.07855114089199988,0.7855114089199988
lam0.5_n0.5,0.5,0.5,0.54,0.36863189120913775,0.7828953076307021,0.5498247647634832,0.9821310981368593,0.07828953076307021,0.7828953076307021
lam0.5_n0.5,0.5,0.5,0.5449999999999999,0.3658695771112232,0.7802049788411787,0.5551017365733342,0.9818020086989951,0.07802049788411787,0.7802049788411787
lam0.5_n0.5,0.5,0.5,0.55,0.3630808651786256,0.7774390162808795,0.5603839069924895,0.9814700121418214,0.07774390162808796,0.7774390162808795
lam0.5_n0.5,0.5,0.5,0.5549999999999999,0.3602657292928966,0.7745959997719968,0.5656713261922736,0.9811351120373981,0.07745959997719969,0.7745959997719968
lam0.5_n0.5,0.5,0.5,0.56,0.3574241430845735,0.7716744952030057,0.5709640444068427,0.9807973119949561,0.07716744952030058,0.7716744952030057
lam0.5_n0.5,0.5,0.5,0.565,0.3545560799328658,0.7686730545019501,0.5762621119335186,0.9804566156610033,0.07686730545019502,0.7686730545019501
lam0.5_n0.5,0.5,0.5,0.5700000000000001,0.3516615129653371,0.7655902156094662,0.5815655791331175,0.9801130267194337,0.07655902156094663,0.7655902156094662
lam0.5_n0.5,0.5,0.5,0.575,0.34874041505758807,0.7624245024515465,0.5868744964302686,0.9797665488916342,0.07624245024515465,0.7624245024515465
lam0.5_n0.5,0.5,0.5,0.5800000000000001,0.34579275883293575,0.7591744249120413,0.5921889143137303,0.9794171859365931,0.07591744249120413,0.7591744249120413
lam0.5_n0.5,0.5,0.5,0.585,0.3428185166620927,0.7558384788049022,0.5975088833366946,0.9790649416510082,0.07558384788049022,0.7558384788049022
lam0.5_n0.5,0.5,0.5,0.5900000000000001,0.33981766066284325,0.7524151458461587,0.6028344541170879,0.9787098198693949,0.07524151458461587,0.7524151458461587
lam0.5_n0.5,0.5,0.5,0.595,0.3367901626997203,0.7489028936256376,0.6081656773378624,0.978351824464194,0.07489028936256376,0.7489028936256376
lam0.5_n0.5,0.5,0.5,0.6000000000000001,0.33373599438367835,0.7453001755784158,0.6135026037472819,0.977990959345881,0.07453001755784158,0.7453001755784158
lam0.5_n0.5,0.5,0.5,0.605,0.33065512707176736,0.7416054309560122,0.6188452841591979,0.9776272284630738,0.07416054309560122,0.7416054309560122
lam0.5_n0.5,0.5,0.5,0.6100000000000001,0.3275475318668027,0.7378170847973141,0.6241937694533216,0.9772606358026409,0.07378170847973141,0.7378170847973141
lam0.5_n0.5,0.5,0.5,0.615,0.32441317961703664,0.7339335478992425,0.6295481105754839,0.9768911853898106,0.07339335478992424,0.7339335478992425
lam0.5_n0.5,0.5,0.5,0.6200000000000001,0.32125204091582565,0.729953216787148,0.6349083585378928,0.9765188812882781,0.0729953216787148,0.729953216787148
lam0.5_n0.5,0.5,0.5,0.625,0.31806408610129966,0.7258744736849471,0.6402745644193785,0.9761437276003149,0.0725874473684947,0.7258744736849471
lam0.5_n0.5,0.5,0.5,0.6300000000000001,0.3148492852560269,0.7216956864849886,0.645646779365634,0.9757657284668758,0.07216956864849887,0.7216956864849886
lam0.5_n0.5,0.5,0.5,0.635,0.31160760820667954,0.7174152087176577,0.6510250545894457,0.9753848880677081,0.07174152087176577,0.7174152087176577
lam0.5_n0.5,0.5,0.5,0.6400000000000001,0.3083390245236974,0.7130313795207097,0.6564094413709183,0.9750012106214577,0.07130313795207098,0.7130313795207097
lam0.5_n0.5,0.5,0.5,0.645,0.30504350352095166,0.7085425236083416,0.6617999910576879,0.9746147003857795,0.07085425236083416,0.7085425236083416
lam0.5_n0.5,0.5,0.5,0.6500000000000001,0.3017210142554054,0.7039469512399915,0.6671967550651325,0.9742253616574414,0.07039469512399915,0.7039469512399915
lam0.5_n0.5,0.5,0.5,0.655,0.2983715255267754,0.6992429581888747,0.6725997848765685,0.9738331987724346,0.06992429581888747,0.6992429581888747
lam0.5_n0.5,0.5,0.5,0.6600000000000001,0.29499500587719146,0.6944288257102479,0.6780091320434433,0.9734382161060787,0.0694428825710248,0.6944288257102479
lam0.5_n0.5,0.5,0.5,0.665,0.29159142359085544,0.6895028205094079,0.6834248481855169,0.973040418073129,0.0689502820509408,0.6895028205094079
lam0.5_n0.5,0.5,0.5,0.6699999999999999,0.2881607466936991,0.6844631947094187,0.6888469849910369,0.9726398091278832,0.06844631947094187,0.6844631947094187
lam0.5_n0.5,0.5,0.5,0.675,0.284702942953042,0.6793081858185702,0.6942755942169042,0.9722363937642865,0.06793081858185702,0.6793081858185702
lam0.5_n0.5,0.5,0.5,0.6799999999999999,0.28121797987724656,0.6740360166975671,0.6997107276888287,0.9718301765160382,0.06740360166975672,0.6740360166975671
lam0.5_n0.5,0.5,0.5,0.685,0.2777058247153748,0.6686448955264462,0.7051524373014796,0.9714211619566967,0.06686448955264462,0.6686448955264462
lam0.5_n0.5,0.5,0.5,0.69,0.2741664444568425,0.6631330157712244,0.7106007750186237,0.9710093546997836,0.06631330157712244,0.6631330157712244
lam0.5_n0.5,0.5,0.5,0.6950000000000001,0.27059980583107335,0.6574985561502732,0.7160557928732574,0.9705947593988892,0.06574985561502732,0.6574985561502732
lam0.5_n0.5,0.5,0.5,0.7,0.26700587530715314,0.6517396806004242,0.7215175429677267,0.9701773807477759,0.06517396806004243,0.6517396806004242
lam0.5_n0.5,0.5,0.5,0.7050000000000001,0.2633846190934818,0.6458545382427987,0.7269860774738431,0.9697572234804811,0.06458545382427987,0.6458545382427987
lam0.5_n0.5,0.5,0.5,0.71,0.25973600313742723,0.6398412633483681,0.7324614486329848,0.9693342923714207,0.06398412633483681,0.6398412633483681
lam0.5_n0.5,0.5,0.5,0.7150000000000001,0.2560599931249753,0.6336979753032383,0.7379437087561929,0.9689085922354911,0.06336979753032383,0.6336979753032383
lam0.5_n0.5,0.5,0.5,0.72,0.25235655448038274,0.6274227785736627,0.7434329102242561,0.968480127928171,0.06274227785736627,0.6274227785736627
lam0.5_n0.5,0.5,0.5,0.7250000000000001,0.24862565236582773,0.6210137626707788,0.7489291054877883,0.9680489043456217,0.06210137626707788,0.6210137626707788
lam0.5_n0.5,0.5,0.5,0.73,0.24486725168106133,0.6144690021150727,0.7544323470672936,0.9676149264247887,0.061446900211507276,0.6144690021150727
lam0.5_n0.5,0.5,0.5,0.7350000000000001,0.24108131706305633,0.6077865564005659,0.7599426875532252,0.9671781991435003,0.06077865564005659,0.6077865564005659
lam0.5_n0.5,0.5,0.5,0.74,0.23726781288565868,0.6009644699587302,0.7654601796060321,0.9667387275205669,0.06009644699587302,0.6009644699587302
lam0.5_n0.5,0.5,0.5,0.7450000000000001,0.23342670325923712,0.5940007721221218,0.7709848759561985,0.966296516615879,0.05940007721221218,0.5940007721221218
lam0.5_n0.5,0.5,0.5,0.75,0.2295579520303327,0.5868934770877444,0.7765168294042708,0.9658515715305049,0.058689347708774445,0.5868934770877444
lam0.5_n0.5,0.5,0.5,0.7550000000000001,0.22566152278130827,0.5796405838801314,0.7820560928208788,0.9654038974067867,0.05796405838801314,0.5796405838801314
lam0.5_n0.5,0.5,0.5,0.76,0.22173737882999878,0.5722400763141526,0.7876027191467411,0.9649534994284368,0.05722400763141527,0.5722400763141526
lam0.5_n0.5,0.5,0.5,0.7650000000000001,0.21778548322936,0.5646899229575439,0.7931567613926674,0.9645003828206317,0.056468992295754396,0.5646899229575439
lam0.5_n0.5,0.5,0.5,0.77,0.21380579876711886,0.5569880770931577,0.7987182726395453,0.9640445528501066,0.05569880770931577,0.5569880770931577
lam0.5_n0.5,0.5,0.5,0.7750000000000001,0.20979828796542185,0.5491324766809335,0.8042873060383207,0.9635860148252481,0.05491324766809335,0.5491324766809335
lam0.5_n0.5,0.5,0.5,0.78,0.2057629130804869,0.5411210443195944,0.8098639148099648,0.9631247740961859,0.05411210443195944,0.5411210443195944
lam0.5_n0.5,0.5,0.5,0.7850000000000001,0.2016996361022508,0.5329516872080564,0.815448152245434,0.9626608360548844,0.05329516872080564,0.5329516872080564
lam0.5_n0.5,0.5,0.5,0.79,0.1976084187540217,0.5246222971065684,0.8210400717056172,0.9621942061352317,0.05246222971065684,0.5246222971065684
lam0.5_n0.5,0.5,0.5,0.7949999999999999,0.19348922249212822,0.516130750297559,0.8266397266212744,0.9617248898131286,0.0516130750297559,0.516130750297559
lam0.5_n0.5,0.5,0.5,0.8,0.1893420085055706,0.5074749075462143,0.8322471704929634,0.961252892606577,0.05074749075462143,0.5074749075462143
lam0.5_n0.5,0.5,0.5,0.8049999999999999,0.18516673771567219,0.49865261406076966,0.8378624568909557,0.9607782200757651,0.04986526140607697,0.49865261406076966
lam0.5_n0.5,0.5,0.5,0.81,0.18096337077573005,0.4896616994525163,0.843485639455145,0.960300877823154,0.04896616994525163,0.4896616994525163
lam0.5_n0.5,0.5,0.5,0.815,0.17673186807066968,0.48049997769553554,0.8491167718949396,0.9598208714935608,0.04804999776955356,0.48049997769553554
lam0.5_n0.5,0.5,0.5,0.8200000000000001,0.1724721897166937,0.47116524708613816,0.85475590798915,0.9593382067742419,0.04711652470861382,0.47116524708613816
lam0.5_n0.5,0.5,0.5,0.825,0.16818429556093964,0.4616552902020337,0.8604031015858603,0.9588528893949746,0.04616552902020338,0.4616552902020337
lam0.5_n0.5,0.5,0.5,0.8300000000000001,0.16386814518113013,0.451967873861206,0.8660584066022933,0.9583649251281366,0.0451967873861206,0.451967873861206
lam0.5_n0.5,0.5,0.5,0.835,0.15952369788523005,0.4421007490805125,0.8717218770246599,0.9578743197887861,0.044210074908051254,0.4421007490805125
lam0.5_n0.5,0.5,0.5,0.8400000000000001,0.15515091271110087,0.43205165103399634,0.8773935669080029,0.957381079234738,0.04320516510339964,0.43205165103399634
lam0.5_n0.5,0.5,0.5,0.845,0.1507497484261569,0.42181829901091383,0.8830735303760239,0.9568852093666405,0.042181829901091386,0.42181829901091383
lam0.5_n0.5,0.5,0.5,0.8500000000000001,0.14632016352702226,0.4113983963734773,0.8887618216209047,0.9563867161280493,0.041139839637347735,0.4113983963734773
lam0.5_n0.5,0.5,0.5,0.855,0.14186211623919076,0.4007896305143157,0.8944584949031115,0.9558856055055012,0.040078963051431576,0.4007896305143157
lam0.5_n0.5,0.5,0.5,0.8600000000000001,0.1373755645166822,0.3899896728136429,0.9001636045511942,0.9553818835285849,0.03899896728136429,0.3899896728136429
lam0.5_n0.5,0.5,0.5,0.865,0.13286046604170476,0.37899617859614976,0.9058772049615674,0.9548755562700115,0.03789961785961498,0.37899617859614976
lam0.5_n0.5,0.5,0.5,0.8700000000000001,0.12831677822431437,0.36780678708760006,0.9115993505982875,0.9543666298456822,0.036780678708760006,0.36780678708760006
lam0.5_n0.5,0.5,0.5,0.875,0.12374445820207941,0.3564191213711473,0.91733009599281,0.9538551104147555,0.03564191213711473,0.3564191213711473
lam0.5_n0.5,0.5,0.5,0.8800000000000001,0.11914346283974177,0.3448307883433575,0.9230694957437431,0.9533410041797117,0.034483078834335754,0.3448307883433575
lam0.5_n0.5,0.5,0.5,0.885,0.11451374872888342,0.3330393786699538,0.9288176045165835,0.9528243173864163,0.033303937866995384,0.3330393786699538
lam0.5_n0.5,0.5,0.5,0.8900000000000001,0.10985527218759235,0.32104246674126174,0.934574477043445,0.9523050563241813,0.032104246674126174,0.32104246674126174
lam0.5_n0.5,0.5,0.5,0.895,0.10516798926013038,0.3088376106273788,0.9403401681227707,0.9517832273258255,0.03088376106273788,0.3088376106273788
lam0.5_n0.5,0.5,0.5,0.9000000000000001,0.10045185571660081,0.2964223520330437,0.9461147326190388,0.9512588367677315,0.02964223520330437,0.2964223520330437
lam0.5_n0.5,0.5,0.5,0.905,0.09570682705262118,0.2837942162522258,0.9518982254624513,0.9507318910699017,0.02837942162522258,0.2837942162522258
lam0.5_n0.5,0.5,0.5,0.9100000000000001,0.09093285848899363,0.270950712122419,0.9576907016486145,0.9502023966960134,0.027095071212241903,0.270950712122419
lam0.5_n0.5,0.5,0.5,0.915,0.08612990497137973,0.2578893319786525,0.9634922162382046,0.9496703601534693,0.025788933197865252,0.2578893319786525
lam0.5_n0.5,0.5,0.5,0.9199999999999999,0.08129792116997597,0.24460755160720501,0.9693028243566243,0.9491357879934487,0.024460755160720504,0.24460755160720501
lam0.5_n0.5,0.5,0.5,0.925,0.07643686147919032,0.23110283019903158,0.9751225811936437,0.9485986868109558,0.023110283019903158,0.23110283019903158
lam0.5_n0.5,0.5,0.5,0.9299999999999999,0.0715466800173219,0.2173726103029053,0.980951542003032,0.9480590632448646,0.02173726103029053,0.2173726103029053
lam0.5_n0.5,0.5,0.5,0.935,0.06662733062624215,0.20341431777825394,0.9867897621021755,0.9475169239779638,0.020341431777825394,0.20341431777825394
lam0.5_n0.5,0.5,0.5,0.94,0.06167876687107671,0.1892253617477255,0.9926372968716831,0.9469722757369982,0.01892253617477255,0.1892253617477255
lam0.5_n0.5,0.5,0.5,0.9450000000000001,0.056700942039891566,0.17480313454944107,0.9984942017549803,0.9464251252927084,0.017480313454944107,0.17480313454944107
lam0.5_n0.5,0.5,0.5,0.95,0.05169380914337912,0.16014501168897652,1.00436053225789,0.945875479459868,0.016014501168897653,0.16014501168897652
lam0.5_n0.5,0.5,0.5,0.9550000000000001,0.046657320914547495,0.14524835179103093,1.0102363439482014,0.9453233450973196,0.014524835179103093,0.14524835179103093
lam0.5_n0.5,0.5,0.5,0.96,0.041591429808411406,0.1301104965508224,1.0161216924552257,0.9447687291080062,0.013011049655082242,0.1301104965508224
lam0.5_n0.5,0.5,0.5,0.9650000000000001,0.03649608800168702,0.11472877068517753,1.0220166334693401,0.9442116384390034,0.011472877068517753,0.11472877068517753
lam0.5_n0.5,0.5,0.5,0.97,0.031371247392487145,0.09910048188333735,1.0279212227415182,0.943652080081546,0.009910048188333735,0.09910048188333735
lam0.5_n0.5,0.5,0.5,0.9750000000000001,0.026216859600017683,0.08322292075746099,1.0338355160828492,0.9430900610710551,0.008322292075746099,0.08322292075746099
lam0.5_n0.5,0.5,0.5,0.98,0.021032875964281886,0.06709336079284528,1.039759569364041,0.9425255884871611,0.006709336079284528,0.06709336079284528
lam0.5_n0.5,0.5,0.5,0.9850000000000001,0.015819247545779513,0.05070905829784131,1.0456934385149164,0.9419586694537239,0.005070905829784131,0.05070905829784131
lam0.5_n0.5,0.5,0.5,0.99,0.010575925125215773,0.03406725235348694,1.05163717952389,0.9413893111388519,0.0034067252353486943,0.03406725235348694
lam0.5_n0.5,0.5,0.5,0.9950000000000001,0.005302859203209159,0.017165164762835455,1.0575908484374374,0.9408175207549181,0.0017165164762835456,0.017165164762835455
lam0.5_n0.5,0.5,0.5,1.0,0.0,0.0,1.063554501359547,0.9402433055585726,0.0,0.0
lam0.5_n0.9,0.5,0.9,-1.0,0.0,0.0,1.011333878622719,0.988793138584308,0.0,0.0
lam0.5_n0.9,0.5,0.9,-0.995,0.005043768818144612,0.016656806859648987,1.0061738805961598,0.9888946823092455,0.0016656806859648987,0.016656806859648987
lam0.5_n0.9,0.5,0.9,-0.99,0.010061741123130186,0.033063326862604825,1.0010152727999546,0.9889958993641089,0.003306332686260483,0.033063326862604825
lam0.5_n0.9,0.5,0.9,-0.985,0.015053923857687446,0.04922209448215372,0.9958580518591894,0.9890967876004836,0.004922209448215372,0.04922209448215372
lam0.5_n0.9,0.5,0.9,-0.98,0.020020323947575247,0.06513563095354565,0.990702214359788,0.9891973448684537,0.0065135630953545645,0.06513563095354565
lam0.5_n0.9,0.5,0.9,-0.975,0.024960948301382735,0.08080644428003471,0.9855477568484085,0.9892975690167078,0.008080644428003471,0.08080644428003471
lam0.5_n0.9,0.5,0.9,-0.97,0.02987580381033522,0.09623702923890926,0.9803946758323409,0.9893974578926431,0.009623702923890927,0.09623702923890926
lam0.5_n0.9,0.5,0.9,-0.965,0.03476489734809468,0.1114298673875142,0.9752429677794066,0.9894970093424724,0.011142986738751422,0.1114298673875142
lam0.5_n0.9,0.5,0.9,-0.96,0.03962823577056457,0.12638742706926226,0.9700926291178605,0.989596221211331,0.012638742706926227,0.12638742706926226
lam0.5_n0.9,0.5,0.9,-0.955,0.04446582591568959,0.14111216341964056,0.9649436562362955,0.9896950913433845,0.014111216341964057,0.14111216341964056
lam0.5_n0.9,0.5,0.9,-0.95,0.04927767460325815,0.15560651837221084,0.9597960454835478,0.989793617581939,0.015560651837221086,0.15560651837221084
lam0.5_n0.9,0.5,0.9,-0.945,0.05406378863470362,0.1698729206645966,0.9546497931686063,0.9898917977695492,0.016987292066459662,0.1698729206645966
lam0.5_n0.9,0.5,0.9,-0.94,0.05882417479290413,0.18391378584446078,0.9495048955605234,0.9899896297481305,0.018391378584446078,0.18391378584446078
lam0.5_n0.9,0.5,0.9,-0.935,0.0635588398419833,0.19773151627547933,0.9443613488883281,0.9900871113590703,0.019773151627547933,0.19773151627547933
lam0.5_n0.9,0.5,0.9,-0.9299999999999999,0.06826779052710996,0.21132850114330334,0.9392191493409409,0.9901842404433405,0.021132850114330335,0.21132850114330334
lam0.5_n0.9,0.5,0.9,-0.925,0.07295103357429616,0.22470711646150845,0.9340782930670929,0.9902810148416106,0.022470711646150845,0.22470711646150845
lam0.5_n0.9,0.5,0.9,-0.92,0.07760857569019797,0.23786972507753945,0.9289387761752447,0.9903774323943623,0.023786972507753947,0.23786972507753945
lam0.5_n0.9,0.5,0.9,-0.915,0.08224042356191208,0.25081867667864155,0.9238005947335104,0.9904734909420045,0.025081867667864157,0.25081867667864155
lam0.5_n0.9,0.5,0.9,-0.91,0.08684658385677563,0.26355630779778194,0.9186637447695819,0.9905691883249894,0.026355630779778195,0.26355630779778194
lam0.5_n0.9,0.5,0.9,-0.905,0.09142706322216237,0.2760849418195631,0.913528222270657,0.9906645223839289,0.027608494181956312,0.2760849418195631
lam0.5_n0.9,0.5,0.9,-0.9,0.09598186828528082,0.2884068889861219,0.908394023183369,0.9907594909597125,0.028840688898612188,0.2884068889861219
lam0.5_n0.9,0.5,0.9,-0.895,0.10051100565297111,0.30052444640302134,0.9032611434137204,0.9908540918936257,0.030052444640302135,0.30052444640302134
lam0.5_n0.9,0.5,0.9,-0.89,0.10501448191150148,0.31243989804512773,0.8981295788270173,0.9909483230274693,0.031243989804512776,0.31243989804512773
lam0.5_n0.9,0.5,0.9,-0.885,0.10949230362636553,0.32415551476247884,0.8929993252478073,0.9910421822036791,0.03241555147624788,0.32415551476247884
lam0.5_n0.9,0.5,0.9,-0.88,0.11394447734207624,0.3356735542861395,0.8878703784598209,0.9911356672654476,0.03356735542861395,0.3356735542861395
lam0.5_n0.9,0.5,0.9,-0.875,0.11837100958196467,0.3469962612340457,0.8827427342059136,0.9912287760568443,0.03469962612340457,0.3469962612340457
lam0.5_n0.9,0.5,0.9,-0.87,0.12277190684797262,0.3581258671168364,0.8776163881880126,0.9913215064229396,0.03581258671168364,0.3581258671168364
lam0.5_n0.9,0.5,0.9,-0.865,0.12714717562044975,0.36906459034367184,0.872491336067065,0.9914138562099267,0.036906459034367185,0.36906459034367184
lam0.5_n0.9,0.5,0.9,-0.86,0.13149682235794774,0.3798146362280419,0.8673675734629889,0.9915058232652465,0.03798146362280419,0.3798146362280419
lam0.5_n0.9,0.5,0.9,-0.855,0.1358208534970153,0.39037819699355814,0.8622450959546281,0.9915974054377117,0.03903781969935582,0.39037819699355814
lam0.5_n0.9,0.5,0.9,-0.85,0.14011927545199218,0.40075745177973543,0.8571238990797084,0.9916886005776325,0.04007574517797355,0.40075745177973543
lam0.5_n0.9,0.5,0.9,-0.845,0.14439209461480426,0.410954566647759,0.8520039783347977,0.9917794065369429,0.0410954566647759,0.410954566647759
lam0.5_n0.9,0.5,0.9,-0.84,0.14863931735475752,0.4209716945862388,0.8468853291752683,0.991869821169327,0.04209716945862388,0.4209716945862388
lam0.5_n0.9,0.5,0.9,-0.835,0.1528609500183308,0.43081097551694864,0.8417679470152626,0.9919598423303473,0.04308109755169487,0.43081097551694864
lam0.5_n0.9,0.5,0.9,-0.83,0.1570569989289716,0.4404745363005513,0.8366518272276611,0.9920494678775726,0.04404745363005513,0.4404745363005513
lam0.5_n0.9,0.5,0.9,-0.825,0.16122747038688787,0.44996449074231193,0.831536965144054,0.9921386956707071,0.0449964490742312,0.44996449074231193
lam0.5_n0.9,0.5,0.9,-0.8200000000000001,0.1653723706688427,0.45928293959779265,0.8264233560547156,0.9922275235717197,0.045928293959779265,0.45928293959779265
lam0.5_n0.9,0.5,0.9,-0.815,0.16949170602794686,0.4684319705785361,0.8213109952085804,0.9923159494449753,0.046843197057853614,0.4684319705785361
lam0.5_n0.9,0.5,0.9,-0.81,0.1735854826934522,0.47741365835772964,0.8161998778132252,0.9924039711573641,0.047741365835772966,0.47741365835772964
lam0.5_n0.9,0.5,0.9,-0.8049999999999999,0.1776537068705459,0.48623006457586077,0.8110899990348502,0.9924915865784352,0.04862300645758608,0.48623006457586077
lam0.5_n0.9,0.5,0.9,-0.8,0.1816963847401421,0.49488323784634813,0.8059813539982674,0.9925787935805271,0.049488323784634816,0.49488323784634813
lam0.5_n0.9,0.5,0.9,-0.7949999999999999,0.18571352245867542,0.5033752137611661,0.8008739377868881,0.9926655900389018,0.05033752137611661,0.5033752137611661
lam0.5_n0.9,0.5,0.9,-0.79,0.1897051261578942,0.5117080148964437,0.7957677454427168,0.9927519738318774,0.05117080148964437,0.5117080148964437
lam0.5_n0.9,0.5,0.9,-0.785,0.19367120194465293,0.5198836508180564,0.790662771966346,0.9928379428409625,0.05198836508180565,0.5198836508180564
lam0.5_n0.9,0.5,0.9,-0.78,0.19761175590070612,0.5279041180871933,0.7855590123169555,0.992923494950991,0.05279041180871933,0.5279041180871933
lam0.5_n0.9,0.5,0.9,-0.775,0.20152679408250007,0.5357714002659124,0.780456461412314,0.9930086280502568,0.053577140026591245,0.5357714002659124
lam0.5_n0.9,0.5,0.9,-0.77,0.20541632252096687,0.543487467922677,0.775355114128784,0.9930933400306501,0.0543487467922677,0.543487467922677
lam0.5_n0.9,0.5,0.9,-0.765,0.20928034722131683,0.5510542786378745,0.7702549653013312,0.9931776287877931,0.05510542786378745,0.5510542786378745
lam0.5_n0.9,0.5,0.9,-0.76,0.21311887416283126,0.5584737770093176,0.7651560097235349,0.9932614922211773,0.05584737770093176,0.5584737770093176
lam0.5_n0.9,0.5,0.9,-0.755,0.2169319092986564,0.5657478946577287,0.7600582421476036,0.9933449282343005,0.05657478946577287,0.5657478946577287
lam0.5_n0.9,0.5,0.9,-0.75,0.22071945855559588,0.5728785502322032,0.754961657284393,0.9934279347348047,0.05728785502322033,0.5728785502322032
lam0.5_n0.9,0.5,0.9,-0.745,0.22448152783390468,0.5798676494156587,0.7498662498034272,0.9935105096346144,0.05798676494156588,0.5798676494156587
lam0.5_n0.9,0.5,0.9,-0.74,0.22821812300708105,0.5867170849302608,0.7447720143329241,0.9935926508500749,0.05867170849302608,0.5867170849302608
lam0.5_n0.9,0.5,0.9,-0.735,0.23192924992166208,0.593428736542833,0.739678945459823,0.9936743563020921,0.059342873654283305,0.593428736542833
lam0.5_n0.9,0.5,0.9,-0.73,0.23561491439701648,0.6000044710702461,0.7345870377298165,0.9937556239162723,0.06000044710702462,0.6000044710702461
lam0.5_n0.9,0.5,0.9,-0.725,0.2392751222251381,0.6064461423847886,0.7294962856473849,0.9938364516230611,0.06064461423847886,0.6064461423847886
lam0.5_n0.9,0.5,0.9,-0.72,0.2429098791704398,0.6127555914195171,0.7244066836758352,0.993916837357885,0.06127555914195171,0.6127555914195171
lam0.5_n0.9,0.5,0.9,-0.715,0.24651919096954908,0.6189346461735858,0.7193182262373424,0.9939967790612918,0.06189346461735859,0.6189346461735858
lam0.5_n0.9,0.5,0.9,-0.71,0.2501030633311007,0.6249851217175579,0.7142309077129947,0.9940762746790918,0.062498512171755796,0.6249851217175579
lam0.5_n0.9,0.5,0.9,-0.7050000000000001,0.25366150193553266,0.6309088201986932,0.7091447224428425,0.994155322162499,0.06309088201986933,0.6309088201986932
lam0.5_n0.9,0.5,0.9,-0.7,0.25719451243488073,0.6367075308462172,0.7040596647259498,0.994233919468274,0.06367075308462172,0.6367075308462172
lam0.5_n0.9,0.5,0.9,-0.6950000000000001,0.26070210045257347,0.6423830299765689,0.698975728820451,0.9943120645588651,0.0642383029976569,0.6423830299765689
lam0.5_n0.9,0.5,0.9,-0.69,0.2641842715832282,0.6479370809986275,0.6938929089436086,0.9943897554025516,0.06479370809986275,0.6479370809986275
lam0.5_n0.9,0.5,0.9,-0.685,0.26764103139244616,0.6533714344189137,0.6888111992718775,0.9944669899735862,0.06533714344189137,0.6533714344189137
lam0.5_n0.9,0.5,0.9,-0.6799999999999999,0.2710723854166094,0.6586878278467756,0.6837305939409696,0.9945437662523381,0.06586878278467756,0.6586878278467756
lam0.5_n0.9,0.5,0.9,-0.675,0.27447833916267617,0.6638879859995467,0.678651087045925,0.9946200822254369,0.06638879859995467,0.6638879859995467
lam0.5_n0.9,0.5,0.9,-0.6699999999999999,0.27785889810797904,0.6689736207076842,0.673572672641184,0.9946959358859154,0.06689736207076842,0.6689736207076842
lam0.5_n0.9,0.5,0.9,-0.665,0.281214067700021,0.6739464309198839,0.6684953447406659,0.994771325233354,0.0673946430919884,0.6739464309198839
lam0.5_n0.9,0.5,0.9,-0.6599999999999999,0.28454385335627413,0.6788081027081733,0.6634190973178471,0.9948462482740242,0.06788081027081733,0.6788081027081733
lam0.5_n0.9,0.5,0.9,-0.655,0.2878482604639761,0.6835603092729778,0.6583439243058476,0.9949207030210335,0.06835603092729779,0.6835603092729778
lam0.5_n0.9,0.5,0.9,-0.6499999999999999,0.2911272943799302,0.6882047109481688,0.6532698195975174,0.994994687494469,0.06882047109481688,0.6882047109481688
lam0.5_n0.9,0.5,0.9,-0.645,0.2943809604303027,0.6927429552060829,0.6481967770455285,0.9950681997215424,0.06927429552060829,0.6927429552060829
lam0.5_n0.9,0.5,0.9,-0.64,0.2976092639104237,0.697176676662521,0.6431247904624697,0.9951412377367342,0.0697176676662521,0.697176676662521
lam0.5_n0.9,0.5,0.9,-0.635,0.30081221008458625,0.7015074970817202,0.6380538536209458,0.9952137995819393,0.07015074970817202,0.7015074970817202
lam0.5_n0.9,0.5,0.9,-0.63,0.3039898041858461,0.7057370253813022,0.6329839602536794,0.9952858833066108,0.07057370253813022,0.7057370253813022
lam0.5_n0.9,0.5,0.9,-0.625,0.3071420514158236,0.709866857637198,0.6279151040536177,0.9953574869679057,0.0709866857637198,0.709866857637198
lam0.5_n0.9,0.5,0.9,-0.62,0.3102689569445045,0.7138985770885451,0.622847278674042,0.9954286086308293,0.07138985770885452,0.7138985770885451
lam0.5_n0.9,0.5,0.9,-0.615,0.31337052591004194,0.7178337541425615,0.6177804777286809,0.9954992463683805,0.07178337541425615,0.7178337541425615
lam0.5_n0.9,0.5,0.9,-0.61,0.31644676341855915,0.7216739463793929,0.6127146947918283,0.9955693982616972,0.0721673946379393,0.7216739463793929
lam0.5_n0.9,0.5,0.9,-0.605,0.3194976745439525,0.7254206985569338,0.6076499233984636,0.9956390624002006,0.07254206985569338,0.7254206985569338
lam0.5_n0.9,0.5,0.9,-0.6,0.32252326432769524,0.7290755426156237,0.6025861570443768,0.9957082368817405,0.07290755426156237,0.7290755426156237
lam0.5_n0.9,0.5,0.9,-0.595,0.32552353777864174,0.732639997683215,0.5975233891862968,0.9957769198127404,0.0732639997683215,0.732639997683215
lam0.5_n0.9,0.5,0.9,-0.59,0.3284984998728327,0.736115570079516,0.5924616132420238,0.9958451093083422,0.0736115570079516,0.736115570079516
lam0.5_n0.9,0.5,0.9,-0.585,0.3314481555533009,0.7395037533211059,0.5874008225905646,0.9959128034925514,0.07395037533211059,0.7395037533211059
lam0.5_n0.9,0.5,0.9,-0.5800000000000001,0.3343725097298773,0.7428060281260218,0.5823410105722728,0.9959800004983812,0.07428060281260218,0.7428060281260218
lam0.5_n0.9,0.5,0.9,-0.575,0.3372715672789986,0.7460238624184216,0.5772821704889918,0.9960466984679976,0.07460238624184216,0.7460238624184216
lam0.5_n0.9,0.5,0.9,-0.5700000000000001,0.3401453330435141,0.7491587113332134,0.5722242956042027,0.9961128955528635,0.07491587113332135,0.7491587113332134
lam0.5_n0.9,0.5,0.9,-0.565,0.3429938118324956,0.7522120172206639,0.5671673791431739,0.9961785899138834,0.0752212017220664,0.7522120172206639
lam0.5_n0.9,0.5,0.9,-0.56,0.3458170084210457,0.7551852096509709,0.5621114142931177,0.9962437797215471,0.07551852096509709,0.7551852096509709
lam0.5_n0.9,0.5,0.9,-0.5549999999999999,0.3486149275501083,0.7580797054188145,0.5570563942033464,0.9963084631560736,0.07580797054188146,0.7580797054188145
lam0.5_n0.9,0.5,0.9,-0.55,0.35138757392627923,0.760896908547874,0.5520023119854366,0.9963726384075555,0.0760896908547874,0.760896908547874
lam0.5_n0.9,0.5,0.9,-0.5449999999999999,0.3541349522216187,0.7636382102953191,0.5469491607133936,0.9964363036761016,0.07636382102953192,0.7636382102953191
lam0.5_n0.9,0.5,0.9,-0.54,0.3568570670734631,0.7663049891562699,0.5418969334238228,0.9964994571719801,0.076630498915627,0.7663049891562699
lam0.5_n0.9,0.5,0.9,-0.5349999999999999,0.35955392308423856,0.768898610868228,0.5368456231161012,0.9965620971157622,0.0768898610868228,0.768898610868228
lam0.5_n0.9,0.5,0.9,-0.53,0.3622255248212757,0.7714204284154784,0.5317952227525569,0.996624221738464,0.07714204284154785,0.7714204284154784
lam0.5_n0.9,0.5,0.9,-0.5249999999999999,0.36487187681662414,0.77387178203346,0.5267457252586476,0.996685829281689,0.07738717820334601,0.77387178203346
lam0.5_n0.9,0.5,0.9,-0.52,0.36749298356686944,0.7762539992131063,0.5216971235231481,0.9967469179977704,0.07762539992131064,0.7762539992131063
lam0.5_n0.9,0.5,0.9,-0.515,0.3700888495329495,0.7785683947051567,0.5166494103983369,0.9968074861499113,0.07785683947051568,0.7785683947051567
lam0.5_n0.9,0.5,0.9,-0.51,0.37265947913997277,0.7808162705244339,0.5116025787001889,0.9968675320123278,0.0780816270524434,0.7808162705244339
lam0.5_n0.9,0.5,0.9,-0.505,0.3752048767770373,0.7829989159540942,0.5065566212085721,0.9969270538703882,0.07829989159540943,0.7829989159540942
lam0.5_n0.9,0.5,0.9,-0.5,0.3777250467970503,0.7851176075498434,0.5015115306674469,0.9969860500207538,0.07851176075498434,0.7851176075498434
lam0.5_n0.9,0.5,0.9,-0.495,0.3802199935165499,0.7871736091441213,0.4964672997850694,0.997044518771519,0.07871736091441213,0.7871736091441213
lam0.5_n0.9,0.5,0.9,-0.49,0.3826897212155265,0.7891681718502568,0.49142392123419937,0.9971024584423501,0.07891681718502569,0.7891681718502568
lam0.5_n0.9,0.5,0.9,-0.485,0.38513423413724596,0.7911025340665878,0.48638138765231037,0.9971598673646248,0.07911025340665878,0.7911025340665878
lam0.5_n0.9,0.5,0.9,-0.48,0.3875535364880737,0.7929779214805508,0.4813396916418053,0.9972167438815699,0.07929779214805509,0.7929779214805508
lam0.5_n0.9,0.5,0.9,-0.475,0.3899476324373,0.794795547072737,0.4762988257702339,0.9972730863484,0.0794795547072737,0.794795547072737
lam0.5_n0.9,0.5,0.9,-0.47,0.39231652611696616,0.7965566111209157,0.47125878257051573,0.9973288931324534,0.07965566111209157,0.7965566111209157
lam0.5_n0.9,0.5,0.9,-0.46499999999999997,0.3946602216216921,0.7982623012040249,0.4662195545411652,0.9973841626133304,0.07982623012040249,0.7982623012040249
lam0.5_n0.9,0.5,0.9,-0.45999999999999996,0.39697872300850473,0.7999137922061285,0.4611811341465215,0.997438893183028,0.07999137922061285,0.7999137922061285
lam0.5_n0.9,0.5,0.9,-0.45499999999999996,0.39927203429666763,0.8015122463203389,0.45614351381698137,0.9974930832460763,0.08015122463203389,0.8015122463203389
lam0.5_n0.9,0.5,0.9,-0.44999999999999996,0.4015401594675121,0.8030588130527078,0.4511066859492363,0.9975467312196723,0.08030588130527078,0.8030588130527078
lam0.5_n0.9,0.5,0.9,-0.44499999999999995,0.40378310246426896,0.8045546292260812,0.4460706429065124,0.9975998355338151,0.08045546292260813,0.8045546292260812
lam0.5_n0.9,0.5,0.9,-0.43999999999999995,0.40600086719190215,0.8060008189839205,0.4410353770188148,0.9976523946314386,0.08060008189839206,0.8060008189839205
lam0.5_n0.9,0.5,0.9,-0.43499999999999994,0.40819345751694314,0.8073984937940898,0.4360008805831752,0.9977044069685443,0.08073984937940898,0.8073984937940898
lam0.5_n0.9,0.5,0.9,-0.42999999999999994,0.4103608772673265,0.8087487524526077,0.4309671458639029,0.9977558710143339,0.08087487524526077,0.8087487524526077
lam0.5_n0.9,0.5,0.9,-0.42499999999999993,0.4125031302322271,0.8100526810873637,0.42593416509283993,0.9978067852513396,0.08100526810873637,0.8100526810873637
lam0.5_n0.9,0.5,0.9,-0.42000000000000004,0.4146202201618985,0.8113113531618016,0.4209019304696193,0.9978571481755549,0.08113113531618016,0.8113113531618016
lam0.5_n0.9,0.5,0.9,-0.41500000000000004,0.41671215076751233,0.8125258294785637,0.41587043416192654,0.9979069582965651,0.08125258294785637,0.8125258294785637
lam0.5_n0.9,0.5,0.9,-0.41000000000000003,0.4187789257209995,0.8136971581831031,0.4108396683057659,0.9979562141376744,0.08136971581831032,0.8136971581831031
lam0.5_n0.9,0.5,0.9,-0.405,0.42082054865489216,0.8148263747672575,0.4058096250057285,0.9980049142360361,0.08148263747672575,0.8148263747672575
lam0.5_n0.9,0.5,0.9,-0.4,0.42283702316216737,0.8159145020727887,0.40078029633526546,0.9980530571427776,0.08159145020727887,0.8159145020727887
lam0.5_n0.9,0.5,0.9,-0.395,0.4248283527960923,0.8169625502948836,0.3957516743369634,0.9981006414231279,0.08169625502948837,0.8169625502948836
lam0.5_n0.9,0.5,0.9,-0.39,0.4267945410700705,0.8179715169856208,0.39072375102282386,0.9981476656565431,0.08179715169856208,0.8179715169856208
lam0.5_n0.9,0.5,0.9,-0.385,0.4287355914574895,0.8189423870573992,0.38569651837454627,0.99819412843683,0.08189423870573992,0.8189423870573992
lam0.5_n0.9,0.5,0.9,-0.38,0.4306515073915704,0.8198761327863293,0.380669968343814,0.99824002837227,0.08198761327863294,0.8198761327863293
lam0.5_n0.9,0.5,0.9,-0.375,0.4325422922652181,0.820773713815589,0.3756440928525839,0.9982853640857421,0.0820773713815589,0.820773713815589
lam0.5_n0.9,0.5,0.9,-0.37,0.4344079494308736,0.8216360771587385,0.37061888379337943,0.9983301342148436,0.08216360771587386,0.8216360771587385
lam0.5_n0.9,0.5,0.9,-0.365,0.4362484822003675,0.8224641572030029,0.36559433302958694,0.9983743374120111,0.0822464157203003,0.8224641572030029
lam0.5_n0.9,0.5,0.9,-0.36,0.4380638938447752,0.8232588757125108,0.36057043239575515,0.9984179723446401,0.08232588757125109,0.8232588757125108
lam0.5_n0.9,0.5,0.9,-0.355,0.4398541875942733,0.8240211418314991,0.355547173697898,0.9984610376952034,0.08240211418314991,0.8240211418314991
lam0.5_n0.9,0.5,0.9,-0.35,0.44161936663799806,0.8247518520874787,0.3505245487138011,0.9985035321613682,0.08247518520874787,0.8247518520874787
lam0.5_n0.9,0.5,0.9,-0.345,0.4433594341239044,0.8254518903943603,0.3455025491933308,0.9985454544561129,0.08254518903943603,0.8254518903943603
lam0.5_n0.9,0.5,0.9,-0.33999999999999997,0.4450743931586275,0.8261221280555421,0.3404811668587469,0.9985868033078419,0.08261221280555421,0.8261221280555421
lam0.5_n0.9,0.5,0.9,-0.33499999999999996,0.4467642468073456,0.8267634237669603,0.3354603934050186,0.9986275774604999,0.08267634237669604,0.8267634237669603
lam0.5_n0.9,0.5,0.9,-0.32999999999999996,0.4484289980936441,0.8273766236200979,0.33044022050014327,0.9986677756736847,0.0827376623620098,0.8273766236200979
lam0.5_n0.9,0.5,0.9,-0.32499999999999996,0.45006864999938156,0.8279625611049553,0.32542063978546837,0.9987073967227594,0.08279625611049553,0.8279625611049553
lam0.5_n0.9,0.5,0.9,-0.31999999999999995,0.45168320546455754,0.8285220571129823,0.3204016428760171,0.9987464393989623,0.08285220571129824,0.8285220571129823
lam0.5_n0.9,0.5,0.9,-0.31499999999999995,0.45327266738718147,0.8290559199399692,0.315383221360816,0.9987849025095168,0.08290559199399693,0.8290559199399692
lam0.5_n0.9,0.5,0.9,-0.30999999999999994,0.45483703862314373,0.8295649452888981,0.3103653668032267,0.9988227848777392,0.08295649452888981,0.8295649452888981
lam0.5_n0.9,0.5,0.9,-0.30499999999999994,0.4563763219860878,0.830049916272755,0.3053480707412799,0.9988600853431464,0.08300499162727551,0.830049916272755
lam0.5_n0.9,0.5,0.9,-0.29999999999999993,0.4578905202472848,0.8305116034173009,0.3003313246880127,0.9988968027615601,0.0830511603417301,0.8305116034173009
lam0.5_n0.9,0.5,0.9,-0.29500000000000004,0.4593796361355094,0.8309507646638021,0.29531512013180894,0.9989329360052128,0.08309507646638022,0.8309507646638021
lam0.5_n0.9,0.5,0.9,-0.29000000000000004,0.46084367233691714,0.8313681453717215,0.2902994485367415,0.99896848396285,0.08313681453717216,0.8313681453717215
lam0.5_n0.9,0.5,0.9,-0.28500000000000003,0.4622826314949239,0.8317644783213675,0.2852843013429194,0.9990034455398316,0.08317644783213675,0.8317644783213675
lam0.5_n0.9,0.5,0.9,-0.28,0.46369651621008684,0.8321404837165021,0.28026966996683544,0.9990378196582337,0.08321404837165021,0.8321404837165021
lam0.5_n0.9,0.5,0.9,-0.275,0.46508532903998745,0.8324968691869089,0.27525554580171874,0.9990716052569462,0.08324968691869089,0.8324968691869089
lam0.5_n0.9,0.5,0.9,-0.27,0.4664490724991157,0.8328343297909189,0.27024192021788834,0.9991048012917711,0.0832834329790919,0.8328343297909189
lam0.5_n0.9,0.5,0.9,-0.265,0.46778774905875686,0.8331535480178944,0.2652287845631105,0.9991374067355195,0.08331535480178945,0.8331535480178944
lam0.5_n0.9,0.5,0.9,-0.26,0.4691013611468792,0.8334551937906737,0.2602161301629584,0.9991694205781053,0.08334551937906737,0.8334551937906737
lam0.5_n0.9,0.5,0.9,-0.255,0.47038991114802425,0.8337399244679695,0.25520394832117477,0.9992008418266395,0.08337399244679695,0.8337399244679695
lam0.5_n0.9,0.5,0.9,-0.25,0.47165340140319845,0.8340083848467306,0.25019223032003635,0.9992316695055221,0.08340083848467306,0.8340083848467306
lam0.5_n0.9,0.5,0.9,-0.245,0.4728918342097667,0.8342612071644564,0.24518096742072204,0.9992619026565325,0.08342612071644565,0.8342612071644564
lam0.5_n0.9,0.5,0.9,-0.24,0.4741052118213478,0.8344990111014741,0.2401701508636827,0.9992915403389188,0.08344990111014741,0.8344990111014741
lam0.5_n0.9,0.5,0.9,-0.235,0.4752935364477118,0.8347224037831684,0.2351597718690137,0.9993205816294859,0.08347224037831685,0.8347224037831684
lam0.5_n0.9,0.5,0.9,-0.22999999999999998,0.47645681025467895,0.834931979782173,0.23014982163683023,0.9993490256226805,0.0834931979782173,0.834931979782173
lam0.5_n0.9,0.5,0.9,-0.22499999999999998,0.47759503536402115,0.8351283211205164,0.22514029134764443,0.9993768714306769,0.08351283211205164,0.8351283211205164
lam0.5_n0.9,0.5,0.9,-0.21999999999999997,0.4787082138533645,0.8353119972717262,0.2201311721627455,0.9994041181834595,0.08353119972717263,0.8353119972717262
lam0.5_n0.9,0.5,0.9,-0.21499999999999997,0.47979634775609437,0.83548356516289,0.2151224552245817,0.9994307650289046,0.083548356516289,0.83548356516289
lam0.5_n0.9,0.5,0.9,-0.20999999999999996,0.48085943906126194,0.8356435691766728,0.2101141316571449,0.99945681113286,0.08356435691766728,0.8356435691766728
lam0.5_n0.9,0.5,0.9,-0.20499999999999996,0.4818974897134932,0.835792541153292,0.2051061925663572,0.9994822556792239,0.08357925411532921,0.835792541153292
lam0.5_n0.9,0.5,0.9,-0.19999999999999996,0.4829105016128993,0.835931000392448,0.20009862904045983,0.9995070978700212,0.0835931000392448,0.835931000392448
lam0.5_n0.9,0.5,0.9,-0.19499999999999995,0.483898476614989,0.8360594536552114,0.1950914321504042,0.9995313369254794,0.08360594536552114,0.8360594536552114
lam0.5_n0.9,0.5,0.9,-0.18999999999999995,0.48486141653058384,0.8361783951658668,0.19008459295024507,0.9995549720841012,0.08361783951658669,0.8361783951658668
lam0.5_n0.9,0.5,0.9,-0.18499999999999994,0.4857993231257339,0.8362883066137127,0.18507810247753576,0.9995780026027374,0.08362883066137128,0.8362883066137127
lam0.5_n0.9,0.5,0.9,-0.17999999999999994,0.4867121981216366,0.8363896571548175,0.1800719517537253,0.999600427756657,0.08363896571548175,0.8363896571548175
lam0.5_n0.9,0.5,0.9,-0.17499999999999993,0.4876000431945573,0.8364829034137309,0.1750661317845579,0.9996222468396152,0.0836482903413731,0.8364829034137309
lam0.5_n0.9,0.5,0.9,-0.16999999999999993,0.4884628599757516,0.8365684894851512,0.17006063356047368,0.999643459163921,0.08365684894851512,0.8365684894851512
lam0.5_n0.9,0.5,0.9,-0.16500000000000004,0.48930065005138995,0.8366468469355497,0.16505544805701228,0.9996640640605023,0.08366468469355498,0.8366468469355497
lam0.5_n0.9,0.5,0.9,-0.16000000000000003,0.49011341496248395,0.8367183948047479,0.1600505662352168,0.9996840608789697,0.0836718394804748,0.8367183948047479
lam0.5_n0.9,0.5,0.9,-0.15500000000000003,0.4909011562048151,0.836783539607453,0.15504597904204145,0.9997034489876777,0.0836783539607453,0.836783539607453
lam0.5_n0.9,0.5,0.9,-0.15000000000000002,0.4916638752288654,0.8368426753347471,0.15004167741075933,0.9997222277737858,0.08368426753347472,0.8368426753347471
lam0.5_n0.9,0.5,0.9,-0.14500000000000002,0.4924015734397496,0.8368961834555317,0.14503765226137258,0.9997403966433164,0.08368961834555318,0.8368961834555317
lam0.5_n0.9,0.5,0.9,-0.14,0.4931142521971505,0.8369444329179283,0.14003389450102424,0.999757955021211,0.08369444329179283,0.8369444329179283
lam0.5_n0.9,0.5,0.9,-0.135,0.493801912815255,0.8369877801506329,0.1350303950244114,0.9997749023513862,0.0836987780150633,0.8369877801506329
lam0.5_n0.9,0.5,0.9,-0.13,0.49446455656269334,0.8370265690642265,0.1300271447142,0.9997912380967863,0.08370265690642265,0.8370265690642265
lam0.5_n0.9,0.5,0.9,-0.125,0.49510218466248,0.8370611310524395,0.1250241344414413,0.9998069617394343,0.08370611310524395,0.8370611310524395
lam0.5_n0.9,0.5,0.9,-0.12,0.4957147982919564,0.8370917849933718,0.12002135506598965,0.9998220727804821,0.08370917849933718,0.8370917849933718
lam0.5_n0.9,0.5,0.9,-0.11499999999999999,0.4963023985827363,0.8371188372506667,0.11501879743692148,0.9998365707402583,0.08371188372506667,0.8371188372506667
lam0.5_n0.9,0.5,0.9,-0.10999999999999999,0.4968649866206524,0.8371425816746404,0.11001645239295595,0.9998504551583139,0.08371425816746404,0.8371425816746404
lam0.5_n0.9,0.5,0.9,-0.10499999999999998,0.49740256344570644,0.8371632996033647,0.10501431076287673,0.9998637255934664,0.08371632996033647,0.8371632996033647
lam0.5_n0.9,0.5,0.9,-0.09999999999999998,0.4979151300520198,0.8371812598637057,0.10001236336595494,0.9998763816238426,0.08371812598637057,0.8371812598637057
lam0.5_n0.9,0.5,0.9,-0.09499999999999997,0.4984026873877875,0.8371967187723157,0.09501060101237345,0.999888422846919,0.08371967187723157,0.8371967187723157
lam0.5_n0.9,0.5,0.9,-0.08999999999999997,0.49886523635523344,0.8372099201365797,0.09000901450365217,0.9998998488795604,0.08372099201365797,0.8372099201365797
lam0.5_n0.9,0.5,0.9,-0.08499999999999996,0.49930277781056853,0.837221095255517,0.08500759463307456,0.9999106593580566,0.0837221095255517,0.837221095255517
lam0.5_n0.9,0.5,0.9,-0.07999999999999996,0.4997153125639504,0.8372304629206351,0.0800063321861149,0.9999208539381581,0.08372304629206351,0.8372304629206351
lam0.5_n0.9,0.5,0.9,-0.07499999999999996,0.5001028413794453,0.8372382294167401,0.075005217940867,0.9999304322951084,0.08372382294167402,0.8372382294167401
lam0.5_n0.9,0.5,0.9,-0.06999999999999995,0.5004653649749924,0.8372445885226989,0.07000424266847327,0.999939394123676,0.0837244588522699,0.8372445885226989
lam0.5_n0.9,0.5,0.9,-0.06499999999999995,0.5008028840223703,0.8372497215121573,0.06500339713355513,0.9999477391381838,0.08372497215121573,0.8372497215121573
lam0.5_n0.9,0.5,0.9,-0.05999999999999994,0.501115399147165,0.8372537971542107,0.06000267209464399,0.9999554670725359,0.08372537971542107,0.8372537971542107
lam0.5_n0.9,0.5,0.9,-0.05499999999999994,0.5014029109287411,0.8372569717140292,0.05500205830461304,0.9999625776802442,0.08372569717140294,0.8372569717140292
lam0.5_n0.9,0.5,0.9,-0.04999999999999993,0.5016654199002141,0.8372593889534372,0.050001546511109794,0.9999690707344518,0.08372593889534373,0.8372593889534372
lam0.5_n0.9,0.5,0.9,-0.04499999999999993,0.5019029265484258,0.8372611801314451,0.045001127456989226,0.9999749460279551,0.08372611801314452,0.8372611801314451
lam0.5_n0.9,0.5,0.9,-0.040000000000000036,0.502115431313921,0.8372624640047377,0.04000079188074767,0.9999802033732232,0.08372624640047377,0.8372624640047377
lam0.5_n0.9,0.5,0.9,-0.03500000000000003,0.5023029345909271,0.8372633468281125,0.03500053051695668,0.9999848426024173,0.08372633468281127,0.8372633468281125
lam0.5_n0.9,0.5,0.9,-0.030000000000000027,0.5024654367273353,0.8372639223548755,0.03000033409669851,0.9999888635674054,0.08372639223548756,0.8372639223548755
lam0.5_n0.9,0.5,0.9,-0.025000000000000022,0.5026029380246848,0.8372642718371879,0.025000193348000903,0.9999922661397778,0.0837264271837188,0.8372642718371879
lam0.5_n0.9,0.5,0.9,-0.020000000000000018,0.5027154387381476,0.8372644640263684,0.020000098996272846,0.9999950502108591,0.08372644640263685,0.8372644640263684
lam0.5_n0.9,0.5,0.9,-0.015000000000000013,0.5028029390765176,0.8372645551731479,0.01500004176474052,0.9999972156917186,0.0837264555173148,0.8372645551731479
lam0.5_n0.9,0.5,0.9,-0.010000000000000009,0.5028654392022003,0.8372645890278784,0.010000012374883531,0.9999987625131792,0.08372645890278785,0.8372645890278784
lam0.5_n0.9,0.5,0.9,-0.0050000000000000044,0.5029029392312045,0.8372645968406949,0.005000001546871365,0.9999996906258237,0.0837264596840695,0.8372645968406949
lam0.5_n0.9,0.5,0.9,0.0,0.5029154392331383,0.8372645973616324,0.0,1.0,0.08372645973616324,0.8372645973616324
lam0.5_n0.9,0.5,0.9,0.0050000000000001155,0.5029029392312045,0.8372645968406949,0.005000001546871476,0.9999996906258237,0.0837264596840695,0.8372645968406949
lam0.5_n0.9,0.5,0.9,0.010000000000000009,0.5028654392022003,0.8372645890278784,0.010000012374883531,0.9999987625131792,0.08372645890278785,0.8372645890278784
lam0.5_n0.9,0.5,0.9,0.015000000000000124,0.5028029390765176,0.8372645551731479,0.01500004176474063,0.9999972156917186,0.0837264555173148,0.8372645551731479
lam0.5_n0.9,0.5,0.9,0.020000000000000018,0.5027154387381476,0.8372644640263684,0.020000098996272846,0.9999950502108591,0.08372644640263685,0.8372644640263684
lam0.5_n0.9,0.5,0.9,0.02499999999999991,0.5026029380246848,0.8372642718371879,0.025000193348000792,0.9999922661397778,0.0837264271837188,0.8372642718371879
lam0.5_n0.9,0.5,0.9,0.030000000000000027,0.5024654367273353,0.8372639223548755,0.03000033409669851,0.9999888635674054,0.08372639223548756,0.8372639223548755
lam0.5_n0.9,0.5,0.9,0.03499999999999992,0.5023029345909271,0.8372633468281125,0.03500053051695657,0.9999848426024173,0.08372633468281127,0.8372633468281125
lam0.5_n0.9,0.5,0.9,0.040000000000000036,0.502115431313921,0.8372624640047377,0.04000079188074767,0.9999802033732232,0.08372624640047377,0.8372624640047377
lam0.5_n0.9,0.5,0.9,0.04499999999999993,0.5019029265484258,0.8372611801314451,0.045001127456989226,0.9999749460279551,0.08372611801314452,0.8372611801314451
lam0.5_n0.9,0.5,0.9,0.050000000000000044,0.5016654199002141,0.8372593889534372,0.050001546511109905,0.9999690707344518,0.08372593889534373,0.8372593889534372
lam0.5_n0.9,0.5,0.9,0.05499999999999994,0.5014029109287411,0.8372569717140292,0.05500205830461304,0.9999625776802442,0.08372569717140294,0.8372569717140292
lam0.5_n0.9,0.5,0.9,0.06000000000000005,0.501115399147165,0.8372537971542107,0.0600026720946441,0.9999554670725359,0.08372537971542107,0.8372537971542107
lam0.5_n0.9,0.5,0.9,0.06499999999999995,0.5008028840223703,0.8372497215121573,0.06500339713355513,0.9999477391381838,0.08372497215121573,0.8372497215121573
lam0.5_n0.9,0.5,0.9,0.07000000000000006,0.5004653649749924,0.8372445885226989,0.07000424266847338,0.999939394123676,0.0837244588522699,0.8372445885226989
lam0.5_n0.9,0.5,0.9,0.07499999999999996,0.5001028413794453,0.8372382294167401,0.075005217940867,0.9999304322951084,0.08372382294167402,0.8372382294167401
lam0.5_n0.9,0.5,0.9,0.08000000000000007,0.4997153125639504,0.8372304629206351,0.08000633218611501,0.9999208539381581,0.08372304629206351,0.8372304629206351
lam0.5_n0.9,0.5,0.9,0.08499999999999996,0.49930277781056853,0.837221095255517,0.08500759463307456,0.9999106593580566,0.0837221095255517,0.837221095255517
lam0.5_n0.9,0.5,0.9,0.09000000000000008,0.49886523635523344,0.8372099201365797,0.09000901450365228,0.9998998488795604,0.08372099201365797,0.8372099201365797
lam0.5_n0.9,0.5,0.9,0.09499999999999997,0.4984026873877875,0.8371967187723157,0.09501060101237345,0.999888422846919,0.08371967187723157,0.8371967187723157
lam0.5_n0.9,0.5,0.9,0.10000000000000009,0.4979151300520198,0.8371812598637057,0.10001236336595505,0.9998763816238426,0.08371812598637057,0.8371812598637057
lam0.5_n0.9,0.5,0.9,0.10499999999999998,0.49740256344570644,0.8371632996033647,0.10501431076287673,0.9998637255934664,0.08371632996033647,0.8371632996033647
lam0.5_n0.9,0.5,0.9,0.1100000000000001,0.4968649866206524,0.8371425816746404,0.11001645239295606,0.9998504551583139,0.08371425816746404,0.8371425816746404
lam0.5_n0.9,0.5,0.9,0.11499999999999999,0.4963023985827363,0.8371188372506667,0.11501879743692148,0.9998365707402583,0.08371188372506667,0.8371188372506667
lam0.5_n0.9,0.5,0.9,0.1200000000000001,0.4957147982919564,0.8370917849933718,0.12002135506598977,0.9998220727804821,0.08370917849933718,0.8370917849933718
lam0.5_n0.9,0.5,0.9,0.125,0.49510218466248,0.8370611310524395,0.1250241344414413,0.9998069617394343,0.08370611310524395,0.8370611310524395
lam0.5_n0.9,0.5,0.9,0.13000000000000012,0.49446455656269334,0.8370265690642265,0.1300271447142001,0.9997912380967863,0.08370265690642265,0.8370265690642265
lam0.5_n0.9,0.5,0.9,0.135,0.493801912815255,0.8369877801506329,0.1350303950244114,0.9997749023513862,0.0836987780150633,0.8369877801506329
lam0.5_n0.9,0.5,0.9,0.14000000000000012,0.4931142521971505,0.8369444329179283,0.14003389450102435,0.999757955021211,0.08369444329179283,0.8369444329179283
lam0.5_n0.9,0.5,0.9,0.14500000000000002,0.4924015734397496,0.8368961834555317,0.14503765226137258,0.9997403966433164,0.08368961834555318,0.8368961834555317
lam0.5_n0.9,0.5,0.9,0.15000000000000013,0.4916638752288654,0.8368426753347471,0.15004167741075944,0.9997222277737858,0.08368426753347472,0.8368426753347471
lam0.5_n0.9,0.5,0.9,0.15500000000000003,0.4909011562048151,0.836783539607453,0.15504597904204145,0.9997034489876777,0.0836783539607453,0.836783539607453
lam0.5_n0.9,0.5,0.9,0.15999999999999992,0.49011341496248395,0.8367183948047479,0.16005056623521668,0.9996840608789697,0.0836718394804748,0.8367183948047479
lam0.5_n0.9,0.5,0.9,0.16500000000000004,0.48930065005138995,0.8366468469355497,0.16505544805701228,0.9996640640605023,0.08366468469355498,0.8366468469355497
lam0.5_n0.9,0.5,0.9,0.16999999999999993,0.4884628599757516,0.8365684894851512,0.17006063356047368,0.999643459163921,0.08365684894851512,0.8365684894851512
lam0.5_n0.9,0.5,0.9,0.17500000000000004,0.4876000431945573,0.8364829034137309,0.17506613178455802,0.9996222468396152,0.0836482903413731,0.8364829034137309
lam0.5_n0.9,0.5,0.9,0.17999999999999994,0.4867121981216366,0.8363896571548175,0.1800719517537253,0.999600427756657,0.08363896571548175,0.8363896571548175
lam0.5_n0.9,0.5,0.9,0.18500000000000005,0.4857993231257339,0.8362883066137127,0.18507810247753587,0.9995780026027374,0.08362883066137128,0.8362883066137127
lam0.5_n0.9,0.5,0.9,0.18999999999999995,0.48486141653058384,0.8361783951658668,0.19008459295024507,0.9995549720841012,0.08361783951658669,0.8361783951658668
lam0.5_n0.9,0.5,0.9,0.19500000000000006,0.483898476614989,0.8360594536552114,0.1950914321504043,0.9995313369254794,0.08360594536552114,0.8360594536552114
lam0.5_n0.9,0.5,0.9,0.19999999999999996,0.4829105016128993,0.835931000392448,0.20009862904045983,0.9995070978700212,0.0835931000392448,0.835931000392448
lam0.5_n0.9,0.5,0.9,0.20500000000000007,0.4818974897134932,0.835792541153292,0.20510619256635731,0.9994822556792239,0.08357925411532921,0.835792541153292
lam0.5_n0.9,0.5,0.9,0.20999999999999996,0.48085943906126194,0.8356435691766728,0.2101141316571449,0.99945681113286,0.08356435691766728,0.8356435691766728
lam0.5_n0.9,0.5,0.9,0.21500000000000008,0.47979634775609437,0.83548356516289,0.21512245522458182,0.9994307650289046,0.083548356516289,0.83548356516289
lam0.5_n0.9,0.5,0.9,0.21999999999999997,0.4787082138533645,0.8353119972717262,0.2201311721627455,0.9994041181834595,0.08353119972717263,0.8353119972717262
lam0.5_n0.9,0.5,0.9,0.2250000000000001,0.47759503536402115,0.8351283211205164,0.22514029134764454,0.9993768714306769,0.08351283211205164,0.8351283211205164
lam0.5_n0.9,0.5,0.9,0.22999999999999998,0.47645681025467895,0.834931979782173,0.23014982163683023,0.9993490256226805,0.0834931979782173,0.834931979782173
lam0.5_n0.9,0.5,0.9,0.2350000000000001,0.4752935364477118,0.8347224037831684,0.23515977186901382,0.9993205816294859,0.08347224037831685,0.8347224037831684
lam0.5_n0.9,0.5,0.9,0.24,0.4741052118213478,0.8344990111014741,0.2401701508636827,0.9992915403389188,0.08344990111014741,0.8344990111014741
lam0.5_n0.9,0.5,0.9,0.2450000000000001,0.4728918342097667,0.8342612071644564,0.24518096742072215,0.9992619026565325,0.08342612071644565,0.8342612071644564
lam0.5_n0.9,0.5,0.9,0.25,0.47165340140319845,0.8340083848467306,0.25019223032003635,0.9992316695055221,0.08340083848467306,0.8340083848467306
lam0.5_n0.9,0.5,0.9,0.2550000000000001,0.4703899111480242,0.8337399244679695,0.2552039483211749,0.9992008418266395,0.08337399244679695,0.8337399244679695
lam0.5_n0.9,0.5,0.9,0.26,0.4691013611468792,0.8334551937906737,0.2602161301629584,0.9991694205781053,0.08334551937906737,0.8334551937906737
lam0.5_n0.9,0.5,0.9,0.2650000000000001,0.4677877490587568,0.8331535480178944,0.2652287845631106,0.9991374067355195,0.08331535480178945,0.8331535480178944
lam0.5_n0.9,0.5,0.9,0.27,0.4664490724991157,0.8328343297909189,0.27024192021788834,0.9991048012917711,0.0832834329790919,0.8328343297909189
lam0.5_n0.9,0.5,0.9,0.27500000000000013,0.4650853290399874,0.8324968691869089,0.27525554580171885,0.9990716052569462,0.08324968691869089,0.8324968691869089
lam0.5_n0.9,0.5,0.9,0.28,0.46369651621008684,0.8321404837165021,0.28026966996683544,0.9990378196582337,0.08321404837165021,0.8321404837165021
lam0.5_n0.9,0.5,0.9,0.2849999999999999,0.46228263149492393,0.8317644783213675,0.28528430134291927,0.9990034455398316,0.08317644783213675,0.8317644783213675
lam0.5_n0.9,0.5,0.9,0.29000000000000004,0.46084367233691714,0.8313681453717215,0.2902994485367415,0.99896848396285,0.08313681453717216,0.8313681453717215
lam0.5_n0.9,0.5,0.9,0.29499999999999993,0.4593796361355095,0.8309507646638021,0.29531512013180883,0.9989329360052128,0.08309507646638022,0.8309507646638021
lam0.5_n0.9,0.5,0.9,0.30000000000000004,0.4578905202472848,0.8305116034173009,0.3003313246880128,0.9988968027615601,0.0830511603417301,0.8305116034173009
lam0.5_n0.9,0.5,0.9,0.30499999999999994,0.4563763219860878,0.830049916272755,0.3053480707412799,0.9988600853431464,0.08300499162727551,0.830049916272755
lam0.5_n0.9,0.5,0.9,0.31000000000000005,0.45483703862314373,0.8295649452888981,0.3103653668032268,0.9988227848777392,0.08295649452888981,0.8295649452888981
lam0.5_n0.9,0.5,0.9,0.31499999999999995,0.45327266738718147,0.8290559199399692,0.315383221360816,0.9987849025095168,0.08290559199399693,0.8290559199399692
lam0.5_n0.9,0.5,0.9,0.32000000000000006,0.45168320546455754,0.8285220571129823,0.3204016428760172,0.9987464393989623,0.08285220571129824,0.8285220571129823
lam0.5_n0.9,0.5,0.9,0.32499999999999996,0.45006864999938156,0.8279625611049553,0.32542063978546837,0.9987073967227594,0.08279625611049553,0.8279625611049553
lam0.5_n0.9,0.5,0.9,0.33000000000000007,0.4484289980936441,0.8273766236200979,0.3304402205001434,0.9986677756736847,0.0827376623620098,0.8273766236200979
lam0.5_n0.9,0.5,0.9,0.33499999999999996,0.4467642468073456,0.8267634237669603,0.3354603934050186,0.9986275774604999,0.08267634237669604,0.8267634237669603
lam0.5_n0.9,0.5,0.9,0.3400000000000001,0.4450743931586275,0.8261221280555421,0.340481166858747,0.9985868033078419,0.08261221280555421,0.8261221280555421
lam0.5_n0.9,0.5,0.9,0.345,0.4433594341239044,0.8254518903943603,0.3455025491933308,0.9985454544561129,0.08254518903943603,0.8254518903943603
lam0.5_n0.9,0.5,0.9,0.3500000000000001,0.44161936663799806,0.8247518520874787,0.35052454871380123,0.9985035321613682,0.08247518520874787,0.8247518520874787
lam0.5_n0.9,0.5,0.9,0.355,0.4398541875942733,0.8240211418314991,0.355547173697898,0.9984610376952034,0.08240211418314991,0.8240211418314991
lam0.5_n0.9,0.5,0.9,0.3600000000000001,0.4380638938447752,0.8232588757125108,0.36057043239575526,0.9984179723446401,0.08232588757125109,0.8232588757125108
lam0.5_n0.9,0.5,0.9,0.365,0.4362484822003675,0.8224641572030029,0.36559433302958694,0.9983743374120111,0.0822464157203003,0.8224641572030029
lam0.5_n0.9,0.5,0.9,0.3700000000000001,0.4344079494308735,0.8216360771587385,0.37061888379337954,0.9983301342148436,0.08216360771587386,0.8216360771587385
lam0.5_n0.9,0.5,0.9,0.375,0.4325422922652181,0.820773713815589,0.3756440928525839,0.9982853640857421,0.0820773713815589,0.820773713815589
lam0.5_n0.9,0.5,0.9,0.3800000000000001,0.4306515073915703,0.8198761327863293,0.3806699683438141,0.99824002837227,0.08198761327863294,0.8198761327863293
lam0.5_n0.9,0.5,0.9,0.385,0.4287355914574895,0.8189423870573992,0.38569651837454627,0.99819412843683,0.08189423870573992,0.8189423870573992
lam0.5_n0.9,0.5,0.9,0.3900000000000001,0.4267945410700704,0.8179715169856208,0.390723751022824,0.9981476656565431,0.08179715169856208,0.8179715169856208
lam0.5_n0.9,0.5,0.9,0.395,0.4248283527960923,0.8169625502948836,0.3957516743369634,0.9981006414231279,0.08169625502948837,0.8169625502948836
lam0.5_n0.9,0.5,0.9,0.40000000000000013,0.4228370231621673,0.8159145020727887,0.4007802963352656,0.9980530571427776,0.08159145020727887,0.8159145020727887
lam0.5_n0.9,0.5,0.9,0.405,0.42082054865489216,0.8148263747672575,0.4058096250057285,0.9980049142360361,0.08148263747672575,0.8148263747672575
lam0.5_n0.9,0.5,0.9,0.4099999999999999,0.41877892572099956,0.8136971581831031,0.4108396683057658,0.9979562141376744,0.08136971581831032,0.8136971581831031
lam0.5_n0.9,0.5,0.9,0.41500000000000004,0.41671215076751233,0.8125258294785637,0.41587043416192654,0.9979069582965651,0.08125258294785637,0.8125258294785637
lam0.5_n0.9,0.5,0.9,0.41999999999999993,0.41462022016189853,0.8113113531618016,0.4209019304696192,0.9978571481755549,0.08113113531618016,0.8113113531618016
lam0.5_n0.9,0.5,0.9,0.42500000000000004,0.41250313023222707,0.8100526810873637,0.42593416509284004,0.9978067852513396,0.08100526810873637,0.8100526810873637
lam0.5_n0.9,0.5,0.9,0.42999999999999994,0.4103608772673265,0.8087487524526077,0.4309671458639029,0.9977558710143339,0.08087487524526077,0.8087487524526077
lam0.5_n0.9,0.5,0.9,0.43500000000000005,0.40819345751694314,0.8073984937940898,0.4360008805831753,0.9977044069685443,0.08073984937940898,0.8073984937940898
lam0.5_n0.9,0.5,0.9,0.43999999999999995,0.40600086719190215,0.8060008189839205,0.4410353770188148,0.9976523946314386,0.08060008189839206,0.8060008189839205
lam0.5_n0.9,0.5,0.9,0.44500000000000006,0.40378310246426896,0.8045546292260812,0.4460706429065125,0.9975998355338151,0.08045546292260813,0.8045546292260812
lam0.5_n0.9,0.5,0.9,0.44999999999999996,0.4015401594675121,0.8030588130527078,0.4511066859492363,0.9975467312196723,0.08030588130527078,0.8030588130527078
lam0.5_n0.9,0.5,0.9,0.45500000000000007,0.39927203429666763,0.8015122463203389,0.4561435138169815,0.9974930832460763,0.08015122463203389,0.8015122463203389
lam0.5_n0.9,0.5,0.9,0.45999999999999996,0.39697872300850473,0.7999137922061285,0.4611811341465215,0.997438893183028,0.07999137922061285,0.7999137922061285
lam0.5_n0.9,0.5,0.9,0.4650000000000001,0.3946602216216921,0.7982623012040249,0.4662195545411653,0.9973841626133304,0.07982623012040249,0.7982623012040249
lam0.5_n0.9,0.5,0.9,0.47,0.39231652611696616,0.7965566111209157,0.47125878257051573,0.9973288931324534,0.07965566111209157,0.7965566111209157
lam0.5_n0.9,0.5,0.9,0.4750000000000001,0.3899476324373,0.794795547072737,0.476298825770234,0.9972730863484,0.0794795547072737,0.794795547072737
lam0.5_n0.9,0.5,0.9,0.48,0.3875535364880737,0.7929779214805508,0.4813396916418053,0.9972167438815699,0.07929779214805509,0.7929779214805508
lam0.5_n0.9,0.5,0.9,0.4850000000000001,0.38513423413724596,0.7911025340665878,0.4863813876523105,0.9971598673646248,0.07911025340665878,0.7911025340665878
lam0.5_n0.9,0.5,0.9,0.49,0.3826897212155265,0.7891681718502568,0.49142392123419937,0.9971024584423501,0.07891681718502569,0.7891681718502568
lam0.5_n0.9,0.5,0.9,0.4950000000000001,0.3802199935165499,0.7871736091441213,0.49646729978506954,0.997044518771519,0.07871736091441213,0.7871736091441213
lam0.5_n0.9,0.5,0.9,0.5,0.3777250467970503,0.7851176075498434,0.5015115306674469,0.9969860500207538,0.07851176075498434,0.7851176075498434
lam0.5_n0.9,0.5,0.9,0.5050000000000001,0.37520487677703723,0.7829989159540942,0.5065566212085723,0.9969270538703882,0.07829989159540943,0.7829989159540942
lam0.5_n0.9,0.5,0.9,0.51,0.37265947913997277,0.7808162705244339,0.5116025787001889,0.9968675320123278,0.0780816270524434,0.7808162705244339
lam0.5_n0.9,0.5,0.9,0.5150000000000001,0.37008884953294946,0.7785683947051567,0.516649410398337,0.9968074861499113,0.07785683947051568,0.7785683947051567
lam0.5_n0.9,0.5,0.9,0.52,0.36749298356686944,0.7762539992131063,0.5216971235231481,0.9967469179977704,0.07762539992131064,0.7762539992131063
lam0.5_n0.9,0.5,0.9,0.5250000000000001,0.36487187681662403,0.77387178203346,0.5267457252586478,0.996685829281689,0.07738717820334601,0.77387178203346
lam0.5_n0.9,0.5,0.9,0.53,0.3622255248212757,0.7714204284154784,0.5317952227525569,0.996624221738464,0.07714204284154785,0.7714204284154784
lam0.5_n0.9,0.5,0.9,0.5350000000000001,0.35955392308423845,0.7688986108682277,0.5368456231161014,0.9965620971157622,0.07688986108682277,0.7688986108682277
lam0.5_n0.9,0.5,0.9,0.54,0.3568570670734631,0.7663049891562699,0.5418969334238228,0.9964994571719801,0.076630498915627,0.7663049891562699
lam0.5_n0.9,0.5,0.9,0.5449999999999999,0.3541349522216187,0.7636382102953191,0.5469491607133936,0.9964363036761016,0.07636382102953192,0.7636382102953191
lam0.5_n0.9,0.5,0.9,0.55,0.35138757392627923,0.760896908547874,0.5520023119854366,0.9963726384075555,0.0760896908547874,0.760896908547874
lam0.5_n0.9,0.5,0.9,0.5549999999999999,0.3486149275501083,0.7580797054188145,0.5570563942033464,0.9963084631560736,0.07580797054188146,0.7580797054188145
lam0.5_n0.9,0.5,0.9,0.56,0.3458170084210457,0.7551852096509709,0.5621114142931177,0.9962437797215471,0.07551852096509709,0.7551852096509709
lam0.5_n0.9,0.5,0.9,0.565,0.3429938118324956,0.7522120172206639,0.5671673791431739,0.9961785899138834,0.0752212017220664,0.7522120172206639
lam0.5_n0.9,0.5,0.9,0.5700000000000001,0.3401453330435141,0.7491587113332134,0.5722242956042027,0.9961128955528635,0.07491587113332135,0.7491587113332134
lam0.5_n0.9,0.5,0.9,0.575,0.3372715672789986,0.7460238624184216,0.5772821704889918,0.9960466984679976,0.07460238624184216,0.7460238624184216
lam0.5_n0.9,0.5,0.9,0.5800000000000001,0.3343725097298773,0.7428060281260218,0.5823410105722728,0.9959800004983812,0.07428060281260218,0.7428060281260218
lam0.5_n0.9,0.5,0.9,0.585,0.3314481555533009,0.7395037533211059,0.5874008225905646,0.9959128034925514,0.07395037533211059,0.7395037533211059
lam0.5_n0.9,0.5,0.9,0.5900000000000001,0.32849849987283264,0.7361155700795159,0.592461613242024,0.9958451093083422,0.07361155700795159,0.7361155700795159
lam0.5_n0.9,0.5,0.9,0.595,0.32552353777864174,0.732639997683215,0.5975233891862968,0.9957769198127404,0.0732639997683215,0.732639997683215
lam0.5_n0.9,0.5,0.9,0.6000000000000001,0.3225232643276952,0.7290755426156236,0.6025861570443769,0.9957082368817405,0.07290755426156235,0.7290755426156236
lam0.5_n0.9,0.5,0.9,0.605,0.3194976745439525,0.7254206985569338,0.6076499233984636,0.9956390624002006,0.07254206985569338,0.7254206985569338
lam0.5_n0.9,0.5,0.9,0.6100000000000001,0.3164467634185591,0.7216739463793928,0.6127146947918284,0.9955693982616972,0.07216739463793928,0.7216739463793928
lam0.5_n0.9,0.5,0.9,0.615,0.31337052591004194,0.7178337541425615,0.6177804777286809,0.9954992463683805,0.07178337541425615,0.7178337541425615
lam0.5_n0.9,0.5,0.9,0.6200000000000001,0.31026895694450446,0.713898577088545,0.6228472786740421,0.9954286086308293,0.0713898577088545,0.713898577088545
lam0.5_n0.9,0.5,0.9,0.625,0.3071420514158236,0.709866857637198,0.6279151040536177,0.9953574869679057,0.0709866857637198,0.709866857637198
lam0.5_n0.9,0.5,0.9,0.6300000000000001,0.30398980418584604,0.7057370253813021,0.6329839602536795,0.9952858833066108,0.07057370253813021,0.7057370253813021
lam0.5_n0.9,0.5,0.9,0.635,0.30081221008458625,0.7015074970817202,0.6380538536209458,0.9952137995819393,0.07015074970817202,0.7015074970817202
lam0.5_n0.9,0.5,0.9,0.6400000000000001,0.29760926391042364,0.6971766766625209,0.6431247904624698,0.9951412377367342,0.06971766766625209,0.6971766766625209
lam0.5_n0.9,0.5,0.9,0.645,0.2943809604303027,0.6927429552060829,0.6481967770455285,0.9950681997215424,0.06927429552060829,0.6927429552060829
lam0.5_n0.9,0.5,0.9,0.6500000000000001,0.29112729437993007,0.6882047109481686,0.6532698195975176,0.994994687494469,0.06882047109481686,0.6882047109481686
lam0.5_n0.9,0.5,0.9,0.655,0.2878482604639761,0.6835603092729778,0.6583439243058476,0.9949207030210335,0.06835603092729779,0.6835603092729778
lam0.5_n0.9,0.5,0.9,0.6600000000000001,0.284543853356274,0.678808102708173,0.6634190973178473,0.9948462482740242,0.06788081027081731,0.678808102708173
lam0.5_n0.9,0.5,0.9,0.665,0.281214067700021,0.6739464309198839,0.6684953447406659,0.994771325233354,0.0673946430919884,0.6739464309198839
lam0.5_n0.9,0.5,0.9,0.6699999999999999,0.27785889810797904,0.6689736207076842,0.673572672641184,0.9946959358859154,0.06689736207076842,0.6689736207076842
lam0.5_n0.9,0.5,0.9,0.675,0.27447833916267617,0.6638879859995467,0.678651087045925,0.9946200822254369,0.06638879859995467,0.6638879859995467
lam0.5_n0.9,0.5,0.9,0.6799999999999999,0.2710723854166094,0.6586878278467756,0.6837305939409696,0.9945437662523381,0.06586878278467756,0.6586878278467756
lam0.5_n0.9,0.5,0.9,0.685,0.26764103139244616,0.6533714344189137,0.6888111992718775,0.9944669899735862,0.06533714344189137,0.6533714344189137
lam0.5_n0.9,0.5,0.9,0.69,0.2641842715832282,0.6479370809986275,0.6938929089436086,0.9943897554025516,0.06479370809986275,0.6479370809986275
lam0.5_n0.9,0.5,0.9,0.6950000000000001,0.26070210045257347,0.6423830299765689,0.698975728820451,0.9943120645588651,0.0642383029976569,0.6423830299765689
lam0.5_n0.9,0.5,0.9,0.7,0.25719451243488073,0.6367075308462172,0.7040596647259498,0.994233919468274,0.06367075308462172,0.6367075308462172
lam0.5_n0.9,0.5,0.9,0.7050000000000001,0.25366150193553266,0.6309088201986932,0.7091447224428425,0.994155322162499,0.06309088201986933,0.6309088201986932
lam0.5_n0.9,0.5,0.9,0.71,0.2501030633311007,0.6249851217175579,0.7142309077129947,0.9940762746790918,0.062498512171755796,0.6249851217175579
lam0.5_n0.9,0.5,0.9,0.7150000000000001,0.246519190969549,0.6189346461735857,0.7193182262373425,0.9939967790612918,0.061893464617358576,0.6189346461735857
lam0.5_n0.9,0.5,0.9,0.72,0.2429098791704398,0.6127555914195171,0.7244066836758352,0.993916837357885,0.06127555914195171,0.6127555914195171
lam0.5_n0.9,0.5,0.9,0.7250000000000001,0.23927512222513803,0.6064461423847884,0.729496285647385,0.9938364516230611,0.06064461423847885,0.6064461423847884
lam0.5_n0.9,0.5,0.9,0.73,0.23561491439701648,0.6000044710702461,0.7345870377298165,0.9937556239162723,0.06000044710702462,0.6000044710702461
lam0.5_n0.9,0.5,0.9,0.7350000000000001,0.231929249921662,0.5934287365428329,0.7396789454598232,0.9936743563020921,0.05934287365428329,0.5934287365428329
lam0.5_n0.9,0.5,0.9,0.74,0.22821812300708105,0.5867170849302608,0.7447720143329241,0.9935926508500749,0.05867170849302608,0.5867170849302608
lam0.5_n0.9,0.5,0.9,0.7450000000000001,0.2244815278339046,0.5798676494156586,0.7498662498034273,0.9935105096346144,0.05798676494156586,0.5798676494156586
lam0.5_n0.9,0.5,0.9,0.75,0.22071945855559588,0.5728785502322032,0.754961657284393,0.9934279347348047,0.05728785502322033,0.5728785502322032
lam0.5_n0.9,0.5,0.9,0.7550000000000001,0.21693190929865633,0.5657478946577286,0.7600582421476038,0.9933449282343005,0.05657478946577286,0.5657478946577286
lam0.5_n0.9,0.5,0.9,0.76,0.21311887416283126,0.5584737770093176,0.7651560097235349,0.9932614922211773,0.05584737770093176,0.5584737770093176
lam0.5_n0.9,0.5,0.9,0.7650000000000001,0.20928034722131675,0.5510542786378744,0.7702549653013313,0.9931776287877931,0.05510542786378744,0.5510542786378744
lam0.5_n0.9,0.5,0.9,0.77,0.20541632252096687,0.543487467922677,0.775355114128784,0.9930933400306501,0.0543487467922677,0.543487467922677
lam0.5_n0.9,0.5,0.9,0.7750000000000001,0.2015267940825,0.5357714002659122,0.7804564614123141,0.9930086280502568,0.053577140026591225,0.5357714002659122
lam0.5_n0.9,0.5,0.9,0.78,0.19761175590070612,0.5279041180871933,0.7855590123169555,0.992923494950991,0.05279041180871933,0.5279041180871933
lam0.5_n0.9,0.5,0.9,0.7850000000000001,0.19367120194465284,0.5198836508180562,0.7906627719663462,0.9928379428409625,0.051988365081805626,0.5198836508180562
lam0.5_n0.9,0.5,0.9,0.79,0.1897051261578942,0.5117080148964437,0.7957677454427168,0.9927519738318774,0.05117080148964437,0.5117080148964437
lam0.5_n0.9,0.5,0.9,0.7949999999999999,0.18571352245867542,0.5033752137611661,0.8008739377868881,0.9926655900389018,0.05033752137611661,0.5033752137611661
lam0.5_n0.9,0.5,0.9,0.8,0.1816963847401421,0.49488323784634813,0.8059813539982674,0.9925787935805271,0.049488323784634816,0.49488323784634813
lam0.5_n0.9,0.5,0.9,0.8049999999999999,0.1776537068705459,0.48623006457586077,0.8110899990348502,0.9924915865784352,0.04862300645758608,0.48623006457586077
lam0.5_n0.9,0.5,0.9,0.81,0.1735854826934522,0.47741365835772964,0.8161998778132252,0.9924039711573641,0.047741365835772966,0.47741365835772964
lam0.5_n0.9,0.5,0.9,0.815,0.16949170602794686,0.4684319705785361,0.8213109952085804,0.9923159494449753,0.046843197057853614,0.4684319705785361
lam0.5_n0.9,0.5,0.9,0.8200000000000001,0.1653723706688427,0.45928293959779265,0.8264233560547156,0.9922275235717197,0.045928293959779265,0.45928293959779265
lam0.5_n0.9,0.5,0.9,0.825,0.16122747038688787,0.44996449074231193,0.831536965144054,0.9921386956707071,0.0449964490742312,0.44996449074231193
lam0.5_n0.9,0.5,0.9,0.8300000000000001,0.15705699892897151,0.44047453630055106,0.8366518272276612,0.9920494678775726,0.044047453630055106,0.44047453630055106
lam0.5_n0.9,0.5,0.9,0.835,0.1528609500183308,0.43081097551694864,0.8417679470152626,0.9919598423303473,0.04308109755169487,0.43081097551694864
lam0.5_n0.9,0.5,0.9,0.8400000000000001,0.14863931735475744,0.42097169458623857,0.8468853291752684,0.991869821169327,0.04209716945862386,0.42097169458623857
lam0.5_n0.9,0.5,0.9,0.845,0.14439209461480426,0.410954566647759,0.8520039783347977,0.9917794065369429,0.0410954566647759,0.410954566647759
lam0.5_n0.9,0.5,0.9,0.8500000000000001,0.1401192754519921,0.4007574517797352,0.8571238990797085,0.9916886005776325,0.04007574517797352,0.4007574517797352
lam0.5_n0.9,0.5,0.9,0.855,0.1358208534970153,0.39037819699355814,0.8622450959546281,0.9915974054377117,0.03903781969935582,0.39037819699355814
lam0.5_n0.9,0.5,0.9,0.8600000000000001,0.13149682235794766,0.3798146362280417,0.867367573462989,0.9915058232652465,0.03798146362280417,0.3798146362280417
lam0.5_n0.9,0.5,0.9,0.865,0.12714717562044975,0.36906459034367184,0.872491336067065,0.9914138562099267,0.036906459034367185,0.36906459034367184
lam0.5_n0.9,0.5,0.9,0.8700000000000001,0.12277190684797253,0.3581258671168362,0.8776163881880127,0.9913215064229396,0.03581258671168362,0.3581258671168362
lam0.5_n0.9,0.5,0.9,0.875,0.11837100958196467,0.3469962612340457,0.8827427342059136,0.9912287760568443,0.03469962612340457,0.3469962612340457
lam0.5_n0.9,0.5,0.9,0.8800000000000001,0.11394447734207615,0.3356735542861392,0.887870378459821,0.9911356672654476,0.03356735542861392,0.3356735542861392
lam0.5_n0.9,0.5,0.9,0.885,0.10949230362636553,0.32415551476247884,0.8929993252478073,0.9910421822036791,0.03241555147624788,0.32415551476247884
lam0.5_n0.9,0.5,0.9,0.8900000000000001,0.10501448191150138,0.31243989804512745,0.8981295788270174,0.9909483230274693,0.031243989804512748,0.31243989804512745
lam0.5_n0.9,0.5,0.9,0.895,0.10051100565297111,0.30052444640302134,0.9032611434137204,0.9908540918936257,0.030052444640302135,0.30052444640302134
lam0.5_n0.9,0.5,0.9,0.9000000000000001,0.09598186828528073,0.2884068889861216,0.9083940231833691,0.9907594909597125,0.02884068889861216,0.2884068889861216
lam0.5_n0.9,0.5,0.9,0.905,0.09142706322216237,0.2760849418195631,0.913528222270657,0.9906645223839289,0.027608494181956312,0.2760849418195631
lam0.5_n0.9,0.5,0.9,0.9100000000000001,0.08684658385677553,0.26355630779778166,0.918663744769582,0.9905691883249894,0.026355630779778167,0.26355630779778166
lam0.5_n0.9,0.5,0.9,0.915,0.08224042356191208,0.25081867667864155,0.9238005947335104,0.9904734909420045,0.025081867667864157,0.25081867667864155
lam0.5_n0.9,0.5,0.9,0.9199999999999999,0.07760857569019806,0.23786972507753973,0.9289387761752446,0.9903774323943623,0.023786972507753974,0.23786972507753973
lam0.5_n0.9,0.5,0.9,0.925,0.07295103357429616,0.22470711646150845,0.9340782930670929,0.9902810148416106,0.022470711646150845,0.22470711646150845
lam0.5_n0.9,0.5,0.9,0.9299999999999999,0.06826779052710996,0.21132850114330334,0.9392191493409409,0.9901842404433405,0.021132850114330335,0.21132850114330334
lam0.5_n0.9,0.5,0.9,0.935,0.0635588398419833,0.19773151627547933,0.9443613488883281,0.9900871113590703,0.019773151627547933,0.19773151627547933
lam0.5_n0.9,0.5,0.9,0.94,0.05882417479290413,0.18391378584446078,0.9495048955605234,0.9899896297481305,0.018391378584446078,0.18391378584446078
lam0.5_n0.9,0.5,0.9,0.9450000000000001,0.054063788634703513,0.1698729206645963,0.9546497931686064,0.9898917977695492,0.01698729206645963,0.1698729206645963
lam0.5_n0.9,0.5,0.9,0.95,0.04927767460325815,0.15560651837221084,0.9597960454835478,0.989793617581939,0.015560651837221086,0.15560651837221084
lam0.5_n0.9,0.5,0.9,0.9550000000000001,0.04446582591568948,0.14111216341964022,0.9649436562362956,0.9896950913433845,0.014111216341964022,0.14111216341964022
lam0.5_n0.9,0.5,0.9,0.96,0.03962823577056457,0.12638742706926226,0.9700926291178605,0.989596221211331,0.012638742706926227,0.12638742706926226
lam0.5_n0.9,0.5,0.9,0.9650000000000001,0.03476489734809457,0.11142986738751387,0.9752429677794067,0.9894970093424724,0.011142986738751387,0.11142986738751387
lam0.5_n0.9,0.5,0.9,0.97,0.02987580381033522,0.09623702923890926,0.9803946758323409,0.9893974578926431,0.009623702923890927,0.09623702923890926
lam0.5_n0.9,0.5,0.9,0.9750000000000001,0.024960948301382624,0.08080644428003436,0.9855477568484086,0.9892975690167078,0.008080644428003436,0.08080644428003436
lam0.5_n0.9,0.5,0.9,0.98,0.020020323947575247,0.06513563095354565,0.990702214359788,0.9891973448684537,0.0065135630953545645,0.06513563095354565
lam0.5_n0.9,0.5,0.9,0.9850000000000001,0.015053923857687335,0.04922209448215337,0.9958580518591895,0.9890967876004836,0.004922209448215337,0.04922209448215337
lam0.5_n0.9,0.5,0.9,0.99,0.010061741123130186,0.033063326862604825,1.0010152727999546,0.9889958993641089,0.003306332686260483,0.033063326862604825
lam0.5_n0.9,0.5,0.9,0.9950000000000001,0.0050437688181445,0.01665680685964862,1.00617388059616,0.9888946823092455,0.001665680685964862,0.01665680685964862
lam0.5_n0.9,0.5,0.9,1.0,0.0,0.0,1.011333878622719,0.988793138584308,0.0,0.0
