case,seed,phase,step,loss_pde_momentum,loss_pde_energy,loss_total,global_step
lam5_n0.3,42,Adam,0,1.395697172002838,0.006276560922542915,1.4019737329253807,0.0
lam5_n0.3,42,Adam,500,0.09092581624061273,0.006533264676557189,0.09745908091716993,500.0
lam5_n0.3,42,Adam,1000,0.005617602665569773,0.0009055753364014856,0.006523178001971258,1000.0
lam5_n0.3,42,Adam,1500,0.0014865846713511789,0.0005181529842812112,0.00200473765563239,1500.0
lam5_n0.3,42,Adam,2000,0.0010918609834223334,0.0005203621820868966,0.0016122231655092299,2000.0
lam5_n0.3,42,Adam,2500,0.001080489509506759,0.00024311315239597842,0.0013236026619027376,2500.0
lam5_n0.3,42,Adam,3000,0.00046183839388119546,0.00014254295081435076,0.0006043813446955462,3000.0
lam5_n0.3,42,Adam,3500,0.0008109291537482189,0.0017292995387535553,0.002540228692501774,3500.0
lam5_n0.3,42,Adam,4000,0.0003835137870004564,0.000720934150810674,0.0011044479378111303,4000.0
lam5_n0.3,42,Adam,4500,0.0003369411006196834,5.958929791834518e-05,0.00039653039853802856,4500.0
lam5_n0.3,42,Adam,5000,0.0008507605405708838,0.0008034703100321695,0.0016542308506030533,5000.0
lam5_n0.3,42,Adam,5000,0.0008507605405708838,0.0008034703100321695,0.0016542308506030533,5000.0
lam5_n0.3,42,Adam,6000,2.63953684650972e-06,1.8716355358564293e-06,4.5111723823661496e-06,6000.0
lam5_n0.3,42,Adam,7000,1.0338435094407317e-06,4.947723407878933e-07,1.528615850228625e-06,7000.0
lam5_n0.3,42,Adam,8000,1.0329124486004607e-06,4.938551893304851e-07,1.5267676379309457e-06,8000.0
lam5_n0.3,42,Adam,9000,1.0320535104499362e-06,4.928546461111367e-07,1.5249081565610729e-06,9000.0
lam5_n0.3,42,Adam,10000,1.0311201178000472e-06,4.918552257335268e-07,1.522975343533574e-06,10000.0
lam5_n0.3,42,Adam,11000,1.0300895274450977e-06,4.907671023299885e-07,1.5208566297750862e-06,11000.0
lam5_n0.3,42,Adam,12000,1.0289787093719766e-06,4.895916090936968e-07,1.5185703184656734e-06,12000.0
lam5_n0.3,42,Adam,13000,1.0277853560734413e-06,4.883356155885677e-07,1.516120971662009e-06,13000.0
lam5_n0.3,42,Adam,14000,1.0264975063730036e-06,4.870216353471519e-07,1.5135191417201553e-06,14000.0
lam5_n0.3,42,Adam,15000,1.0251940292326202e-06,4.856188644385722e-07,1.5108128936711924e-06,15000.0
lam5_n0.3,42,Adam,16000,1.023822048252786e-06,4.841861913140422e-07,1.5080082395668282e-06,16000.0
lam5_n0.3,42,Adam,17000,1.0224136669376396e-06,4.827198785505207e-07,1.5051335454881601e-06,17000.0
lam5_n0.3,42,Adam,18000,1.0209879291521265e-06,4.8123529385345e-07,1.5022232230055765e-06,18000.0
lam5_n0.3,42,Adam,19000,1.0195596578571489e-06,4.797609953467023e-07,1.4993206532038512e-06,19000.0
lam5_n0.3,42,Adam,20000,1.0181417672435334e-06,4.782904896004005e-07,1.496432256843934e-06,20000.0
lam5_n0.3,42,L-BFGS,0,1.395697172002838,0.006276560922542915,1.4019737329253807,20001.0
lam5_n0.3,42,L-BFGS,500,0.09092581624061273,0.006533264676557189,0.09745908091716993,20501.0
lam5_n0.3,42,L-BFGS,1000,0.005617602665569773,0.0009055753364014856,0.006523178001971258,21001.0
lam5_n0.3,42,L-BFGS,1500,0.0014865846713511789,0.0005181529842812112,0.00200473765563239,21501.0
lam5_n0.3,42,L-BFGS,2000,0.0010918609834223334,0.0005203621820868966,0.0016122231655092299,22001.0
lam5_n0.3,42,L-BFGS,2500,0.001080489509506759,0.00024311315239597842,0.0013236026619027376,22501.0
lam5_n0.3,42,L-BFGS,3000,0.00046183839388119546,0.00014254295081435076,0.0006043813446955462,23001.0
lam5_n0.3,42,L-BFGS,3500,0.0008109291537482189,0.0017292995387535553,0.002540228692501774,23501.0
lam5_n0.3,42,L-BFGS,4000,0.0003835137870004564,0.000720934150810674,0.0011044479378111303,24001.0
lam5_n0.3,42,L-BFGS,4500,0.0003369411006196834,5.958929791834518e-05,0.00039653039853802856,24501.0
lam5_n0.3,42,L-BFGS,5000,0.0008507605405708838,0.0008034703100321695,0.0016542308506030533,25001.0
lam5_n0.3,42,L-BFGS,5000,0.0008507605405708838,0.0008034703100321695,0.0016542308506030533,25001.0
lam5_n0.3,42,L-BFGS,6000,2.63953684650972e-06,1.8716355358564293e-06,4.5111723823661496e-06,26001.0
lam5_n0.3,42,L-BFGS,7000,1.0338435094407317e-06,4.947723407878933e-07,1.528615850228625e-06,27001.0
lam5_n0.3,42,L-BFGS,8000,1.0329124486004607e-06,4.938551893304851e-07,1.5267676379309457e-06,28001.0
lam5_n0.3,42,L-BFGS,9000,1.0320535104499362e-06,4.928546461111367e-07,1.5249081565610729e-06,29001.0
lam5_n0.3,42,L-BFGS,10000,1.0311201178000472e-06,4.918552257335268e-07,1.522975343533574e-06,30001.0
lam5_n0.3,42,L-BFGS,11000,1.0300895274450977e-06,4.907671023299885e-07,1.5208566297750862e-06,31001.0
lam5_n0.3,42,L-BFGS,12000,1.0289787093719766e-06,4.895916090936968e-07,1.5185703184656734e-06,32001.0
lam5_n0.3,42,L-BFGS,13000,1.0277853560734413e-06,4.883356155885677e-07,1.516120971662009e-06,33001.0
lam5_n0.3,42,L-BFGS,14000,1.0264975063730036e-06,4.870216353471519e-07,1.5135191417201553e-06,34001.0
lam5_n0.3,42,L-BFGS,15000,1.0251940292326202e-06,4.856188644385722e-07,1.5108128936711924e-06,35001.0
lam5_n0.3,42,L-BFGS,16000,1.023822048252786e-06,4.841861913140422e-07,1.5080082395668282e-06,36001.0
lam5_n0.3,42,L-BFGS,17000,1.0224136669376396e-06,4.827198785505207e-07,1.5051335454881601e-06,37001.0
lam5_n0.3,42,L-BFGS,18000,1.0209879291521265e-06,4.8123529385345e-07,1.5022232230055765e-06,38001.0
lam5_n0.3,42,L-BFGS,19000,1.0195596578571489e-06,4.797609953467023e-07,1.4993206532038512e-06,39001.0
lam5_n0.3,42,L-BFGS,20000,1.0181417672435334e-06,4.782904896004005e-07,1.496432256843934e-06,40001.0
lam5_n0.3,0,Adam,0,1.015108009016488,0.04912792497217393,1.0642359339886618,0.0
lam5_n0.3,0,Adam,5000,0.0001904514660995587,3.02284487462287e-05,0.0002206799148457874,5000.0
lam5_n0.3,0,Adam,5000,0.0001904514660995587,3.02284487462287e-05,0.0002206799148457874,5000.0
lam5_n0.3,0,Adam,6000,2.3370314120887448e-06,1.1657356943259637e-06,3.5027671064147087e-06,6000.0
lam5_n0.3,0,Adam,7000,6.653462415196488e-07,2.846679217218338e-07,9.500141632414826e-07,7000.0
lam5_n0.3,0,Adam,7984,6.647612007238255e-07,2.8117945564108627e-07,9.459406563649118e-07,7984.0
lam5_n0.3,0,Adam,8968,6.640715387959665e-07,2.7796628252876763e-07,9.420378213247341e-07,8968.0
lam5_n0.3,0,Adam,9958,6.633193419964193e-07,2.749412852678713e-07,9.382606272642906e-07,9958.0
lam5_n0.3,0,Adam,10807,6.627994565337173e-07,2.7260510805774514e-07,9.354045645914625e-07,10807.0
lam5_n0.3,0,Adam,11640,6.621954195902088e-07,2.7054864019478755e-07,9.327440597849964e-07,11640.0
lam5_n0.3,0,Adam,12473,6.617167435536094e-07,2.684663574956195e-07,9.301831010492289e-07,12473.0
lam5_n0.3,0,Adam,13306,6.611568281730244e-07,2.665581127622876e-07,9.27714940935312e-07,13306.0
lam5_n0.3,0,Adam,14139,6.606992298982462e-07,2.646339498611437e-07,9.253331797593898e-07,14139.0
lam5_n0.3,0,Adam,14972,6.601759691344376e-07,2.6285579084862954e-07,9.230317599830671e-07,14972.0
lam5_n0.3,0,Adam,15805,6.597371183279132e-07,2.6106801247843013e-07,9.208051308063433e-07,15805.0
lam5_n0.3,0,Adam,16638,6.592441813968173e-07,2.5940396864772557e-07,9.186481500445429e-07,16638.0
lam5_n0.3,0,Adam,17471,6.58821784165759e-07,2.577343825601928e-07,9.165561667259518e-07,17471.0
lam5_n0.3,0,Adam,18304,6.583540858308804e-07,2.561708156009055e-07,9.145249014317858e-07,18304.0
lam5_n0.3,0,Adam,19137,6.579460616809677e-07,2.546044360973575e-07,9.125504977783252e-07,19137.0
lam5_n0.3,0,Adam,19970,6.57499541015169e-07,2.531298666013299e-07,9.106294076164988e-07,19970.0
lam5_n0.3,0,Adam,20803,6.571040604537121e-07,2.516543710768179e-07,9.087584315305299e-07,20803.0
lam5_n0.3,0,L-BFGS,0,1.015108009016488,0.04912792497217393,1.0642359339886618,20804.0
lam5_n0.3,0,L-BFGS,5000,0.0001904514660995587,3.02284487462287e-05,0.0002206799148457874,25804.0
lam5_n0.3,0,L-BFGS,5000,0.0001904514660995587,3.02284487462287e-05,0.0002206799148457874,25804.0
lam5_n0.3,0,L-BFGS,6000,2.3370314120887448e-06,1.1657356943259637e-06,3.5027671064147087e-06,26804.0
lam5_n0.3,0,L-BFGS,7000,6.653462415196488e-07,2.846679217218338e-07,9.500141632414826e-07,27804.0
lam5_n0.3,0,L-BFGS,7984,6.647612007238255e-07,2.8117945564108627e-07,9.459406563649118e-07,28788.0
lam5_n0.3,0,L-BFGS,8968,6.640715387959665e-07,2.7796628252876763e-07,9.420378213247341e-07,29772.0
lam5_n0.3,0,L-BFGS,9958,6.633193419964193e-07,2.749412852678713e-07,9.382606272642906e-07,30762.0
lam5_n0.3,0,L-BFGS,10807,6.627994565337173e-07,2.7260510805774514e-07,9.354045645914625e-07,31611.0
lam5_n0.3,0,L-BFGS,11640,6.621954195902088e-07,2.7054864019478755e-07,9.327440597849964e-07,32444.0
lam5_n0.3,0,L-BFGS,12473,6.617167435536094e-07,2.684663574956195e-07,9.301831010492289e-07,33277.0
lam5_n0.3,0,L-BFGS,13306,6.611568281730244e-07,2.665581127622876e-07,9.27714940935312e-07,34110.0
lam5_n0.3,0,L-BFGS,14139,6.606992298982462e-07,2.646339498611437e-07,9.253331797593898e-07,34943.0
lam5_n0.3,0,L-BFGS,14972,6.601759691344376e-07,2.6285579084862954e-07,9.230317599830671e-07,35776.0
lam5_n0.3,0,L-BFGS,15805,6.597371183279132e-07,2.6106801247843013e-07,9.208051308063433e-07,36609.0
lam5_n0.3,0,L-BFGS,16638,6.592441813968173e-07,2.5940396864772557e-07,9.186481500445429e-07,37442.0
lam5_n0.3,0,L-BFGS,17471,6.58821784165759e-07,2.577343825601928e-07,9.165561667259518e-07,38275.0
lam5_n0.3,0,L-BFGS,18304,6.583540858308804e-07,2.561708156009055e-07,9.145249014317858e-07,39108.0
lam5_n0.3,0,L-BFGS,19137,6.579460616809677e-07,2.546044360973575e-07,9.125504977783252e-07,39941.0
lam5_n0.3,0,L-BFGS,19970,6.57499541015169e-07,2.531298666013299e-07,9.106294076164988e-07,40774.0
lam5_n0.3,0,L-BFGS,20803,6.571040604537121e-07,2.516543710768179e-07,9.087584315305299e-07,41607.0
lam5_n0.3,1,Adam,0,1.2079327911397566,0.0159303669257255,1.2238631580654822,0.0
lam5_n0.3,1,Adam,5000,0.00022685764128916255,4.978635809403112e-05,0.0002766439993831937,5000.0
lam5_n0.3,1,Adam,5000,0.00022685764128916255,4.978635809403112e-05,0.0002766439993831937,5000.0
lam5_n0.3,1,Adam,6000,7.476962723655411e-06,3.797330936474096e-06,1.1274293660129507e-05,6000.0
lam5_n0.3,1,Adam,7000,1.1586253668763158e-06,3.665519804984575e-07,1.5251773473747734e-06,7000.0
lam5_n0.3,1,Adam,8000,1.1456055223097763e-06,3.7706293925045466e-07,1.5226684615602309e-06,8000.0
lam5_n0.3,1,Adam,9000,1.1446640720269976e-06,3.766251317902626e-07,1.5212892038172602e-06,9000.0
lam5_n0.3,1,Adam,10000,1.143728581608525e-06,3.761556542444038e-07,1.5198842358529289e-06,10000.0
lam5_n0.3,1,Adam,11000,1.1427907246199291e-06,3.7567251771293276e-07,1.518463242332862e-06,11000.0
lam5_n0.3,1,Adam,12000,1.1418514140131764e-06,3.7519005667153027e-07,1.5170414706847066e-06,12000.0
lam5_n0.3,1,Adam,13000,1.1409114400665022e-06,3.7473305538065696e-07,1.5156444954471592e-06,13000.0
lam5_n0.3,1,Adam,14000,1.1400123965254143e-06,3.7427870488143127e-07,1.5142911014068454e-06,14000.0
lam5_n0.3,1,Adam,15000,1.1391625369496265e-06,3.7381575179402387e-07,1.5129782887436504e-06,15000.0
lam5_n0.3,1,Adam,16000,1.1382700121328387e-06,3.734453310945298e-07,1.5117153432273686e-06,16000.0
lam5_n0.3,1,Adam,16937,1.1374134333613365e-06,3.7319470428515e-07,1.5106081376464864e-06,16937.0
lam5_n0.3,1,Adam,17874,1.1368499470344358e-06,3.7267538723169646e-07,1.5095253342661321e-06,17874.0
lam5_n0.3,1,Adam,18782,1.1361374421550596e-06,3.723791475653675e-07,1.5085165897204271e-06,18782.0
lam5_n0.3,1,Adam,19615,1.1354313904367024e-06,3.7223513036943365e-07,1.507666520806136e-06,19615.0
lam5_n0.3,1,Adam,20448,1.1350279736419522e-06,3.7180919297158244e-07,1.5068371666135346e-06,20448.0
lam5_n0.3,1,L-BFGS,0,1.2079327911397566,0.0159303669257255,1.2238631580654822,20449.0
lam5_n0.3,1,L-BFGS,5000,0.00022685764128916255,4.978635809403112e-05,0.0002766439993831937,25449.0
lam5_n0.3,1,L-BFGS,5000,0.00022685764128916255,4.978635809403112e-05,0.0002766439993831937,25449.0
lam5_n0.3,1,L-BFGS,6000,7.476962723655411e-06,3.797330936474096e-06,1.1274293660129507e-05,26449.0
lam5_n0.3,1,L-BFGS,7000,1.1586253668763158e-06,3.665519804984575e-07,1.5251773473747734e-06,27449.0
lam5_n0.3,1,L-BFGS,8000,1.1456055223097763e-06,3.7706293925045466e-07,1.5226684615602309e-06,28449.0
lam5_n0.3,1,L-BFGS,9000,1.1446640720269976e-06,3.766251317902626e-07,1.5212892038172602e-06,29449.0
lam5_n0.3,1,L-BFGS,10000,1.143728581608525e-06,3.761556542444038e-07,1.5198842358529289e-06,30449.0
lam5_n0.3,1,L-BFGS,11000,1.1427907246199291e-06,3.7567251771293276e-07,1.518463242332862e-06,31449.0
lam5_n0.3,1,L-BFGS,12000,1.1418514140131764e-06,3.7519005667153027e-07,1.5170414706847066e-06,32449.0
lam5_n0.3,1,L-BFGS,13000,1.1409114400665022e-06,3.7473305538065696e-07,1.5156444954471592e-06,33449.0
lam5_n0.3,1,L-BFGS,14000,1.1400123965254143e-06,3.7427870488143127e-07,1.5142911014068454e-06,34449.0
lam5_n0.3,1,L-BFGS,15000,1.1391625369496265e-06,3.7381575179402387e-07,1.5129782887436504e-06,35449.0
lam5_n0.3,1,L-BFGS,16000,1.1382700121328387e-06,3.734453310945298e-07,1.5117153432273686e-06,36449.0
lam5_n0.3,1,L-BFGS,16937,1.1374134333613365e-06,3.7319470428515e-07,1.5106081376464864e-06,37386.0
lam5_n0.3,1,L-BFGS,17874,1.1368499470344358e-06,3.7267538723169646e-07,1.5095253342661321e-06,38323.0
lam5_n0.3,1,L-BFGS,18782,1.1361374421550596e-06,3.723791475653675e-07,1.5085165897204271e-06,39231.0
lam5_n0.3,1,L-BFGS,19615,1.1354313904367024e-06,3.7223513036943365e-07,1.507666520806136e-06,40064.0
lam5_n0.3,1,L-BFGS,20448,1.1350279736419522e-06,3.7180919297158244e-07,1.5068371666135346e-06,40897.0
lam5_n0.3,2,Adam,0,1.0137423861759327,0.011221149375432267,1.0249635355513649,0.0
lam5_n0.3,2,Adam,5000,0.0002505707853648002,0.00019789964109130634,0.0004484704264561065,5000.0
lam5_n0.3,2,Adam,5000,0.0002505707853648002,0.00019789964109130634,0.0004484704264561065,5000.0
lam5_n0.3,2,Adam,6000,8.31666555516411e-06,5.0930766388526765e-06,1.3409742194016786e-05,6000.0
lam5_n0.3,2,Adam,7000,1.1087109224577348e-06,5.366875279721752e-07,1.64539845042991e-06,7000.0
lam5_n0.3,2,Adam,8000,4.0350723856429486e-07,2.465663404213968e-07,6.500735789856916e-07,8000.0
lam5_n0.3,2,Adam,9000,4.0386875451723046e-07,2.447418699162563e-07,6.486106244334867e-07,9000.0
lam5_n0.3,2,Adam,9942,4.037346970555129e-07,2.4368137801957e-07,6.474160750750829e-07,9942.0
lam5_n0.3,2,Adam,10789,4.034937808109553e-07,2.4295661971235076e-07,6.46450400523306e-07,10789.0
lam5_n0.3,2,Adam,11622,4.030949589274812e-07,2.424501512396648e-07,6.45545110167146e-07,11622.0
lam5_n0.3,2,Adam,12455,4.028350486428121e-07,2.418294573988777e-07,6.446645060416898e-07,12455.0
lam5_n0.3,2,Adam,13288,4.02416170308959e-07,2.4138798405051415e-07,6.438041543594731e-07,13288.0
lam5_n0.3,2,Adam,14121,4.0213485245066667e-07,2.4082625968777874e-07,6.429611121384454e-07,14121.0
lam5_n0.3,2,Adam,14954,4.017108773777609e-07,2.404223709102455e-07,6.421332482880063e-07,14954.0
lam5_n0.3,2,Adam,15787,4.0142236427797366e-07,2.3989657768862513e-07,6.413189419665987e-07,15787.0
lam5_n0.3,2,Adam,16620,4.009993944173854e-07,2.395175196648767e-07,6.405169140822621e-07,16620.0
lam5_n0.3,2,Adam,17453,4.007069884855625e-07,2.390191214841465e-07,6.39726109969709e-07,17453.0
lam5_n0.3,2,Adam,18286,4.0028587318964406e-07,2.386597787631764e-07,6.389456519528204e-07,18286.0
lam5_n0.3,2,Adam,19119,3.999912325117405e-07,2.3818356414234494e-07,6.381747966540854e-07,19119.0
lam5_n0.3,2,Adam,19952,3.995723810449446e-07,2.3784053114311184e-07,6.374129121880564e-07,19952.0
lam5_n0.3,2,Adam,20785,3.9927608687556827e-07,2.3738336240208587e-07,6.366594492776542e-07,20785.0
lam5_n0.3,2,L-BFGS,0,1.0137423861759327,0.011221149375432267,1.0249635355513649,20786.0
lam5_n0.3,2,L-BFGS,5000,0.0002505707853648002,0.00019789964109130634,0.0004484704264561065,25786.0
lam5_n0.3,2,L-BFGS,5000,0.0002505707853648002,0.00019789964109130634,0.0004484704264561065,25786.0
lam5_n0.3,2,L-BFGS,6000,8.31666555516411e-06,5.0930766388526765e-06,1.3409742194016786e-05,26786.0
lam5_n0.3,2,L-BFGS,7000,1.1087109224577348e-06,5.366875279721752e-07,1.64539845042991e-06,27786.0
lam5_n0.3,2,L-BFGS,8000,4.0350723856429486e-07,2.465663404213968e-07,6.500735789856916e-07,28786.0
lam5_n0.3,2,L-BFGS,9000,4.0386875451723046e-07,2.447418699162563e-07,6.486106244334867e-07,29786.0
lam5_n0.3,2,L-BFGS,9942,4.037346970555129e-07,2.4368137801957e-07,6.474160750750829e-07,30728.0
lam5_n0.3,2,L-BFGS,10789,4.034937808109553e-07,2.4295661971235076e-07,6.46450400523306e-07,31575.0
lam5_n0.3,2,L-BFGS,11622,4.030949589274812e-07,2.424501512396648e-07,6.45545110167146e-07,32408.0
lam5_n0.3,2,L-BFGS,12455,4.028350486428121e-07,2.418294573988777e-07,6.446645060416898e-07,33241.0
lam5_n0.3,2,L-BFGS,13288,4.02416170308959e-07,2.4138798405051415e-07,6.438041543594731e-07,34074.0
lam5_n0.3,2,L-BFGS,14121,4.0213485245066667e-07,2.4082625968777874e-07,6.429611121384454e-07,34907.0
lam5_n0.3,2,L-BFGS,14954,4.017108773777609e-07,2.404223709102455e-07,6.421332482880063e-07,35740.0
lam5_n0.3,2,L-BFGS,15787,4.0142236427797366e-07,2.3989657768862513e-07,6.413189419665987e-07,36573.0
lam5_n0.3,2,L-BFGS,16620,4.009993944173854e-07,2.395175196648767e-07,6.405169140822621e-07,37406.0
lam5_n0.3,2,L-BFGS,17453,4.007069884855625e-07,2.390191214841465e-07,6.39726109969709e-07,38239.0
lam5_n0.3,2,L-BFGS,18286,4.0028587318964406e-07,2.386597787631764e-07,6.389456519528204e-07,39072.0
lam5_n0.3,2,L-BFGS,19119,3.999912325117405e-07,2.3818356414234494e-07,6.381747966540854e-07,39905.0
lam5_n0.3,2,L-BFGS,19952,3.995723810449446e-07,2.3784053114311184e-07,6.374129121880564e-07,40738.0
lam5_n0.3,2,L-BFGS,20785,3.9927608687556827e-07,2.3738336240208587e-07,6.366594492776542e-07,41571.0
lam5_n0.3,3,Adam,0,1.2142615609978857,0.023967346436919165,1.238228907434805,0.0
lam5_n0.3,3,Adam,5000,4.7187182319618496e-05,9.13841186358779e-06,5.6325594183206286e-05,5000.0
lam5_n0.3,3,Adam,5000,4.7187182319618496e-05,9.13841186358779e-06,5.6325594183206286e-05,5000.0
lam5_n0.3,3,Adam,6000,2.5291344406434478e-06,2.741444965389408e-06,5.270579406032856e-06,6000.0
lam5_n0.3,3,Adam,7000,1.0114715355473797e-06,8.313760104222329e-07,1.8428475459696125e-06,7000.0
lam5_n0.3,3,Adam,8000,1.0099376971797661e-06,8.31481158802367e-07,1.8414188559821332e-06,8000.0
lam5_n0.3,3,Adam,9000,1.0091388914987802e-06,8.309965208897068e-07,1.840135412388487e-06,9000.0
lam5_n0.3,3,Adam,10000,1.008404422808839e-06,8.304730290642497e-07,1.8388774518730889e-06,10000.0
lam5_n0.3,3,Adam,11000,1.0076681666952358e-06,8.299755152733332e-07,1.837643681968569e-06,11000.0
lam5_n0.3,3,Adam,12000,1.0070018319685553e-06,8.294397750694245e-07,1.8364416070379799e-06,12000.0
lam5_n0.3,3,Adam,13000,1.0063864974106177e-06,8.289065096470138e-07,1.8352930070576315e-06,13000.0
lam5_n0.3,3,Adam,14000,1.0058914584646572e-06,8.283291607695764e-07,1.8342206192342335e-06,14000.0
lam5_n0.3,3,Adam,15000,1.0052475002380451e-06,8.279936267837447e-07,1.8332411270217898e-06,15000.0
lam5_n0.3,3,Adam,16000,1.0047532693647162e-06,8.276040492720781e-07,1.8323573186367943e-06,16000.0
lam5_n0.3,3,Adam,17000,1.0043109150258802e-06,8.272280474023371e-07,1.8315389624282173e-06,17000.0
lam5_n0.3,3,Adam,18000,1.003844291028836e-06,8.268860567816756e-07,1.8307303478105116e-06,18000.0
lam5_n0.3,3,Adam,19000,1.0033695366594918e-06,8.265632680403478e-07,1.8299328046998396e-06,19000.0
lam5_n0.3,3,Adam,20000,1.0029191192932695e-06,8.26228173621399e-07,1.8291472929146685e-06,20000.0
lam5_n0.3,3,L-BFGS,0,1.2142615609978857,0.023967346436919165,1.238228907434805,20001.0
lam5_n0.3,3,L-BFGS,5000,4.7187182319618496e-05,9.13841186358779e-06,5.6325594183206286e-05,25001.0
lam5_n0.3,3,L-BFGS,5000,4.7187182319618496e-05,9.13841186358779e-06,5.6325594183206286e-05,25001.0
lam5_n0.3,3,L-BFGS,6000,2.5291344406434478e-06,2.741444965389408e-06,5.270579406032856e-06,26001.0
lam5_n0.3,3,L-BFGS,7000,1.0114715355473797e-06,8.313760104222329e-07,1.8428475459696125e-06,27001.0
lam5_n0.3,3,L-BFGS,8000,1.0099376971797661e-06,8.31481158802367e-07,1.8414188559821332e-06,28001.0
lam5_n0.3,3,L-BFGS,9000,1.0091388914987802e-06,8.309965208897068e-07,1.840135412388487e-06,29001.0
lam5_n0.3,3,L-BFGS,10000,1.008404422808839e-06,8.304730290642497e-07,1.8388774518730889e-06,30001.0
lam5_n0.3,3,L-BFGS,11000,1.0076681666952358e-06,8.299755152733332e-07,1.837643681968569e-06,31001.0
lam5_n0.3,3,L-BFGS,12000,1.0070018319685553e-06,8.294397750694245e-07,1.8364416070379799e-06,32001.0
lam5_n0.3,3,L-BFGS,13000,1.0063864974106177e-06,8.289065096470138e-07,1.8352930070576315e-06,33001.0
lam5_n0.3,3,L-BFGS,14000,1.0058914584646572e-06,8.283291607695764e-07,1.8342206192342335e-06,34001.0
lam5_n0.3,3,L-BFGS,15000,1.0052475002380451e-06,8.279936267837447e-07,1.8332411270217898e-06,35001.0
lam5_n0.3,3,L-BFGS,16000,1.0047532693647162e-06,8.276040492720781e-07,1.8323573186367943e-06,36001.0
lam5_n0.3,3,L-BFGS,17000,1.0043109150258802e-06,8.272280474023371e-07,1.8315389624282173e-06,37001.0
lam5_n0.3,3,L-BFGS,18000,1.003844291028836e-06,8.268860567816756e-07,1.8307303478105116e-06,38001.0
lam5_n0.3,3,L-BFGS,19000,1.0033695366594918e-06,8.265632680403478e-07,1.8299328046998396e-06,39001.0
lam5_n0.3,3,L-BFGS,20000,1.0029191192932695e-06,8.26228173621399e-07,1.8291472929146685e-06,40001.0
lam5_n0.5,42,Adam,0,1.5236531688550714,0.008596852539178907,1.5322500213942503,0.0
lam5_n0.5,42,Adam,500,0.0020345768976195925,0.002776465899799372,0.004811042797418964,500.0
lam5_n0.5,42,Adam,1000,0.00017641003881996558,0.00013132859453216604,0.0003077386333521316,1000.0
lam5_n0.5,42,Adam,1500,9.357885140348732e-05,4.2848839588859835e-05,0.00013642769099234716,1500.0
lam5_n0.5,42,Adam,2000,7.824484605423579e-05,2.8528977357138826e-05,0.00010677382341137462,2000.0
lam5_n0.5,42,Adam,2500,6.997879300597888e-05,2.127607221022803e-05,9.12548652162069e-05,2500.0
lam5_n0.5,42,Adam,3000,8.730112910949837e-05,2.278968982506329e-05,0.00011009081893456165,3000.0
lam5_n0.5,42,Adam,3500,6.170661059131425e-05,1.52745195618413e-05,7.698113015315556e-05,3500.0
lam5_n0.5,42,Adam,4000,5.8352747077665945e-05,1.41021284515573e-05,7.245487552922324e-05,4000.0
lam5_n0.5,42,Adam,4500,8.42781884040662e-05,1.727765408696213e-05,0.00010155584249102833,4500.0
lam5_n0.5,42,Adam,5000,7.493145338687849e-05,1.3819765461383939e-05,8.875121884826243e-05,5000.0
lam5_n0.5,42,Adam,5000,7.493145338687849e-05,1.3819765461383939e-05,8.875121884826243e-05,5000.0
lam5_n0.5,42,Adam,6000,2.943425144854711e-07,7.238620591136802e-08,3.6672872039683914e-07,6000.0
lam5_n0.5,42,Adam,7000,2.9193693990660315e-07,7.055651122629065e-08,3.624934511328938e-07,7000.0
lam5_n0.5,42,Adam,8000,2.897207221149056e-07,6.898422757243587e-08,3.5870494968734146e-07,8000.0
lam5_n0.5,42,Adam,8942,2.879516951936972e-07,6.773003989803205e-08,3.556817350917293e-07,8942.0
lam5_n0.5,42,Adam,9775,2.8660843495659076e-07,6.687865145755923e-08,3.5348708641415e-07,9775.0
lam5_n0.5,42,Adam,10608,2.8547166137508087e-07,6.604507417459218e-08,3.5151673554967306e-07,10608.0
lam5_n0.5,42,Adam,11441,2.8434904421379975e-07,6.537260586975506e-08,3.497216500835548e-07,11441.0
lam5_n0.5,42,Adam,12274,2.8336580284432826e-07,6.47011954571664e-08,3.4806699830149464e-07,12274.0
lam5_n0.5,42,Adam,13107,2.82396211767697e-07,6.413163487950985e-08,3.4652784664720685e-07,13107.0
lam5_n0.5,42,Adam,13750,2.8195352939957207e-07,6.382229658891549e-08,3.4577582598848757e-07,13750.0
lam5_n0.5,42,Adam,14375,2.8154082828721887e-07,6.360164397456075e-08,3.451424722617796e-07,14375.0
lam5_n0.5,42,Adam,15000,2.8119394833138805e-07,6.336002479545511e-08,3.4455397312684314e-07,15000.0
lam5_n0.5,42,Adam,15625,2.8083338680574905e-07,6.317121671721549e-08,3.440046035229645e-07,15625.0
lam5_n0.5,42,Adam,16250,2.80528229438405e-07,6.29613695895588e-08,3.434895990279638e-07,16250.0
lam5_n0.5,42,Adam,16875,2.8020807507772543e-07,6.279689717099626e-08,3.4300497224872167e-07,16875.0
lam5_n0.5,42,Adam,17500,2.799355786400771e-07,6.261177820282404e-08,3.4254735684290117e-07,17500.0
lam5_n0.5,42,Adam,18125,2.796475027720555e-07,6.246639527377906e-08,3.4211389804583453e-07,18125.0
lam5_n0.5,42,Adam,18750,2.794011674679466e-07,6.230098538221388e-08,3.417021528501605e-07,18750.0
lam5_n0.5,42,Adam,19375,2.7913910335652826e-07,6.217092019197942e-08,3.413100235485077e-07,19375.0
lam5_n0.5,42,Adam,20000,2.7891414696244696e-07,6.202154647735858e-08,3.4093569343980553e-07,20000.0
lam5_n0.5,42,L-BFGS,0,1.5236531688550714,0.008596852539178907,1.5322500213942503,20001.0
lam5_n0.5,42,L-BFGS,500,0.0020345768976195925,0.002776465899799372,0.004811042797418964,20501.0
lam5_n0.5,42,L-BFGS,1000,0.00017641003881996558,0.00013132859453216604,0.0003077386333521316,21001.0
lam5_n0.5,42,L-BFGS,1500,9.357885140348732e-05,4.2848839588859835e-05,0.00013642769099234716,21501.0
lam5_n0.5,42,L-BFGS,2000,7.824484605423579e-05,2.8528977357138826e-05,0.00010677382341137462,22001.0
lam5_n0.5,42,L-BFGS,2500,6.997879300597888e-05,2.127607221022803e-05,9.12548652162069e-05,22501.0
lam5_n0.5,42,L-BFGS,3000,8.730112910949837e-05,2.278968982506329e-05,0.00011009081893456165,23001.0
lam5_n0.5,42,L-BFGS,3500,6.170661059131425e-05,1.52745195618413e-05,7.698113015315556e-05,23501.0
lam5_n0.5,42,L-BFGS,4000,5.8352747077665945e-05,1.41021284515573e-05,7.245487552922324e-05,24001.0
lam5_n0.5,42,L-BFGS,4500,8.42781884040662e-05,1.727765408696213e-05,0.00010155584249102833,24501.0
lam5_n0.5,42,L-BFGS,5000,7.493145338687849e-05,1.3819765461383939e-05,8.875121884826243e-05,25001.0
lam5_n0.5,42,L-BFGS,5000,7.493145338687849e-05,1.3819765461383939e-05,8.875121884826243e-05,25001.0
lam5_n0.5,42,L-BFGS,6000,2.943425144854711e-07,7.238620591136802e-08,3.6672872039683914e-07,26001.0
lam5_n0.5,42,L-BFGS,7000,2.9193693990660315e-07,7.055651122629065e-08,3.624934511328938e-07,27001.0
lam5_n0.5,42,L-BFGS,8000,2.897207221149056e-07,6.898422757243587e-08,3.5870494968734146e-07,28001.0
lam5_n0.5,42,L-BFGS,8942,2.879516951936972e-07,6.773003989803205e-08,3.556817350917293e-07,28943.0
lam5_n0.5,42,L-BFGS,9775,2.8660843495659076e-07,6.687865145755923e-08,3.5348708641415e-07,29776.0
lam5_n0.5,42,L-BFGS,10608,2.8547166137508087e-07,6.604507417459218e-08,3.5151673554967306e-07,30609.0
lam5_n0.5,42,L-BFGS,11441,2.8434904421379975e-07,6.537260586975506e-08,3.497216500835548e-07,31442.0
lam5_n0.5,42,L-BFGS,12274,2.8336580284432826e-07,6.47011954571664e-08,3.4806699830149464e-07,32275.0
lam5_n0.5,42,L-BFGS,13107,2.82396211767697e-07,6.413163487950985e-08,3.4652784664720685e-07,33108.0
lam5_n0.5,42,L-BFGS,13750,2.8195352939957207e-07,6.382229658891549e-08,3.4577582598848757e-07,33751.0
lam5_n0.5,42,L-BFGS,14375,2.8154082828721887e-07,6.360164397456075e-08,3.451424722617796e-07,34376.0
lam5_n0.5,42,L-BFGS,15000,2.8119394833138805e-07,6.336002479545511e-08,3.4455397312684314e-07,35001.0
lam5_n0.5,42,L-BFGS,15625,2.8083338680574905e-07,6.317121671721549e-08,3.440046035229645e-07,35626.0
lam5_n0.5,42,L-BFGS,16250,2.80528229438405e-07,6.29613695895588e-08,3.434895990279638e-07,36251.0
lam5_n0.5,42,L-BFGS,16875,2.8020807507772543e-07,6.279689717099626e-08,3.4300497224872167e-07,36876.0
lam5_n0.5,42,L-BFGS,17500,2.799355786400771e-07,6.261177820282404e-08,3.4254735684290117e-07,37501.0
lam5_n0.5,42,L-BFGS,18125,2.796475027720555e-07,6.246639527377906e-08,3.4211389804583453e-07,38126.0
lam5_n0.5,42,L-BFGS,18750,2.794011674679466e-07,6.230098538221388e-08,3.417021528501605e-07,38751.0
lam5_n0.5,42,L-BFGS,19375,2.7913910335652826e-07,6.217092019197942e-08,3.413100235485077e-07,39376.0
lam5_n0.5,42,L-BFGS,20000,2.7891414696244696e-07,6.202154647735858e-08,3.4093569343980553e-07,40001.0
lam5_n0.5,0,Adam,0,1.0154008983546792,0.04912798954791041,1.0645288879025896,0.0
lam5_n0.5,0,Adam,5000,6.641897439930853e-05,7.709648086084934e-05,0.00014351545526015787,5000.0
lam5_n0.5,0,Adam,5000,6.641897439930853e-05,7.709648086084934e-05,0.00014351545526015787,5000.0
lam5_n0.5,0,Adam,6000,1.82016005298198e-07,1.4253889931643818e-07,3.2455490461463615e-07,6000.0
lam5_n0.5,0,Adam,6936,1.496769602169525e-07,1.3324343122589238e-07,2.8292039144284485e-07,6936.0
lam5_n0.5,0,Adam,7769,1.4908562950744774e-07,1.3325235851292195e-07,2.823379880203697e-07,7769.0
lam5_n0.5,0,Adam,8602,1.4868308584754815e-07,1.332153025082553e-07,2.818983883558035e-07,8602.0
lam5_n0.5,0,Adam,9435,1.484542859194349e-07,1.3306172432638091e-07,2.815160102458158e-07,9435.0
lam5_n0.5,0,Adam,10268,1.4826203941853813e-07,1.329029990829006e-07,2.811650385014387e-07,10268.0
lam5_n0.5,0,Adam,11101,1.481324545698929e-07,1.3270222300251763e-07,2.808346775724105e-07,11101.0
lam5_n0.5,0,Adam,11900,1.4801326372670706e-07,1.3253603210082694e-07,2.8054929582753403e-07,11900.0
lam5_n0.5,0,Adam,12525,1.4797393228720358e-07,1.324535542467557e-07,2.8042748653395926e-07,12525.0
lam5_n0.5,0,Adam,13150,1.4792779223506132e-07,1.3238158204934628e-07,2.803093742844076e-07,13150.0
lam5_n0.5,0,Adam,13775,1.4789122808850408e-07,1.323034278360327e-07,2.8019465592453675e-07,13775.0
lam5_n0.5,0,Adam,14400,1.4784988176550733e-07,1.3223318940913726e-07,2.800830711746446e-07,14400.0
lam5_n0.5,0,Adam,15025,1.4781507432239883e-07,1.3215932083097266e-07,2.7997439515337145e-07,15025.0
lam5_n0.5,0,Adam,15650,1.4777746942923847e-07,1.3209096087698771e-07,2.798684303062262e-07,15650.0
lam5_n0.5,0,Adam,16275,1.4774382953929817e-07,1.3202117387708645e-07,2.797650034163846e-07,16275.0
lam5_n0.5,0,Adam,16900,1.4770929730355028e-07,1.3195466345517424e-07,2.7966396075872454e-07,16900.0
lam5_n0.5,0,Adam,17525,1.476764699163907e-07,1.3188869579929216e-07,2.7956516571568285e-07,17525.0
lam5_n0.5,0,Adam,18150,1.4764456724737956e-07,1.3182392861919374e-07,2.794684958665733e-07,18150.0
lam5_n0.5,0,Adam,18775,1.4761233070283508e-07,1.3176151010438374e-07,2.793738408072188e-07,18775.0
lam5_n0.5,0,Adam,19400,1.4758275042796924e-07,1.3169835084059864e-07,2.7928110126856786e-07,19400.0
lam5_n0.5,0,Adam,20025,1.475509614972168e-07,1.316392258300513e-07,2.791901873272681e-07,20025.0
lam5_n0.5,0,L-BFGS,0,1.0154008983546792,0.04912798954791041,1.0645288879025896,20026.0
lam5_n0.5,0,L-BFGS,5000,6.641897439930853e-05,7.709648086084934e-05,0.00014351545526015787,25026.0
lam5_n0.5,0,L-BFGS,5000,6.641897439930853e-05,7.709648086084934e-05,0.00014351545526015787,25026.0
lam5_n0.5,0,L-BFGS,6000,1.82016005298198e-07,1.4253889931643818e-07,3.2455490461463615e-07,26026.0
lam5_n0.5,0,L-BFGS,6936,1.496769602169525e-07,1.3324343122589238e-07,2.8292039144284485e-07,26962.0
lam5_n0.5,0,L-BFGS,7769,1.4908562950744774e-07,1.3325235851292195e-07,2.823379880203697e-07,27795.0
lam5_n0.5,0,L-BFGS,8602,1.4868308584754815e-07,1.332153025082553e-07,2.818983883558035e-07,28628.0
lam5_n0.5,0,L-BFGS,9435,1.484542859194349e-07,1.3306172432638091e-07,2.815160102458158e-07,29461.0
lam5_n0.5,0,L-BFGS,10268,1.4826203941853813e-07,1.329029990829006e-07,2.811650385014387e-07,30294.0
lam5_n0.5,0,L-BFGS,11101,1.481324545698929e-07,1.3270222300251763e-07,2.808346775724105e-07,31127.0
lam5_n0.5,0,L-BFGS,11900,1.4801326372670706e-07,1.3253603210082694e-07,2.8054929582753403e-07,31926.0
lam5_n0.5,0,L-BFGS,12525,1.4797393228720358e-07,1.324535542467557e-07,2.8042748653395926e-07,32551.0
lam5_n0.5,0,L-BFGS,13150,1.4792779223506132e-07,1.3238158204934628e-07,2.803093742844076e-07,33176.0
lam5_n0.5,0,L-BFGS,13775,1.4789122808850408e-07,1.323034278360327e-07,2.8019465592453675e-07,33801.0
lam5_n0.5,0,L-BFGS,14400,1.4784988176550733e-07,1.3223318940913726e-07,2.800830711746446e-07,34426.0
lam5_n0.5,0,L-BFGS,15025,1.4781507432239883e-07,1.3215932083097266e-07,2.7997439515337145e-07,35051.0
lam5_n0.5,0,L-BFGS,15650,1.4777746942923847e-07,1.3209096087698771e-07,2.798684303062262e-07,35676.0
lam5_n0.5,0,L-BFGS,16275,1.4774382953929817e-07,1.3202117387708645e-07,2.797650034163846e-07,36301.0
lam5_n0.5,0,L-BFGS,16900,1.4770929730355028e-07,1.3195466345517424e-07,2.7966396075872454e-07,36926.0
lam5_n0.5,0,L-BFGS,17525,1.476764699163907e-07,1.3188869579929216e-07,2.7956516571568285e-07,37551.0
lam5_n0.5,0,L-BFGS,18150,1.4764456724737956e-07,1.3182392861919374e-07,2.794684958665733e-07,38176.0
lam5_n0.5,0,L-BFGS,18775,1.4761233070283508e-07,1.3176151010438374e-07,2.793738408072188e-07,38801.0
lam5_n0.5,0,L-BFGS,19400,1.4758275042796924e-07,1.3169835084059864e-07,2.7928110126856786e-07,39426.0
lam5_n0.5,0,L-BFGS,20025,1.475509614972168e-07,1.316392258300513e-07,2.791901873272681e-07,40051.0
lam5_n0.5,1,Adam,0,1.2522376203712873,0.016158578343510536,1.2683961987147978,0.0
lam5_n0.5,1,Adam,5000,5.681998015868935e-05,3.4456933410668616e-06,6.0265673499756216e-05,5000.0
lam5_n0.5,1,Adam,5000,5.681998015868935e-05,3.4456933410668616e-06,6.0265673499756216e-05,5000.0
lam5_n0.5,1,Adam,6000,9.150671536857788e-07,4.11993083489121e-07,1.3270602371748998e-06,6000.0
lam5_n0.5,1,Adam,7000,4.102909827318698e-07,2.2601666982124495e-07,6.363076525531147e-07,7000.0
lam5_n0.5,1,Adam,8000,4.094323120604676e-07,2.255799539668071e-07,6.350122660272748e-07,8000.0
lam5_n0.5,1,Adam,8912,4.0880896636590905e-07,2.2538240335688474e-07,6.341913697227938e-07,8912.0
lam5_n0.5,1,Adam,9745,4.083521140597072e-07,2.2528400880995884e-07,6.33636122869666e-07,9745.0
lam5_n0.5,1,Adam,10578,4.079209346864369e-07,2.252544129184023e-07,6.331753476048392e-07,10578.0
lam5_n0.5,1,Adam,11411,4.07556400292465e-07,2.252242726424787e-07,6.327806729349437e-07,11411.0
lam5_n0.5,1,Adam,12244,4.071917792888257e-07,2.2524272328186374e-07,6.324345025706895e-07,12244.0
lam5_n0.5,1,Adam,13077,4.0687937238762483e-07,2.2524606285289523e-07,6.321254352405201e-07,13077.0
lam5_n0.5,1,Adam,13910,4.065656774800483e-07,2.2527969350450073e-07,6.31845370984549e-07,13910.0
lam5_n0.5,1,Adam,14743,4.0629768928830324e-07,2.2529059063907656e-07,6.315882799273798e-07,14743.0
lam5_n0.5,1,Adam,15576,4.060185899740347e-07,2.2533102799562348e-07,6.313496179696582e-07,15576.0
lam5_n0.5,1,Adam,16409,4.0577948934759074e-07,2.253466235891026e-07,6.311261129366933e-07,16409.0
lam5_n0.5,1,Adam,17242,4.0553128520583966e-07,2.2538390035616447e-07,6.309151855620041e-07,17242.0
lam5_n0.5,1,Adam,18075,4.053204176575039e-07,2.253942768080559e-07,6.307146944655598e-07,18075.0
lam5_n0.5,1,Adam,18908,4.050935192718056e-07,2.2542937705688667e-07,6.305228963286923e-07,18908.0
lam5_n0.5,1,Adam,19741,4.049004889022112e-07,2.2543806156022052e-07,6.303385504624317e-07,19741.0
lam5_n0.5,1,Adam,20574,4.04694587833564e-07,2.254660381495333e-07,6.301606259830973e-07,20574.0
lam5_n0.5,1,L-BFGS,0,1.2522376203712873,0.016158578343510536,1.2683961987147978,20575.0
lam5_n0.5,1,L-BFGS,5000,5.681998015868935e-05,3.4456933410668616e-06,6.0265673499756216e-05,25575.0
lam5_n0.5,1,L-BFGS,5000,5.681998015868935e-05,3.4456933410668616e-06,6.0265673499756216e-05,25575.0
lam5_n0.5,1,L-BFGS,6000,9.150671536857788e-07,4.11993083489121e-07,1.3270602371748998e-06,26575.0
lam5_n0.5,1,L-BFGS,7000,4.102909827318698e-07,2.2601666982124495e-07,6.363076525531147e-07,27575.0
lam5_n0.5,1,L-BFGS,8000,4.094323120604676e-07,2.255799539668071e-07,6.350122660272748e-07,28575.0
lam5_n0.5,1,L-BFGS,8912,4.0880896636590905e-07,2.2538240335688474e-07,6.341913697227938e-07,29487.0
lam5_n0.5,1,L-BFGS,9745,4.083521140597072e-07,2.2528400880995884e-07,6.33636122869666e-07,30320.0
lam5_n0.5,1,L-BFGS,10578,4.079209346864369e-07,2.252544129184023e-07,6.331753476048392e-07,31153.0
lam5_n0.5,1,L-BFGS,11411,4.07556400292465e-07,2.252242726424787e-07,6.327806729349437e-07,31986.0
lam5_n0.5,1,L-BFGS,12244,4.071917792888257e-07,2.2524272328186374e-07,6.324345025706895e-07,32819.0
lam5_n0.5,1,L-BFGS,13077,4.0687937238762483e-07,2.2524606285289523e-07,6.321254352405201e-07,33652.0
lam5_n0.5,1,L-BFGS,13910,4.065656774800483e-07,2.2527969350450073e-07,6.31845370984549e-07,34485.0
lam5_n0.5,1,L-BFGS,14743,4.0629768928830324e-07,2.2529059063907656e-07,6.315882799273798e-07,35318.0
lam5_n0.5,1,L-BFGS,15576,4.060185899740347e-07,2.2533102799562348e-07,6.313496179696582e-07,36151.0
lam5_n0.5,1,L-BFGS,16409,4.0577948934759074e-07,2.253466235891026e-07,6.311261129366933e-07,36984.0
lam5_n0.5,1,L-BFGS,17242,4.0553128520583966e-07,2.2538390035616447e-07,6.309151855620041e-07,37817.0
lam5_n0.5,1,L-BFGS,18075,4.053204176575039e-07,2.253942768080559e-07,6.307146944655598e-07,38650.0
lam5_n0.5,1,L-BFGS,18908,4.050935192718056e-07,2.2542937705688667e-07,6.305228963286923e-07,39483.0
lam5_n0.5,1,L-BFGS,19741,4.049004889022112e-07,2.2543806156022052e-07,6.303385504624317e-07,40316.0
lam5_n0.5,1,L-BFGS,20574,4.04694587833564e-07,2.254660381495333e-07,6.301606259830973e-07,41149.0
lam5_n0.5,2,Adam,0,1.0140044746611887,0.011221259929758037,1.0252257345909468,0.0
lam5_n0.5,2,Adam,5000,5.849628886746222e-05,7.586710510557839e-06,6.608299937802006e-05,5000.0
lam5_n0.5,2,Adam,5000,5.849628886746222e-05,7.586710510557839e-06,6.608299937802006e-05,5000.0
lam5_n0.5,2,Adam,6000,1.254850635734253e-07,2.3824944269152886e-07,3.6373450626495416e-07,6000.0
lam5_n0.5,2,Adam,7000,5.7405392584043024e-08,1.7611899057062419e-07,2.3352438315466722e-07,7000.0
lam5_n0.5,2,Adam,7996,5.7475960463629894e-08,1.7513448734730683e-07,2.3261044781093674e-07,7996.0
lam5_n0.5,2,Adam,8863,5.7520771659118555e-08,1.7439744279766378e-07,2.3191821445678232e-07,8863.0
lam5_n0.5,2,Adam,9696,5.7548527922980025e-08,1.7376283337331674e-07,2.3131136129629677e-07,9696.0
lam5_n0.5,2,Adam,10529,5.757150754116681e-08,1.7316852131518307e-07,2.3074002885634987e-07,10529.0
lam5_n0.5,2,Adam,11362,5.758365797129757e-08,1.726145961858575e-07,2.3019825415715508e-07,11362.0
lam5_n0.5,2,Adam,12195,5.7594899439480264e-08,1.720861613712614e-07,2.2968106081074167e-07,12195.0
lam5_n0.5,2,Adam,13028,5.759816631217138e-08,1.715863662476093e-07,2.2918453255978067e-07,13028.0
lam5_n0.5,2,Adam,13861,5.76019411280218e-08,1.7110368385411812e-07,2.287056249821399e-07,13861.0
lam5_n0.5,2,Adam,14694,5.759978898259062e-08,1.7064218688099287e-07,2.282419758635835e-07,14694.0
lam5_n0.5,2,Adam,15527,5.7598662537288486e-08,1.701930615701107e-07,2.2779172410739918e-07,15527.0
lam5_n0.5,2,Adam,16360,5.7593069540244116e-08,1.6976032233735687e-07,2.27353391877601e-07,16360.0
lam5_n0.5,2,Adam,17092,5.758966584793281e-08,1.6946225588613846e-07,2.2705192173407128e-07,17092.0
lam5_n0.5,2,Adam,17717,5.758834889356982e-08,1.6930423789978307e-07,2.268925867933529e-07,17717.0
lam5_n0.5,2,Adam,18342,5.758504645041205e-08,1.691537969343643e-07,2.2673884338477635e-07,18342.0
lam5_n0.5,2,Adam,18967,5.7583501058036445e-08,1.6900676662701026e-07,2.2659026768504672e-07,18967.0
lam5_n0.5,2,Adam,19592,5.75801502221896e-08,1.6886633311154147e-07,2.2644648333373105e-07,19592.0
lam5_n0.5,2,Adam,20217,5.75784457650746e-08,1.6872870791706182e-07,2.2630715368213643e-07,20217.0
lam5_n0.5,2,L-BFGS,0,1.0140044746611887,0.011221259929758037,1.0252257345909468,20218.0
lam5_n0.5,2,L-BFGS,5000,5.849628886746222e-05,7.586710510557839e-06,6.608299937802006e-05,25218.0
lam5_n0.5,2,L-BFGS,5000,5.849628886746222e-05,7.586710510557839e-06,6.608299937802006e-05,25218.0
lam5_n0.5,2,L-BFGS,6000,1.254850635734253e-07,2.3824944269152886e-07,3.6373450626495416e-07,26218.0
lam5_n0.5,2,L-BFGS,7000,5.7405392584043024e-08,1.7611899057062419e-07,2.3352438315466722e-07,27218.0
lam5_n0.5,2,L-BFGS,7996,5.7475960463629894e-08,1.7513448734730683e-07,2.3261044781093674e-07,28214.0
lam5_n0.5,2,L-BFGS,8863,5.7520771659118555e-08,1.7439744279766378e-07,2.3191821445678232e-07,29081.0
lam5_n0.5,2,L-BFGS,9696,5.7548527922980025e-08,1.7376283337331674e-07,2.3131136129629677e-07,29914.0
lam5_n0.5,2,L-BFGS,10529,5.757150754116681e-08,1.7316852131518307e-07,2.3074002885634987e-07,30747.0
lam5_n0.5,2,L-BFGS,11362,5.758365797129757e-08,1.726145961858575e-07,2.3019825415715508e-07,31580.0
lam5_n0.5,2,L-BFGS,12195,5.7594899439480264e-08,1.720861613712614e-07,2.2968106081074167e-07,32413.0
lam5_n0.5,2,L-BFGS,13028,5.759816631217138e-08,1.715863662476093e-07,2.2918453255978067e-07,33246.0
lam5_n0.5,2,L-BFGS,13861,5.76019411280218e-08,1.7110368385411812e-07,2.287056249821399e-07,34079.0
lam5_n0.5,2,L-BFGS,14694,5.759978898259062e-08,1.7064218688099287e-07,2.282419758635835e-07,34912.0
lam5_n0.5,2,L-BFGS,15527,5.7598662537288486e-08,1.701930615701107e-07,2.2779172410739918e-07,35745.0
lam5_n0.5,2,L-BFGS,16360,5.7593069540244116e-08,1.6976032233735687e-07,2.27353391877601e-07,36578.0
lam5_n0.5,2,L-BFGS,17092,5.758966584793281e-08,1.6946225588613846e-07,2.2705192173407128e-07,37310.0
lam5_n0.5,2,L-BFGS,17717,5.758834889356982e-08,1.6930423789978307e-07,2.268925867933529e-07,37935.0
lam5_n0.5,2,L-BFGS,18342,5.758504645041205e-08,1.691537969343643e-07,2.2673884338477635e-07,38560.0
lam5_n0.5,2,L-BFGS,18967,5.7583501058036445e-08,1.6900676662701026e-07,2.2659026768504672e-07,39185.0
lam5_n0.5,2,L-BFGS,19592,5.75801502221896e-08,1.6886633311154147e-07,2.2644648333373105e-07,39810.0
lam5_n0.5,2,L-BFGS,20217,5.75784457650746e-08,1.6872870791706182e-07,2.2630715368213643e-07,40435.0
lam5_n0.5,3,Adam,0,1.25872807358316,0.02421564029983438,1.2829437138829944,0.0
lam5_n0.5,3,Adam,5000,3.457302114927114e-05,8.882652108220574e-06,4.345567325749171e-05,5000.0
lam5_n0.5,3,Adam,5000,3.457302114927114e-05,8.882652108220574e-06,4.345567325749171e-05,5000.0
lam5_n0.5,3,Adam,6000,5.944830638479185e-07,1.6695346132710436e-07,7.614365251750228e-07,6000.0
lam5_n0.5,3,Adam,7000,4.638609123468464e-07,1.2580796544821414e-07,5.896688777950605e-07,7000.0
lam5_n0.5,3,Adam,7896,4.625588457124104e-07,1.2578526852541213e-07,5.883441142378225e-07,7896.0
lam5_n0.5,3,Adam,8729,4.615402784619741e-07,1.2574535062434647e-07,5.872856290863205e-07,8729.0
lam5_n0.5,3,Adam,9562,4.604500973498426e-07,1.2586750416521592e-07,5.863176015150585e-07,9562.0
lam5_n0.5,3,Adam,10395,4.5954259169786825e-07,1.2587700416187654e-07,5.854195958597448e-07,10395.0
lam5_n0.5,3,Adam,11228,4.585647348754292e-07,1.2601293640486297e-07,5.845776712802922e-07,11228.0
lam5_n0.5,3,Adam,12061,4.577326240741253e-07,1.2604953704119154e-07,5.837821611153168e-07,12061.0
lam5_n0.5,3,Adam,12894,4.5683338299045466e-07,1.2619270706330327e-07,5.83026090053758e-07,12894.0
lam5_n0.5,3,Adam,13727,4.5605856345659205e-07,1.2624629869729894e-07,5.82304862153891e-07,13727.0
lam5_n0.5,3,Adam,14352,4.557018828629986e-07,1.2633720358194424e-07,5.820390864449428e-07,14352.0
lam5_n0.5,3,Adam,14977,4.554416444487024e-07,1.2634715869160836e-07,5.817888031403108e-07,14977.0
lam5_n0.5,3,Adam,15602,4.5513690720407855e-07,1.264135996934295e-07,5.815505068975081e-07,15602.0
lam5_n0.5,3,Adam,16227,4.5489860322806266e-07,1.2642431809580108e-07,5.813229213238638e-07,16227.0
lam5_n0.5,3,Adam,16852,4.5461744074517026e-07,1.2648753063624046e-07,5.811049713814107e-07,16852.0
lam5_n0.5,3,Adam,17477,4.5439690147117137e-07,1.2649884656252207e-07,5.808957480336934e-07,17477.0
lam5_n0.5,3,Adam,18102,4.541351597460751e-07,1.2655931075493297e-07,5.806944705010081e-07,18102.0
lam5_n0.5,3,Adam,18727,4.539293659461267e-07,1.2657110107686218e-07,5.805004670229889e-07,18727.0
lam5_n0.5,3,Adam,19352,4.536839675340052e-07,1.2662918341919014e-07,5.803131509531953e-07,19352.0
lam5_n0.5,3,Adam,19977,4.5349065619282e-07,1.2664135439412018e-07,5.801320105869402e-07,19977.0
lam5_n0.5,3,Adam,20602,4.5325925077926036e-07,1.2669734225693745e-07,5.799565930361978e-07,20602.0
lam5_n0.5,3,L-BFGS,0,1.25872807358316,0.02421564029983438,1.2829437138829944,20603.0
lam5_n0.5,3,L-BFGS,5000,3.457302114927114e-05,8.882652108220574e-06,4.345567325749171e-05,25603.0
lam5_n0.5,3,L-BFGS,5000,3.457302114927114e-05,8.882652108220574e-06,4.345567325749171e-05,25603.0
lam5_n0.5,3,L-BFGS,6000,5.944830638479185e-07,1.6695346132710436e-07,7.614365251750228e-07,26603.0
lam5_n0.5,3,L-BFGS,7000,4.638609123468464e-07,1.2580796544821414e-07,5.896688777950605e-07,27603.0
lam5_n0.5,3,L-BFGS,7896,4.625588457124104e-07,1.2578526852541213e-07,5.883441142378225e-07,28499.0
lam5_n0.5,3,L-BFGS,8729,4.615402784619741e-07,1.2574535062434647e-07,5.872856290863205e-07,29332.0
lam5_n0.5,3,L-BFGS,9562,4.604500973498426e-07,1.2586750416521592e-07,5.863176015150585e-07,30165.0
lam5_n0.5,3,L-BFGS,10395,4.5954259169786825e-07,1.2587700416187654e-07,5.854195958597448e-07,30998.0
lam5_n0.5,3,L-BFGS,11228,4.585647348754292e-07,1.2601293640486297e-07,5.845776712802922e-07,31831.0
lam5_n0.5,3,L-BFGS,12061,4.577326240741253e-07,1.2604953704119154e-07,5.837821611153168e-07,32664.0
lam5_n0.5,3,L-BFGS,12894,4.5683338299045466e-07,1.2619270706330327e-07,5.83026090053758e-07,33497.0
lam5_n0.5,3,L-BFGS,13727,4.5605856345659205e-07,1.2624629869729894e-07,5.82304862153891e-07,34330.0
lam5_n0.5,3,L-BFGS,14352,4.557018828629986e-07,1.2633720358194424e-07,5.820390864449428e-07,34955.0
lam5_n0.5,3,L-BFGS,14977,4.554416444487024e-07,1.2634715869160836e-07,5.817888031403108e-07,35580.0
lam5_n0.5,3,L-BFGS,15602,4.5513690720407855e-07,1.264135996934295e-07,5.815505068975081e-07,36205.0
lam5_n0.5,3,L-BFGS,16227,4.5489860322806266e-07,1.2642431809580108e-07,5.813229213238638e-07,36830.0
lam5_n0.5,3,L-BFGS,16852,4.5461744074517026e-07,1.2648753063624046e-07,5.811049713814107e-07,37455.0
lam5_n0.5,3,L-BFGS,17477,4.5439690147117137e-07,1.2649884656252207e-07,5.808957480336934e-07,38080.0
lam5_n0.5,3,L-BFGS,18102,4.541351597460751e-07,1.2655931075493297e-07,5.806944705010081e-07,38705.0
lam5_n0.5,3,L-BFGS,18727,4.539293659461267e-07,1.2657110107686218e-07,5.805004670229889e-07,39330.0
lam5_n0.5,3,L-BFGS,19352,4.536839675340052e-07,1.2662918341919014e-07,5.803131509531953e-07,39955.0
lam5_n0.5,3,L-BFGS,19977,4.5349065619282e-07,1.2664135439412018e-07,5.801320105869402e-07,40580.0
lam5_n0.5,3,L-BFGS,20602,4.5325925077926036e-07,1.2669734225693745e-07,5.799565930361978e-07,41205.0
lam5_n0.9,42,Adam,0,2.105803549626031,0.017190394383739108,2.12299394400977,0.0
lam5_n0.9,42,Adam,500,0.0011396145697656103,0.00418293843501337,0.00532255300477898,500.0
lam5_n0.9,42,Adam,1000,0.0004275431180140268,0.0007693530469222112,0.001196896164936238,1000.0
lam5_n0.9,42,Adam,1500,0.00023242878709004144,2.4611193716141678e-05,0.0002570399808061831,1500.0
lam5_n0.9,42,Adam,2000,0.00017645392794460573,2.1819339046450226e-05,0.00019827326699105595,2000.0
lam5_n0.9,42,Adam,2500,0.00012271199004246837,1.85544648388156e-05,0.00014126645488128398,2500.0
lam5_n0.9,42,Adam,3000,9.292380500917947e-05,1.758056294635789e-05,0.00011050436795553736,3000.0
lam5_n0.9,42,Adam,3500,7.70999168958655e-05,1.6789873106579933e-05,9.388979000244543e-05,3500.0
lam5_n0.9,42,Adam,4000,6.479609586646344e-05,1.546983162896954e-05,8.026592749543299e-05,4000.0
lam5_n0.9,42,Adam,4500,5.5502872706654946e-05,1.4135358359558974e-05,6.963823106621392e-05,4500.0
lam5_n0.9,42,Adam,5000,4.885971130540685e-05,1.2019763269112368e-05,6.087947457451922e-05,5000.0
lam5_n0.9,42,Adam,5000,4.885971130540685e-05,1.2019763269112368e-05,6.087947457451922e-05,5000.0
lam5_n0.9,42,Adam,6000,1.462688377363441e-06,6.803784758307527e-07,2.1430668531941935e-06,6000.0
lam5_n0.9,42,Adam,7000,1.4600466212681389e-06,6.787839008419241e-07,2.1388305221100628e-06,7000.0
lam5_n0.9,42,Adam,8000,1.4575637571339222e-06,6.770461318314061e-07,2.1346098889653284e-06,8000.0
lam5_n0.9,42,Adam,9000,1.4552393853285068e-06,6.755288243961463e-07,2.130768209724653e-06,9000.0
lam5_n0.9,42,Adam,10000,1.4533201923892575e-06,6.744446374603906e-07,2.127764829849648e-06,10000.0
lam5_n0.9,42,Adam,11000,1.4518631134023014e-06,6.736218887849814e-07,2.125485002187283e-06,11000.0
lam5_n0.9,42,Adam,12000,1.450997433671963e-06,6.727445207912558e-07,2.1237419544632186e-06,12000.0
lam5_n0.9,42,Adam,13000,1.4502060016534168e-06,6.721194786613078e-07,2.1223254803147245e-06,13000.0
lam5_n0.9,42,Adam,14000,1.4493182955812457e-06,6.716267131716292e-07,2.1209450087528747e-06,14000.0
lam5_n0.9,42,Adam,15000,1.448577231211861e-06,6.710135995264112e-07,2.119590830738272e-06,15000.0
lam5_n0.9,42,Adam,16000,1.4477921215949204e-06,6.704736281663463e-07,2.1182657497612665e-06,16000.0
lam5_n0.9,42,Adam,17000,1.4469799877818186e-06,6.699883123526702e-07,2.116968300134489e-06,17000.0
lam5_n0.9,42,Adam,18000,1.4462083018932921e-06,6.694918252782348e-07,2.1157001271715268e-06,18000.0
lam5_n0.9,42,Adam,19000,1.445452844036792e-06,6.689919890335531e-07,2.114444833070345e-06,19000.0
lam5_n0.9,42,Adam,19943,1.4449074153125764e-06,6.684205118428174e-07,2.1133279271553936e-06,19943.0
lam5_n0.9,42,Adam,20880,1.4441652461107938e-06,6.680690661292869e-07,2.1122343122400807e-06,20880.0
lam5_n0.9,42,L-BFGS,0,2.105803549626031,0.017190394383739108,2.12299394400977,20881.0
lam5_n0.9,42,L-BFGS,500,0.0011396145697656103,0.00418293843501337,0.00532255300477898,21381.0
lam5_n0.9,42,L-BFGS,1000,0.0004275431180140268,0.0007693530469222112,0.001196896164936238,21881.0
lam5_n0.9,42,L-BFGS,1500,0.00023242878709004144,2.4611193716141678e-05,0.0002570399808061831,22381.0
lam5_n0.9,42,L-BFGS,2000,0.00017645392794460573,2.1819339046450226e-05,0.00019827326699105595,22881.0
lam5_n0.9,42,L-BFGS,2500,0.00012271199004246837,1.85544648388156e-05,0.00014126645488128398,23381.0
lam5_n0.9,42,L-BFGS,3000,9.292380500917947e-05,1.758056294635789e-05,0.00011050436795553736,23881.0
lam5_n0.9,42,L-BFGS,3500,7.70999168958655e-05,1.6789873106579933e-05,9.388979000244543e-05,24381.0
lam5_n0.9,42,L-BFGS,4000,6.479609586646344e-05,1.546983162896954e-05,8.026592749543299e-05,24881.0
lam5_n0.9,42,L-BFGS,4500,5.5502872706654946e-05,1.4135358359558974e-05,6.963823106621392e-05,25381.0
lam5_n0.9,42,L-BFGS,5000,4.885971130540685e-05,1.2019763269112368e-05,6.087947457451922e-05,25881.0
lam5_n0.9,42,L-BFGS,5000,4.885971130540685e-05,1.2019763269112368e-05,6.087947457451922e-05,25881.0
lam5_n0.9,42,L-BFGS,6000,1.462688377363441e-06,6.803784758307527e-07,2.1430668531941935e-06,26881.0
lam5_n0.9,42,L-BFGS,7000,1.4600466212681389e-06,6.787839008419241e-07,2.1388305221100628e-06,27881.0
lam5_n0.9,42,L-BFGS,8000,1.4575637571339222e-06,6.770461318314061e-07,2.1346098889653284e-06,28881.0
lam5_n0.9,42,L-BFGS,9000,1.4552393853285068e-06,6.755288243961463e-07,2.130768209724653e-06,29881.0
lam5_n0.9,42,L-BFGS,10000,1.4533201923892575e-06,6.744446374603906e-07,2.127764829849648e-06,30881.0
lam5_n0.9,42,L-BFGS,11000,1.4518631134023014e-06,6.736218887849814e-07,2.125485002187283e-06,31881.0
lam5_n0.9,42,L-BFGS,12000,1.450997433671963e-06,6.727445207912558e-07,2.1237419544632186e-06,32881.0
lam5_n0.9,42,L-BFGS,13000,1.4502060016534168e-06,6.721194786613078e-07,2.1223254803147245e-06,33881.0
lam5_n0.9,42,L-BFGS,14000,1.4493182955812457e-06,6.716267131716292e-07,2.1209450087528747e-06,34881.0
lam5_n0.9,42,L-BFGS,15000,1.448577231211861e-06,6.710135995264112e-07,2.119590830738272e-06,35881.0
lam5_n0.9,42,L-BFGS,16000,1.4477921215949204e-06,6.704736281663463e-07,2.1182657497612665e-06,36881.0
lam5_n0.9,42,L-BFGS,17000,1.4469799877818186e-06,6.699883123526702e-07,2.116968300134489e-06,37881.0
lam5_n0.9,42,L-BFGS,18000,1.4462083018932921e-06,6.694918252782348e-07,2.1157001271715268e-06,38881.0
lam5_n0.9,42,L-BFGS,19000,1.445452844036792e-06,6.689919890335531e-07,2.114444833070345e-06,39881.0
lam5_n0.9,42,L-BFGS,19943,1.4449074153125764e-06,6.684205118428174e-07,2.1133279271553936e-06,40824.0
lam5_n0.9,42,L-BFGS,20880,1.4441652461107938e-06,6.680690661292869e-07,2.1122343122400807e-06,41761.0
lam5_n0.9,0,Adam,0,1.0160075806726545,0.049128120354669645,1.0651357010273241,0.0
lam5_n0.9,0,Adam,5000,6.283311039656656e-05,8.146758348618247e-06,7.097986874518481e-05,5000.0
lam5_n0.9,0,Adam,5000,6.283311039656656e-05,8.146758348618247e-06,7.097986874518481e-05,5000.0
lam5_n0.9,0,Adam,6000,9.326007991117776e-07,8.80966389351472e-07,1.8135671884632496e-06,6000.0
lam5_n0.9,0,Adam,6890,5.933293242924728e-07,3.3037838678885035e-07,9.237077110813232e-07,6890.0
lam5_n0.9,0,Adam,7723,5.920013857524821e-07,3.300098177544542e-07,9.220112035069363e-07,7723.0
lam5_n0.9,0,Adam,8556,5.908540126313992e-07,3.295776628560072e-07,9.204316754874064e-07,8556.0
lam5_n0.9,0,Adam,9389,5.896882457447723e-07,3.292704375249813e-07,9.189586832697537e-07,9389.0
lam5_n0.9,0,Adam,10222,5.886858654769986e-07,3.2889225077767327e-07,9.175781162546718e-07,10222.0
lam5_n0.9,0,Adam,11055,5.876463669460391e-07,3.286302441264383e-07,9.162766110724774e-07,11055.0
lam5_n0.9,0,Adam,11888,5.867522477740593e-07,3.2829050472033457e-07,9.150427524943939e-07,11888.0
lam5_n0.9,0,Adam,12721,5.858076118123181e-07,3.2805966082135623e-07,9.138672726336744e-07,12721.0
lam5_n0.9,0,Adam,13554,5.849938846533474e-07,3.277487713046024e-07,9.127426559579498e-07,13554.0
lam5_n0.9,0,Adam,14387,5.841260843823849e-07,3.275367887579338e-07,9.116628731403186e-07,14387.0
lam5_n0.9,0,Adam,15026,5.838416262667238e-07,3.2738899603187415e-07,9.112306222985979e-07,15026.0
lam5_n0.9,0,Adam,15651,5.835388581986898e-07,3.273340336707898e-07,9.108728918694796e-07,15651.0
lam5_n0.9,0,Adam,16276,5.833106699621325e-07,3.2722544692713426e-07,9.105361168892668e-07,16276.0
lam5_n0.9,0,Adam,16901,5.830379056695416e-07,3.271779832047621e-07,9.102158888743036e-07,16901.0
lam5_n0.9,0,Adam,17526,5.828310865352867e-07,3.2707825663629794e-07,9.099093431715846e-07,17526.0
lam5_n0.9,0,Adam,18151,5.82578782831848e-07,3.270357170230779e-07,9.096144998549259e-07,18151.0
lam5_n0.9,0,Adam,18776,5.823874543693655e-07,3.269424598004727e-07,9.093299141698382e-07,18776.0
lam5_n0.9,0,Adam,19401,5.821509052287124e-07,3.269035888336795e-07,9.090544940623918e-07,19401.0
lam5_n0.9,0,Adam,20026,5.819718768035207e-07,3.2681550319787733e-07,9.087873800013981e-07,20026.0
lam5_n0.9,0,L-BFGS,0,1.0160075806726545,0.049128120354669645,1.0651357010273241,20027.0
lam5_n0.9,0,L-BFGS,5000,6.283311039656656e-05,8.146758348618247e-06,7.097986874518481e-05,25027.0
lam5_n0.9,0,L-BFGS,5000,6.283311039656656e-05,8.146758348618247e-06,7.097986874518481e-05,25027.0
lam5_n0.9,0,L-BFGS,6000,9.326007991117776e-07,8.80966389351472e-07,1.8135671884632496e-06,26027.0
lam5_n0.9,0,L-BFGS,6890,5.933293242924728e-07,3.3037838678885035e-07,9.237077110813232e-07,26917.0
lam5_n0.9,0,L-BFGS,7723,5.920013857524821e-07,3.300098177544542e-07,9.220112035069363e-07,27750.0
lam5_n0.9,0,L-BFGS,8556,5.908540126313992e-07,3.295776628560072e-07,9.204316754874064e-07,28583.0
lam5_n0.9,0,L-BFGS,9389,5.896882457447723e-07,3.292704375249813e-07,9.189586832697537e-07,29416.0
lam5_n0.9,0,L-BFGS,10222,5.886858654769986e-07,3.2889225077767327e-07,9.175781162546718e-07,30249.0
lam5_n0.9,0,L-BFGS,11055,5.876463669460391e-07,3.286302441264383e-07,9.162766110724774e-07,31082.0
lam5_n0.9,0,L-BFGS,11888,5.867522477740593e-07,3.2829050472033457e-07,9.150427524943939e-07,31915.0
lam5_n0.9,0,L-BFGS,12721,5.858076118123181e-07,3.2805966082135623e-07,9.138672726336744e-07,32748.0
lam5_n0.9,0,L-BFGS,13554,5.849938846533474e-07,3.277487713046024e-07,9.127426559579498e-07,33581.0
lam5_n0.9,0,L-BFGS,14387,5.841260843823849e-07,3.275367887579338e-07,9.116628731403186e-07,34414.0
lam5_n0.9,0,L-BFGS,15026,5.838416262667238e-07,3.2738899603187415e-07,9.112306222985979e-07,35053.0
lam5_n0.9,0,L-BFGS,15651,5.835388581986898e-07,3.273340336707898e-07,9.108728918694796e-07,35678.0
lam5_n0.9,0,L-BFGS,16276,5.833106699621325e-07,3.2722544692713426e-07,9.105361168892668e-07,36303.0
lam5_n0.9,0,L-BFGS,16901,5.830379056695416e-07,3.271779832047621e-07,9.102158888743036e-07,36928.0
lam5_n0.9,0,L-BFGS,17526,5.828310865352867e-07,3.2707825663629794e-07,9.099093431715846e-07,37553.0
lam5_n0.9,0,L-BFGS,18151,5.82578782831848e-07,3.270357170230779e-07,9.096144998549259e-07,38178.0
lam5_n0.9,0,L-BFGS,18776,5.823874543693655e-07,3.269424598004727e-07,9.093299141698382e-07,38803.0
lam5_n0.9,0,L-BFGS,19401,5.821509052287124e-07,3.269035888336795e-07,9.090544940623918e-07,39428.0
lam5_n0.9,0,L-BFGS,20026,5.819718768035207e-07,3.2681550319787733e-07,9.087873800013981e-07,40053.0
lam5_n0.9,1,Adam,0,1.403469674223138,0.01681991531263446,1.4202895895357726,0.0
lam5_n0.9,1,Adam,5000,0.0001006737173917754,1.957523229626498e-05,0.00012024894968804037,5000.0
lam5_n0.9,1,Adam,5000,0.0001006737173917754,1.957523229626498e-05,0.00012024894968804037,5000.0
lam5_n0.9,1,Adam,6000,8.833943304671137e-07,4.2968836240046126e-08,9.263631667071599e-07,6000.0
lam5_n0.9,1,Adam,6833,8.827022875905134e-07,4.273641950365916e-08,9.254387070941726e-07,6833.0
lam5_n0.9,1,Adam,7666,8.819026241699056e-07,4.2590886502977724e-08,9.244935106728833e-07,7666.0
lam5_n0.9,1,Adam,8499,8.810947344646237e-07,4.251785759376704e-08,9.236125920583907e-07,8499.0
lam5_n0.9,1,Adam,9332,8.803786862957401e-07,4.241310743741919e-08,9.227917937331593e-07,9332.0
lam5_n0.9,1,Adam,10165,8.796654886559268e-07,4.2348672863255685e-08,9.220141615191825e-07,10165.0
lam5_n0.9,1,Adam,10998,8.790176609695975e-07,4.2251604367328285e-08,9.212692653369259e-07,10998.0
lam5_n0.9,1,Adam,11831,8.783588568833859e-07,4.219139275202675e-08,9.205502496354126e-07,11831.0
lam5_n0.9,1,Adam,12664,8.777530087781977e-07,4.2099352975770525e-08,9.198523617539682e-07,12664.0
lam5_n0.9,1,Adam,13497,8.771305170456444e-07,4.204165806656562e-08,9.1917217511221e-07,13497.0
lam5_n0.9,1,Adam,14161,8.768442670324969e-07,4.199949917669511e-08,9.188437662091921e-07,14161.0
lam5_n0.9,1,Adam,14786,8.766416447013773e-07,4.1962311898557987e-08,9.186039565999354e-07,14786.0
lam5_n0.9,1,Adam,15411,8.764256817216784e-07,4.194761493542658e-08,9.18373296657105e-07,15411.0
lam5_n0.9,1,Adam,16036,8.762382381937687e-07,4.1912788597923964e-08,9.181510267916926e-07,16036.0
lam5_n0.9,1,Adam,16661,8.760371686555264e-07,4.1899312350581005e-08,9.179364810061074e-07,16661.0
lam5_n0.9,1,Adam,17286,8.75862565617012e-07,4.1866505911441006e-08,9.177290715284531e-07,17286.0
lam5_n0.9,1,Adam,17911,8.756742163978426e-07,4.185406109911979e-08,9.175282774969624e-07,17911.0
lam5_n0.9,1,Adam,18536,8.755106291380475e-07,4.182300516685752e-08,9.17333634304905e-07,18536.0
lam5_n0.9,1,Adam,19161,8.753332827495227e-07,4.1811443649813384e-08,9.17144726399336e-07,19161.0
lam5_n0.9,1,Adam,19786,8.751792583797822e-07,4.178192150420525e-08,9.169611798839875e-07,19786.0
lam5_n0.9,1,Adam,20411,8.750115327368503e-07,4.177112514538011e-08,9.167826578822304e-07,20411.0
lam5_n0.9,1,L-BFGS,0,1.403469674223138,0.01681991531263446,1.4202895895357726,20412.0
lam5_n0.9,1,L-BFGS,5000,0.0001006737173917754,1.957523229626498e-05,0.00012024894968804037,25412.0
lam5_n0.9,1,L-BFGS,5000,0.0001006737173917754,1.957523229626498e-05,0.00012024894968804037,25412.0
lam5_n0.9,1,L-BFGS,6000,8.833943304671137e-07,4.2968836240046126e-08,9.263631667071599e-07,26412.0
lam5_n0.9,1,L-BFGS,6833,8.827022875905134e-07,4.273641950365916e-08,9.254387070941726e-07,27245.0
lam5_n0.9,1,L-BFGS,7666,8.819026241699056e-07,4.2590886502977724e-08,9.244935106728833e-07,28078.0
lam5_n0.9,1,L-BFGS,8499,8.810947344646237e-07,4.251785759376704e-08,9.236125920583907e-07,28911.0
lam5_n0.9,1,L-BFGS,9332,8.803786862957401e-07,4.241310743741919e-08,9.227917937331593e-07,29744.0
lam5_n0.9,1,L-BFGS,10165,8.796654886559268e-07,4.2348672863255685e-08,9.220141615191825e-07,30577.0
lam5_n0.9,1,L-BFGS,10998,8.790176609695975e-07,4.2251604367328285e-08,9.212692653369259e-07,31410.0
lam5_n0.9,1,L-BFGS,11831,8.783588568833859e-07,4.219139275202675e-08,9.205502496354126e-07,32243.0
lam5_n0.9,1,L-BFGS,12664,8.777530087781977e-07,4.2099352975770525e-08,9.198523617539682e-07,33076.0
lam5_n0.9,1,L-BFGS,13497,8.771305170456444e-07,4.204165806656562e-08,9.1917217511221e-07,33909.0
lam5_n0.9,1,L-BFGS,14161,8.768442670324969e-07,4.199949917669511e-08,9.188437662091921e-07,34573.0
lam5_n0.9,1,L-BFGS,14786,8.766416447013773e-07,4.1962311898557987e-08,9.186039565999354e-07,35198.0
lam5_n0.9,1,L-BFGS,15411,8.764256817216784e-07,4.194761493542658e-08,9.18373296657105e-07,35823.0
lam5_n0.9,1,L-BFGS,16036,8.762382381937687e-07,4.1912788597923964e-08,9.181510267916926e-07,36448.0
lam5_n0.9,1,L-BFGS,16661,8.760371686555264e-07,4.1899312350581005e-08,9.179364810061074e-07,37073.0
lam5_n0.9,1,L-BFGS,17286,8.75862565617012e-07,4.1866505911441006e-08,9.177290715284531e-07,37698.0
lam5_n0.9,1,L-BFGS,17911,8.756742163978426e-07,4.185406109911979e-08,9.175282774969624e-07,38323.0
lam5_n0.9,1,L-BFGS,18536,8.755106291380475e-07,4.182300516685752e-08,9.17333634304905e-07,38948.0
lam5_n0.9,1,L-BFGS,19161,8.753332827495227e-07,4.1811443649813384e-08,9.17144726399336e-07,39573.0
lam5_n0.9,1,L-BFGS,19786,8.751792583797822e-07,4.178192150420525e-08,9.169611798839875e-07,40198.0
lam5_n0.9,1,L-BFGS,20411,8.750115327368503e-07,4.177112514538011e-08,9.167826578822304e-07,40823.0
lam5_n0.9,2,Adam,0,1.0145566137338289,0.01122148583313629,1.0257780995669652,0.0
lam5_n0.9,2,Adam,5000,0.0006867622028846486,0.00042025889017434695,0.0011070210930589955,5000.0
lam5_n0.9,2,Adam,5000,0.0006867622028846486,0.00042025889017434695,0.0011070210930589955,5000.0
lam5_n0.9,2,Adam,6000,8.915894782068462e-07,3.8649763654213584e-07,1.278087114748982e-06,6000.0
lam5_n0.9,2,Adam,7000,5.890836277405736e-07,2.411656770071393e-07,8.302493047477129e-07,7000.0
lam5_n0.9,2,Adam,8000,5.896344977656889e-07,2.3959482397089226e-07,8.292293217365811e-07,8000.0
lam5_n0.9,2,Adam,9000,5.899640874032578e-07,2.3847298011426755e-07,8.284370675175254e-07,9000.0
lam5_n0.9,2,Adam,10000,5.902365187475727e-07,2.3746098348493494e-07,8.276975022325077e-07,10000.0
lam5_n0.9,2,Adam,10983,5.904806410861148e-07,2.3654702558486703e-07,8.270276666709819e-07,10983.0
lam5_n0.9,2,Adam,11920,5.906276681982212e-07,2.3580403092387592e-07,8.264316991220971e-07,11920.0
lam5_n0.9,2,Adam,12764,5.907448975758269e-07,2.3520651498059184e-07,8.259514125564187e-07,12764.0
lam5_n0.9,2,Adam,13597,5.908698745226223e-07,2.3463296813713545e-07,8.255028426597578e-07,13597.0
lam5_n0.9,2,Adam,14430,5.909306995845532e-07,2.341405247633571e-07,8.250712243479103e-07,14430.0
lam5_n0.9,2,Adam,15263,5.910244790900446e-07,2.3362939284302717e-07,8.246538719330718e-07,15263.0
lam5_n0.9,2,Adam,16096,5.910717074579403e-07,2.3317683554148554e-07,8.242485429994258e-07,16096.0
lam5_n0.9,2,Adam,16929,5.911508649703416e-07,2.3270249479651623e-07,8.238533597668579e-07,16929.0
lam5_n0.9,2,Adam,17762,5.911846527476647e-07,2.3228225274104962e-07,8.234669054887143e-07,17762.0
lam5_n0.9,2,Adam,18595,5.912495335970669e-07,2.3183861265515856e-07,8.230881462522254e-07,18595.0
lam5_n0.9,2,Adam,19428,5.912756775094198e-07,2.3144051061059827e-07,8.22716188120018e-07,19428.0
lam5_n0.9,2,Adam,20261,5.913309301448534e-07,2.3101933397173685e-07,8.223502641165902e-07,20261.0
lam5_n0.9,2,L-BFGS,0,1.0145566137338289,0.01122148583313629,1.0257780995669652,20262.0
lam5_n0.9,2,L-BFGS,5000,0.0006867622028846486,0.00042025889017434695,0.0011070210930589955,25262.0
lam5_n0.9,2,L-BFGS,5000,0.0006867622028846486,0.00042025889017434695,0.0011070210930589955,25262.0
lam5_n0.9,2,L-BFGS,6000,8.915894782068462e-07,3.8649763654213584e-07,1.278087114748982e-06,26262.0
lam5_n0.9,2,L-BFGS,7000,5.890836277405736e-07,2.411656770071393e-07,8.302493047477129e-07,27262.0
lam5_n0.9,2,L-BFGS,8000,5.896344977656889e-07,2.3959482397089226e-07,8.292293217365811e-07,28262.0
lam5_n0.9,2,L-BFGS,9000,5.899640874032578e-07,2.3847298011426755e-07,8.284370675175254e-07,29262.0
lam5_n0.9,2,L-BFGS,10000,5.902365187475727e-07,2.3746098348493494e-07,8.276975022325077e-07,30262.0
lam5_n0.9,2,L-BFGS,10983,5.904806410861148e-07,2.3654702558486703e-07,8.270276666709819e-07,31245.0
lam5_n0.9,2,L-BFGS,11920,5.906276681982212e-07,2.3580403092387592e-07,8.264316991220971e-07,32182.0
lam5_n0.9,2,L-BFGS,12764,5.907448975758269e-07,2.3520651498059184e-07,8.259514125564187e-07,33026.0
lam5_n0.9,2,L-BFGS,13597,5.908698745226223e-07,2.3463296813713545e-07,8.255028426597578e-07,33859.0
lam5_n0.9,2,L-BFGS,14430,5.909306995845532e-07,2.341405247633571e-07,8.250712243479103e-07,34692.0
lam5_n0.9,2,L-BFGS,15263,5.910244790900446e-07,2.3362939284302717e-07,8.246538719330718e-07,35525.0
lam5_n0.9,2,L-BFGS,16096,5.910717074579403e-07,2.3317683554148554e-07,8.242485429994258e-07,36358.0
lam5_n0.9,2,L-BFGS,16929,5.911508649703416e-07,2.3270249479651623e-07,8.238533597668579e-07,37191.0
lam5_n0.9,2,L-BFGS,17762,5.911846527476647e-07,2.3228225274104962e-07,8.234669054887143e-07,38024.0
lam5_n0.9,2,L-BFGS,18595,5.912495335970669e-07,2.3183861265515856e-07,8.230881462522254e-07,38857.0
lam5_n0.9,2,L-BFGS,19428,5.912756775094198e-07,2.3144051061059827e-07,8.22716188120018e-07,39690.0
lam5_n0.9,2,L-BFGS,20261,5.913309301448534e-07,2.3101933397173685e-07,8.223502641165902e-07,40523.0
lam5_n0.9,3,Adam,0,1.4085561570439915,0.024934307945224533,1.433490464989216,0.0
lam5_n0.9,3,Adam,5000,7.17372589338737e-05,3.758152753888853e-05,0.00010931878647276223,5000.0
lam5_n0.9,3,Adam,5000,7.17372589338737e-05,3.758152753888853e-05,0.00010931878647276223,5000.0
lam5_n0.9,3,Adam,6000,1.0537864041849443e-06,6.101485608070599e-07,1.6639349649920044e-06,6000.0
lam5_n0.9,3,Adam,6833,1.0529383069326256e-06,6.103223118671508e-07,1.6632606187997764e-06,6833.0
lam5_n0.9,3,Adam,7666,1.0523101804174292e-06,6.10293372388299e-07,1.6626035528057282e-06,7666.0
lam5_n0.9,3,Adam,8499,1.0518399268036761e-06,6.101083223294181e-07,1.6619482491330942e-06,8499.0
lam5_n0.9,3,Adam,9332,1.0512919568755077e-06,6.100039611656261e-07,1.661295918041134e-06,9332.0
lam5_n0.9,3,Adam,10165,1.0508230642070707e-06,6.098269528668984e-07,1.6606500170739692e-06,10165.0
lam5_n0.9,3,Adam,10998,1.0503103104629228e-06,6.097034906184528e-07,1.6600138010813755e-06,10998.0
lam5_n0.9,3,Adam,11831,1.0498418496086986e-06,6.095469281812958e-07,1.6593887777899944e-06,11831.0
lam5_n0.9,3,Adam,12664,1.0493626054240872e-06,6.094119301707463e-07,1.6587745355948335e-06,12664.0
lam5_n0.9,3,Adam,13497,1.048902024391448e-06,6.092676254150764e-07,1.6581696498065244e-06,13497.0
lam5_n0.9,3,Adam,14304,1.0484792337276675e-06,6.09138600241656e-07,1.6576178339693236e-06,14304.0
lam5_n0.9,3,Adam,14929,1.0483069338274337e-06,6.090858453492265e-07,1.6573927791766603e-06,14929.0
lam5_n0.9,3,Adam,15554,1.048142275654442e-06,6.090335398587138e-07,1.6571758155131557e-06,15554.0
lam5_n0.9,3,Adam,16179,1.047981318382519e-06,6.089850090387823e-07,1.6569663274213014e-06,16179.0
lam5_n0.9,3,Adam,16804,1.0478284190207644e-06,6.089353424451796e-07,1.656763761465944e-06,16804.0
lam5_n0.9,3,Adam,17429,1.0476773096571014e-06,6.088903116573428e-07,1.6565676213144442e-06,17429.0
lam5_n0.9,3,Adam,18054,1.0475344162755968e-06,6.08843043352722e-07,1.6563774596283189e-06,18054.0
lam5_n0.9,3,Adam,18679,1.0473919118598629e-06,6.088009615646966e-07,1.6561928734245594e-06,18679.0
lam5_n0.9,3,Adam,19304,1.047257635424122e-06,6.087558628861697e-07,1.6560134983102916e-06,19304.0
lam5_n0.9,3,Adam,19929,1.0471227022416416e-06,6.087163018462948e-07,1.6558390040879363e-06,19929.0
lam5_n0.9,3,Adam,20554,1.046995925489653e-06,6.086731655553874e-07,1.6556690910450404e-06,20554.0
lam5_n0.9,3,L-BFGS,0,1.4085561570439915,0.024934307945224533,1.433490464989216,20555.0
lam5_n0.9,3,L-BFGS,5000,7.17372589338737e-05,3.758152753888853e-05,0.00010931878647276223,25555.0
lam5_n0.9,3,L-BFGS,5000,7.17372589338737e-05,3.758152753888853e-05,0.00010931878647276223,25555.0
lam5_n0.9,3,L-BFGS,6000,1.0537864041849443e-06,6.101485608070599e-07,1.6639349649920044e-06,26555.0
lam5_n0.9,3,L-BFGS,6833,1.0529383069326256e-06,6.103223118671508e-07,1.6632606187997764e-06,27388.0
lam5_n0.9,3,L-BFGS,7666,1.0523101804174292e-06,6.10293372388299e-07,1.6626035528057282e-06,28221.0
lam5_n0.9,3,L-BFGS,8499,1.0518399268036761e-06,6.101083223294181e-07,1.6619482491330942e-06,29054.0
lam5_n0.9,3,L-BFGS,9332,1.0512919568755077e-06,6.100039611656261e-07,1.661295918041134e-06,29887.0
lam5_n0.9,3,L-BFGS,10165,1.0508230642070707e-06,6.098269528668984e-07,1.6606500170739692e-06,30720.0
lam5_n0.9,3,L-BFGS,10998,1.0503103104629228e-06,6.097034906184528e-07,1.6600138010813755e-06,31553.0
lam5_n0.9,3,L-BFGS,11831,1.0498418496086986e-06,6.095469281812958e-07,1.6593887777899944e-06,32386.0
lam5_n0.9,3,L-BFGS,12664,1.0493626054240872e-06,6.094119301707463e-07,1.6587745355948335e-06,33219.0
lam5_n0.9,3,L-BFGS,13497,1.048902024391448e-06,6.092676254150764e-07,1.6581696498065244e-06,34052.0
lam5_n0.9,3,L-BFGS,14304,1.0484792337276675e-06,6.09138600241656e-07,1.6576178339693236e-06,34859.0
lam5_n0.9,3,L-BFGS,14929,1.0483069338274337e-06,6.090858453492265e-07,1.6573927791766603e-06,35484.0
lam5_n0.9,3,L-BFGS,15554,1.048142275654442e-06,6.090335398587138e-07,1.6571758155131557e-06,36109.0
lam5_n0.9,3,L-BFGS,16179,1.047981318382519e-06,6.089850090387823e-07,1.6569663274213014e-06,36734.0
lam5_n0.9,3,L-BFGS,16804,1.0478284190207644e-06,6.089353424451796e-07,1.656763761465944e-06,37359.0
lam5_n0.9,3,L-BFGS,17429,1.0476773096571014e-06,6.088903116573428e-07,1.6565676213144442e-06,37984.0
lam5_n0.9,3,L-BFGS,18054,1.0475344162755968e-06,6.08843043352722e-07,1.6563774596283189e-06,38609.0
lam5_n0.9,3,L-BFGS,18679,1.0473919118598629e-06,6.088009615646966e-07,1.6561928734245594e-06,39234.0
lam5_n0.9,3,L-BFGS,19304,1.047257635424122e-06,6.087558628861697e-07,1.6560134983102916e-06,39859.0
lam5_n0.9,3,L-BFGS,19929,1.0471227022416416e-06,6.087163018462948e-07,1.6558390040879363e-06,40484.0
lam5_n0.9,3,L-BFGS,20554,1.046995925489653e-06,6.086731655553874e-07,1.6556690910450404e-06,41109.0
lam2_n0.3,42,Adam,0,1.7937167063355488,0.013181570014266002,1.8068982763498147,0.0
lam2_n0.3,42,Adam,500,0.013609622888078685,0.005070229972284811,0.018679852860363496,500.0
lam2_n0.3,42,Adam,1000,0.0006986719481203549,0.0005361063268096204,0.0012347782749299752,1000.0
lam2_n0.3,42,Adam,1500,9.913799602354647e-05,0.00016065937938860404,0.0002597973754121505,1500.0
lam2_n0.3,42,Adam,2000,1.7068732507363092e-05,6.448369414003446e-05,8.155242664739755e-05,2000.0
lam2_n0.3,42,Adam,2500,2.93670161439338e-05,5.727023699553168e-05,8.663725313946548e-05,2500.0
lam2_n0.3,42,Adam,3000,7.276905070671612e-05,3.978932997237684e-05,0.00011255838067909296,3000.0
lam2_n0.3,42,Adam,3500,2.8628739654556747e-05,2.521033632919105e-05,5.38390759837478e-05,3500.0
lam2_n0.3,42,Adam,4000,1.1318329531772503e-05,1.5545383037051937e-05,2.6863712568824438e-05,4000.0
lam2_n0.3,42,Adam,4500,0.00014125794480848974,0.00019547992496423913,0.00033673786977272887,4500.0
lam2_n0.3,42,Adam,5000,4.308681155935044e-05,5.7381833450409e-05,0.00010046864500975943,5000.0
lam2_n0.3,42,Adam,5000,4.308681155935044e-05,5.7381833450409e-05,0.00010046864500975943,5000.0
lam2_n0.3,42,Adam,6000,4.201483293544e-07,2.164940615781576e-07,6.366423909325577e-07,6000.0
lam2_n0.3,42,Adam,7000,4.1886476202000914e-07,2.1596728796115753e-07,6.348320499811667e-07,7000.0
lam2_n0.3,42,Adam,8000,4.17623759369318e-07,2.1542374195390749e-07,6.330475013232255e-07,8000.0
lam2_n0.3,42,Adam,9000,4.164158460832583e-07,2.148753048464341e-07,6.312911509296924e-07,9000.0
lam2_n0.3,42,Adam,10000,4.152403871724735e-07,2.143206799210676e-07,6.295610670935411e-07,10000.0
lam2_n0.3,42,Adam,11000,4.1408703678167707e-07,2.1377216645853968e-07,6.278592032402167e-07,11000.0
lam2_n0.3,42,Adam,11996,4.129869189915297e-07,2.131979295227117e-07,6.261848485142415e-07,11996.0
lam2_n0.3,42,Adam,12990,4.119143828060697e-07,2.1262737968870765e-07,6.245417624947773e-07,12990.0
lam2_n0.3,42,Adam,13980,4.1088346328380686e-07,2.1204735209858976e-07,6.229308153823966e-07,13980.0
lam2_n0.3,42,Adam,14968,4.098606246513246e-07,2.1148835205038364e-07,6.213489767017082e-07,14968.0
lam2_n0.3,42,Adam,15953,4.0888230780580494e-07,2.1091352087455232e-07,6.197958286803573e-07,15953.0
lam2_n0.3,42,Adam,16935,4.079155897284466e-07,2.1035448535748998e-07,6.182700750859366e-07,16935.0
lam2_n0.3,42,Adam,17917,4.069988049285507e-07,2.097734018816432e-07,6.167722068101939e-07,17917.0
lam2_n0.3,42,Adam,18898,4.0612441124876765e-07,2.0918252105229612e-07,6.153069323010638e-07,18898.0
lam2_n0.3,42,Adam,19878,4.0526289899006663e-07,2.0860794372619236e-07,6.13870842716259e-07,19878.0
lam2_n0.3,42,Adam,20860,4.0442750488214514e-07,2.0804342398625454e-07,6.124709288683996e-07,20860.0
lam2_n0.3,42,L-BFGS,0,1.7937167063355488,0.013181570014266002,1.8068982763498147,20861.0
lam2_n0.3,42,L-BFGS,500,0.013609622888078685,0.005070229972284811,0.018679852860363496,21361.0
lam2_n0.3,42,L-BFGS,1000,0.0006986719481203549,0.0005361063268096204,0.0012347782749299752,21861.0
lam2_n0.3,42,L-BFGS,1500,9.913799602354647e-05,0.00016065937938860404,0.0002597973754121505,22361.0
lam2_n0.3,42,L-BFGS,2000,1.7068732507363092e-05,6.448369414003446e-05,8.155242664739755e-05,22861.0
lam2_n0.3,42,L-BFGS,2500,2.93670161439338e-05,5.727023699553168e-05,8.663725313946548e-05,23361.0
lam2_n0.3,42,L-BFGS,3000,7.276905070671612e-05,3.978932997237684e-05,0.00011255838067909296,23861.0
lam2_n0.3,42,L-BFGS,3500,2.8628739654556747e-05,2.521033632919105e-05,5.38390759837478e-05,24361.0
lam2_n0.3,42,L-BFGS,4000,1.1318329531772503e-05,1.5545383037051937e-05,2.6863712568824438e-05,24861.0
lam2_n0.3,42,L-BFGS,4500,0.00014125794480848974,0.00019547992496423913,0.00033673786977272887,25361.0
lam2_n0.3,42,L-BFGS,5000,4.308681155935044e-05,5.7381833450409e-05,0.00010046864500975943,25861.0
lam2_n0.3,42,L-BFGS,5000,4.308681155935044e-05,5.7381833450409e-05,0.00010046864500975943,25861.0
lam2_n0.3,42,L-BFGS,6000,4.201483293544e-07,2.164940615781576e-07,6.366423909325577e-07,26861.0
lam2_n0.3,42,L-BFGS,7000,4.1886476202000914e-07,2.1596728796115753e-07,6.348320499811667e-07,27861.0
lam2_n0.3,42,L-BFGS,8000,4.17623759369318e-07,2.1542374195390749e-07,6.330475013232255e-07,28861.0
lam2_n0.3,42,L-BFGS,9000,4.164158460832583e-07,2.148753048464341e-07,6.312911509296924e-07,29861.0
lam2_n0.3,42,L-BFGS,10000,4.152403871724735e-07,2.143206799210676e-07,6.295610670935411e-07,30861.0
lam2_n0.3,42,L-BFGS,11000,4.1408703678167707e-07,2.1377216645853968e-07,6.278592032402167e-07,31861.0
lam2_n0.3,42,L-BFGS,11996,4.129869189915297e-07,2.131979295227117e-07,6.261848485142415e-07,32857.0
lam2_n0.3,42,L-BFGS,12990,4.119143828060697e-07,2.1262737968870765e-07,6.245417624947773e-07,33851.0
lam2_n0.3,42,L-BFGS,13980,4.1088346328380686e-07,2.1204735209858976e-07,6.229308153823966e-07,34841.0
lam2_n0.3,42,L-BFGS,14968,4.098606246513246e-07,2.1148835205038364e-07,6.213489767017082e-07,35829.0
lam2_n0.3,42,L-BFGS,15953,4.0888230780580494e-07,2.1091352087455232e-07,6.197958286803573e-07,36814.0
lam2_n0.3,42,L-BFGS,16935,4.079155897284466e-07,2.1035448535748998e-07,6.182700750859366e-07,37796.0
lam2_n0.3,42,L-BFGS,17917,4.069988049285507e-07,2.097734018816432e-07,6.167722068101939e-07,38778.0
lam2_n0.3,42,L-BFGS,18898,4.0612441124876765e-07,2.0918252105229612e-07,6.153069323010638e-07,39759.0
lam2_n0.3,42,L-BFGS,19878,4.0526289899006663e-07,2.0860794372619236e-07,6.13870842716259e-07,40739.0
lam2_n0.3,42,L-BFGS,20860,4.0442750488214514e-07,2.0804342398625454e-07,6.124709288683996e-07,41721.0
lam2_n0.3,0,Adam,0,1.0159817461481073,0.049128115168563455,1.0651098613166707,0.0
lam2_n0.3,0,Adam,5000,2.8199033489419495e-05,1.994034389203215e-05,4.8139377381451644e-05,5000.0
lam2_n0.3,0,Adam,5000,2.8199033489419495e-05,1.994034389203215e-05,4.8139377381451644e-05,5000.0
lam2_n0.3,0,Adam,6000,2.1427899466847373e-07,2.3437568040734318e-07,4.486546750758169e-07,6000.0
lam2_n0.3,0,Adam,7000,2.139196225864657e-07,2.341610440702116e-07,4.480806666566773e-07,7000.0
lam2_n0.3,0,Adam,8000,2.135640633162776e-07,2.3394135184558695e-07,4.4750541516186456e-07,8000.0
lam2_n0.3,0,Adam,9000,2.13212304494081e-07,2.3371648274348717e-07,4.4692878723756816e-07,9000.0
lam2_n0.3,0,Adam,10000,2.1285916351959393e-07,2.3349192470963613e-07,4.463510882292301e-07,10000.0
lam2_n0.3,0,Adam,11000,2.1250320065133183e-07,2.3326914131212969e-07,4.457723419634615e-07,11000.0
lam2_n0.3,0,Adam,12000,2.1214091535345592e-07,2.3305189496156816e-07,4.451928103150241e-07,12000.0
lam2_n0.3,0,Adam,13000,2.1178990824094355e-07,2.328239796473059e-07,4.446138878882495e-07,13000.0
lam2_n0.3,0,Adam,14000,2.1143861770984053e-07,2.3259775445748108e-07,4.4403637216732164e-07,14000.0
lam2_n0.3,0,Adam,15000,2.1108199517773292e-07,2.323758776524017e-07,4.434578728301346e-07,15000.0
lam2_n0.3,0,Adam,16000,2.10723752607308e-07,2.3215699789222236e-07,4.4288075049953035e-07,16000.0
lam2_n0.3,0,Adam,17000,2.103751676117701e-07,2.3193163586113995e-07,4.4230680347291003e-07,17000.0
lam2_n0.3,0,Adam,18000,2.1002303045587528e-07,2.3171122693152766e-07,4.417342573874029e-07,18000.0
lam2_n0.3,0,Adam,19000,2.0967458551382684e-07,2.314905784131417e-07,4.4116516392696856e-07,19000.0
lam2_n0.3,0,Adam,20000,2.0932807638301336e-07,2.3127148690370863e-07,4.40599563286722e-07,20000.0
lam2_n0.3,0,L-BFGS,0,1.0159817461481073,0.049128115168563455,1.0651098613166707,20001.0
lam2_n0.3,0,L-BFGS,5000,2.8199033489419495e-05,1.994034389203215e-05,4.8139377381451644e-05,25001.0
lam2_n0.3,0,L-BFGS,5000,2.8199033489419495e-05,1.994034389203215e-05,4.8139377381451644e-05,25001.0
lam2_n0.3,0,L-BFGS,6000,2.1427899466847373e-07,2.3437568040734318e-07,4.486546750758169e-07,26001.0
lam2_n0.3,0,L-BFGS,7000,2.139196225864657e-07,2.341610440702116e-07,4.480806666566773e-07,27001.0
lam2_n0.3,0,L-BFGS,8000,2.135640633162776e-07,2.3394135184558695e-07,4.4750541516186456e-07,28001.0
lam2_n0.3,0,L-BFGS,9000,2.13212304494081e-07,2.3371648274348717e-07,4.4692878723756816e-07,29001.0
lam2_n0.3,0,L-BFGS,10000,2.1285916351959393e-07,2.3349192470963613e-07,4.463510882292301e-07,30001.0
lam2_n0.3,0,L-BFGS,11000,2.1250320065133183e-07,2.3326914131212969e-07,4.457723419634615e-07,31001.0
lam2_n0.3,0,L-BFGS,12000,2.1214091535345592e-07,2.3305189496156816e-07,4.451928103150241e-07,32001.0
lam2_n0.3,0,L-BFGS,13000,2.1178990824094355e-07,2.328239796473059e-07,4.446138878882495e-07,33001.0
lam2_n0.3,0,L-BFGS,14000,2.1143861770984053e-07,2.3259775445748108e-07,4.4403637216732164e-07,34001.0
lam2_n0.3,0,L-BFGS,15000,2.1108199517773292e-07,2.323758776524017e-07,4.434578728301346e-07,35001.0
lam2_n0.3,0,L-BFGS,16000,2.10723752607308e-07,2.3215699789222236e-07,4.4288075049953035e-07,36001.0
lam2_n0.3,0,L-BFGS,17000,2.103751676117701e-07,2.3193163586113995e-07,4.4230680347291003e-07,37001.0
lam2_n0.3,0,L-BFGS,18000,2.1002303045587528e-07,2.3171122693152766e-07,4.417342573874029e-07,38001.0
lam2_n0.3,0,L-BFGS,19000,2.0967458551382684e-07,2.314905784131417e-07,4.4116516392696856e-07,39001.0
lam2_n0.3,0,L-BFGS,20000,2.0932807638301336e-07,2.3127148690370863e-07,4.40599563286722e-07,40001.0
lam2_n0.3,1,Adam,0,1.3547309977733875,0.01665234105775803,1.3713833388311454,0.0
lam2_n0.3,1,Adam,5000,1.4958080265961808e-05,8.147316383827916e-06,2.3105396649789724e-05,5000.0
lam2_n0.3,1,Adam,5000,1.4958080265961808e-05,8.147316383827916e-06,2.3105396649789724e-05,5000.0
lam2_n0.3,1,Adam,5974,1.0155639469893403e-06,5.404991797453291e-07,1.5560631267346695e-06,5974.0
lam2_n0.3,1,Adam,6921,1.0133052480904738e-06,5.345256202717262e-07,1.5478308683622e-06,6921.0
lam2_n0.3,1,Adam,7868,1.011160420240166e-06,5.294654495887435e-07,1.5406258698289095e-06,7868.0
lam2_n0.3,1,Adam,8815,1.009037484587641e-06,5.251001916968725e-07,1.5341376762845134e-06,8815.0
lam2_n0.3,1,Adam,9768,1.006810305006246e-06,5.214354169063384e-07,1.5282457219125846e-06,9768.0
lam2_n0.3,1,Adam,10737,1.0049129302104305e-06,5.180127484938106e-07,1.522925678704241e-06,10737.0
lam2_n0.3,1,Adam,11719,1.0028294699976555e-06,5.15205045026113e-07,1.5180345150237687e-06,11719.0
lam2_n0.3,1,Adam,12713,1.0008285178352704e-06,5.12661212459225e-07,1.5134897302944954e-06,12713.0
lam2_n0.3,1,Adam,13713,9.989188133199775e-07,5.103429981013963e-07,1.5092618114213739e-06,13713.0
lam2_n0.3,1,Adam,14713,9.969658313527524e-07,5.083615685557162e-07,1.5053273999084684e-06,14713.0
lam2_n0.3,1,Adam,15713,9.950518713617913e-07,5.065954180129834e-07,1.5016472893747747e-06,15713.0
lam2_n0.3,1,Adam,16713,9.932656943211593e-07,5.049116683679645e-07,1.4981773626891237e-06,16713.0
lam2_n0.3,1,Adam,17713,9.915769125584142e-07,5.033242015246925e-07,1.4949011140831065e-06,17713.0
lam2_n0.3,1,Adam,18713,9.89813907217928e-07,5.019862124910709e-07,1.491800119708999e-06,18713.0
lam2_n0.3,1,Adam,19713,9.882778986362732e-07,5.005734381777689e-07,1.4888513368140422e-06,19713.0
lam2_n0.3,1,Adam,20713,9.86586379409608e-07,4.994564895019515e-07,1.4860428689115594e-06,20713.0
lam2_n0.3,1,L-BFGS,0,1.3547309977733875,0.01665234105775803,1.3713833388311454,20714.0
lam2_n0.3,1,L-BFGS,5000,1.4958080265961808e-05,8.147316383827916e-06,2.3105396649789724e-05,25714.0
lam2_n0.3,1,L-BFGS,5000,1.4958080265961808e-05,8.147316383827916e-06,2.3105396649789724e-05,25714.0
lam2_n0.3,1,L-BFGS,5974,1.0155639469893403e-06,5.404991797453291e-07,1.5560631267346695e-06,26688.0
lam2_n0.3,1,L-BFGS,6921,1.0133052480904738e-06,5.345256202717262e-07,1.5478308683622e-06,27635.0
lam2_n0.3,1,L-BFGS,7868,1.011160420240166e-06,5.294654495887435e-07,1.5406258698289095e-06,28582.0
lam2_n0.3,1,L-BFGS,8815,1.009037484587641e-06,5.251001916968725e-07,1.5341376762845134e-06,29529.0
lam2_n0.3,1,L-BFGS,9768,1.006810305006246e-06,5.214354169063384e-07,1.5282457219125846e-06,30482.0
lam2_n0.3,1,L-BFGS,10737,1.0049129302104305e-06,5.180127484938106e-07,1.522925678704241e-06,31451.0
lam2_n0.3,1,L-BFGS,11719,1.0028294699976555e-06,5.15205045026113e-07,1.5180345150237687e-06,32433.0
lam2_n0.3,1,L-BFGS,12713,1.0008285178352704e-06,5.12661212459225e-07,1.5134897302944954e-06,33427.0
lam2_n0.3,1,L-BFGS,13713,9.989188133199775e-07,5.103429981013963e-07,1.5092618114213739e-06,34427.0
lam2_n0.3,1,L-BFGS,14713,9.969658313527524e-07,5.083615685557162e-07,1.5053273999084684e-06,35427.0
lam2_n0.3,1,L-BFGS,15713,9.950518713617913e-07,5.065954180129834e-07,1.5016472893747747e-06,36427.0
lam2_n0.3,1,L-BFGS,16713,9.932656943211593e-07,5.049116683679645e-07,1.4981773626891237e-06,37427.0
lam2_n0.3,1,L-BFGS,17713,9.915769125584142e-07,5.033242015246925e-07,1.4949011140831065e-06,38427.0
lam2_n0.3,1,L-BFGS,18713,9.89813907217928e-07,5.019862124910709e-07,1.491800119708999e-06,39427.0
lam2_n0.3,1,L-BFGS,19713,9.882778986362732e-07,5.005734381777689e-07,1.4888513368140422e-06,40427.0
lam2_n0.3,1,L-BFGS,20713,9.86586379409608e-07,4.994564895019515e-07,1.4860428689115594e-06,41427.0
lam2_n0.3,2,Adam,0,1.0145321513860683,0.011221476034609865,1.0257536274206782,0.0
lam2_n0.3,2,Adam,5000,3.12146060905049e-06,3.2365494344901168e-06,6.358010043540607e-06,5000.0
lam2_n0.3,2,Adam,5000,3.12146060905049e-06,3.2365494344901168e-06,6.358010043540607e-06,5000.0
lam2_n0.3,2,Adam,6000,9.218298141589414e-08,8.419078388146089e-08,1.7637376529735503e-07,6000.0
lam2_n0.3,2,Adam,7000,9.200708653495105e-08,8.401363868057595e-08,1.76020725215527e-07,7000.0
lam2_n0.3,2,Adam,8000,9.183802129770413e-08,8.384787043570058e-08,1.7568589173340473e-07,8000.0
lam2_n0.3,2,Adam,9000,9.16866810923723e-08,8.368009831508974e-08,1.7536677940746205e-07,9000.0
lam2_n0.3,2,Adam,10000,9.152476046632108e-08,8.353983752310645e-08,1.7506459798942753e-07,10000.0
lam2_n0.3,2,Adam,11000,9.138222855174433e-08,8.339409569339958e-08,1.7477632424514392e-07,11000.0
lam2_n0.3,2,Adam,12000,9.124830987644612e-08,8.325432578061261e-08,1.7450263565705871e-07,12000.0
lam2_n0.3,2,Adam,13000,9.109994103248529e-08,8.314243730505468e-08,1.7424237833753998e-07,13000.0
lam2_n0.3,2,Adam,14000,9.097962775454511e-08,8.301311163009325e-08,1.7399273938463837e-07,14000.0
lam2_n0.3,2,Adam,15000,9.084804028396387e-08,8.290750036965127e-08,1.7375554065361515e-07,15000.0
lam2_n0.3,2,Adam,16000,9.073696112799533e-08,8.27920357802112e-08,1.7352899690820652e-07,16000.0
lam2_n0.3,2,Adam,17000,9.061093744804166e-08,8.27022132216701e-08,1.7331315066971176e-07,17000.0
lam2_n0.3,2,Adam,18000,9.050965892068994e-08,8.259589538319621e-08,1.7310555430388616e-07,18000.0
lam2_n0.3,2,Adam,19000,9.039494231987883e-08,8.251282580140627e-08,1.729077681212851e-07,19000.0
lam2_n0.3,2,Adam,20000,9.029321114988741e-08,8.242484530546716e-08,1.7271805645535458e-07,20000.0
lam2_n0.3,2,L-BFGS,0,1.0145321513860683,0.011221476034609865,1.0257536274206782,20001.0
lam2_n0.3,2,L-BFGS,5000,3.12146060905049e-06,3.2365494344901168e-06,6.358010043540607e-06,25001.0
lam2_n0.3,2,L-BFGS,5000,3.12146060905049e-06,3.2365494344901168e-06,6.358010043540607e-06,25001.0
lam2_n0.3,2,L-BFGS,6000,9.218298141589414e-08,8.419078388146089e-08,1.7637376529735503e-07,26001.0
lam2_n0.3,2,L-BFGS,7000,9.200708653495105e-08,8.401363868057595e-08,1.76020725215527e-07,27001.0
lam2_n0.3,2,L-BFGS,8000,9.183802129770413e-08,8.384787043570058e-08,1.7568589173340473e-07,28001.0
lam2_n0.3,2,L-BFGS,9000,9.16866810923723e-08,8.368009831508974e-08,1.7536677940746205e-07,29001.0
lam2_n0.3,2,L-BFGS,10000,9.152476046632108e-08,8.353983752310645e-08,1.7506459798942753e-07,30001.0
lam2_n0.3,2,L-BFGS,11000,9.138222855174433e-08,8.339409569339958e-08,1.7477632424514392e-07,31001.0
lam2_n0.3,2,L-BFGS,12000,9.124830987644612e-08,8.325432578061261e-08,1.7450263565705871e-07,32001.0
lam2_n0.3,2,L-BFGS,13000,9.109994103248529e-08,8.314243730505468e-08,1.7424237833753998e-07,33001.0
lam2_n0.3,2,L-BFGS,14000,9.097962775454511e-08,8.301311163009325e-08,1.7399273938463837e-07,34001.0
lam2_n0.3,2,L-BFGS,15000,9.084804028396387e-08,8.290750036965127e-08,1.7375554065361515e-07,35001.0
lam2_n0.3,2,L-BFGS,16000,9.073696112799533e-08,8.27920357802112e-08,1.7352899690820652e-07,36001.0
lam2_n0.3,2,L-BFGS,17000,9.061093744804166e-08,8.27022132216701e-08,1.7331315066971176e-07,37001.0
lam2_n0.3,2,L-BFGS,18000,9.050965892068994e-08,8.259589538319621e-08,1.7310555430388616e-07,38001.0
lam2_n0.3,2,L-BFGS,19000,9.039494231987883e-08,8.251282580140627e-08,1.729077681212851e-07,39001.0
lam2_n0.3,2,L-BFGS,20000,9.029321114988741e-08,8.242484530546716e-08,1.7271805645535458e-07,40001.0
lam2_n0.3,3,Adam,0,1.3616062550933767,0.02475422425700014,1.386360479350377,0.0
lam2_n0.3,3,Adam,5000,5.579263978550658e-06,2.0566760873185546e-06,7.635940065869212e-06,5000.0
lam2_n0.3,3,Adam,5000,5.579263978550658e-06,2.0566760873185546e-06,7.635940065869212e-06,5000.0
lam2_n0.3,3,Adam,6000,1.7404925333753992e-07,2.8366162638685896e-07,4.577108797243989e-07,6000.0
lam2_n0.3,3,Adam,7000,1.7375519791882686e-07,2.8103007590003913e-07,4.54785273818866e-07,7000.0
lam2_n0.3,3,Adam,8000,1.7347475821432015e-07,2.7854117520461397e-07,4.520159334189341e-07,8000.0
lam2_n0.3,3,Adam,9000,1.7320748567688993e-07,2.7618541700112003e-07,4.493929026780099e-07,9000.0
lam2_n0.3,3,Adam,10000,1.7295607736395427e-07,2.739599931246842e-07,4.4691607048863845e-07,10000.0
lam2_n0.3,3,Adam,11000,1.7271610032920048e-07,2.718520948462858e-07,4.445681951754863e-07,11000.0
lam2_n0.3,3,Adam,12000,1.7248899749440174e-07,2.698593130137632e-07,4.423483105081649e-07,12000.0
lam2_n0.3,3,Adam,13000,1.722735785952368e-07,2.6797622187765536e-07,4.4024980047289215e-07,13000.0
lam2_n0.3,3,Adam,14000,1.7206835664160747e-07,2.6618768519156513e-07,4.382560418331726e-07,14000.0
lam2_n0.3,3,Adam,15000,1.7187508519492283e-07,2.644969181213611e-07,4.3637200331628395e-07,15000.0
lam2_n0.3,3,Adam,16000,1.7168789126662193e-07,2.6290119386845604e-07,4.34589085135078e-07,16000.0
lam2_n0.3,3,Adam,17000,1.715128598421153e-07,2.613752980261591e-07,4.328881578682744e-07,17000.0
lam2_n0.3,3,Adam,18000,1.7134292676838117e-07,2.5993580622432896e-07,4.3127873299271016e-07,18000.0
lam2_n0.3,3,Adam,19000,1.711818371739524e-07,2.58572013602886e-07,4.2975385077683836e-07,19000.0
lam2_n0.3,3,Adam,20000,1.7103149570270003e-07,2.5727025166759366e-07,4.2830174737029366e-07,20000.0
lam2_n0.3,3,L-BFGS,0,1.3616062550933767,0.02475422425700014,1.386360479350377,20001.0
lam2_n0.3,3,L-BFGS,5000,5.579263978550658e-06,2.0566760873185546e-06,7.635940065869212e-06,25001.0
lam2_n0.3,3,L-BFGS,5000,5.579263978550658e-06,2.0566760873185546e-06,7.635940065869212e-06,25001.0
lam2_n0.3,3,L-BFGS,6000,1.7404925333753992e-07,2.8366162638685896e-07,4.577108797243989e-07,26001.0
lam2_n0.3,3,L-BFGS,7000,1.7375519791882686e-07,2.8103007590003913e-07,4.54785273818866e-07,27001.0
lam2_n0.3,3,L-BFGS,8000,1.7347475821432015e-07,2.7854117520461397e-07,4.520159334189341e-07,28001.0
lam2_n0.3,3,L-BFGS,9000,1.7320748567688993e-07,2.7618541700112003e-07,4.493929026780099e-07,29001.0
lam2_n0.3,3,L-BFGS,10000,1.7295607736395427e-07,2.739599931246842e-07,4.4691607048863845e-07,30001.0
lam2_n0.3,3,L-BFGS,11000,1.7271610032920048e-07,2.718520948462858e-07,4.445681951754863e-07,31001.0
lam2_n0.3,3,L-BFGS,12000,1.7248899749440174e-07,2.698593130137632e-07,4.423483105081649e-07,32001.0
lam2_n0.3,3,L-BFGS,13000,1.722735785952368e-07,2.6797622187765536e-07,4.4024980047289215e-07,33001.0
lam2_n0.3,3,L-BFGS,14000,1.7206835664160747e-07,2.6618768519156513e-07,4.382560418331726e-07,34001.0
lam2_n0.3,3,L-BFGS,15000,1.7187508519492283e-07,2.644969181213611e-07,4.3637200331628395e-07,35001.0
lam2_n0.3,3,L-BFGS,16000,1.7168789126662193e-07,2.6290119386845604e-07,4.34589085135078e-07,36001.0
lam2_n0.3,3,L-BFGS,17000,1.715128598421153e-07,2.613752980261591e-07,4.328881578682744e-07,37001.0
lam2_n0.3,3,L-BFGS,18000,1.7134292676838117e-07,2.5993580622432896e-07,4.3127873299271016e-07,38001.0
lam2_n0.3,3,L-BFGS,19000,1.711818371739524e-07,2.58572013602886e-07,4.2975385077683836e-07,39001.0
lam2_n0.3,3,L-BFGS,20000,1.7103149570270003e-07,2.5727025166759366e-07,4.2830174737029366e-07,40001.0
lam2_n0.5,42,Adam,0,1.9133559975114016,0.014925618533734105,1.9282816160451357,0.0
lam2_n0.5,42,Adam,500,0.001546549519574933,0.004589009729348373,0.006135559248923306,500.0
lam2_n0.5,42,Adam,1000,0.00011274196655645436,9.540955904212393e-05,0.00020815152559857828,1000.0
lam2_n0.5,42,Adam,1500,6.248316136636837e-05,5.5181674439730435e-05,0.0001176648358060988,1500.0
lam2_n0.5,42,Adam,2000,2.6549292692658267e-05,1.930783211666179e-05,4.5857124809320056e-05,2000.0
lam2_n0.5,42,Adam,2500,1.07036759712527e-05,5.771535167248349e-06,1.647521113850105e-05,2500.0
lam2_n0.5,42,Adam,3000,6.399376404039181e-06,5.710126090036272e-06,1.2109502494075452e-05,3000.0
lam2_n0.5,42,Adam,3500,5.352425613901822e-06,6.062254872058811e-06,1.1414680485960633e-05,3500.0
lam2_n0.5,42,Adam,4000,3.989183820064473e-06,5.726294072627486e-06,9.71547789269196e-06,4000.0
lam2_n0.5,42,Adam,4500,5.050275050111514e-05,2.3894629406657705e-05,7.439737990777284e-05,4500.0
lam2_n0.5,42,Adam,5000,3.434816069214862e-06,5.251834840095711e-06,8.686650909310573e-06,5000.0
lam2_n0.5,42,Adam,5000,3.434816069214862e-06,5.251834840095711e-06,8.686650909310573e-06,5000.0
lam2_n0.5,42,Adam,5920,4.45447143467062e-07,8.202470884687543e-07,1.2656942319358163e-06,5920.0
lam2_n0.5,42,Adam,6768,4.453313036615352e-07,8.192901638906145e-07,1.2646214675521496e-06,6768.0
lam2_n0.5,42,Adam,7601,4.4526318357632864e-07,8.183916129925375e-07,1.263654796568866e-06,7601.0
lam2_n0.5,42,Adam,8434,4.4507502328592895e-07,8.176733617394803e-07,1.2627483850254092e-06,8434.0
lam2_n0.5,42,Adam,9267,4.44991255974224e-07,8.169002339084397e-07,1.2618914898826637e-06,9267.0
lam2_n0.5,42,Adam,10100,4.448189221556576e-07,8.162582700781601e-07,1.2610771922338177e-06,10100.0
lam2_n0.5,42,Adam,10933,4.447281904741601e-07,8.155717351802927e-07,1.2602999256544529e-06,10933.0
lam2_n0.5,42,Adam,11766,4.445660688774272e-07,8.149890635948353e-07,1.2595551324722624e-06,11766.0
lam2_n0.5,42,Adam,12599,4.444699629355776e-07,8.143691226250443e-07,1.258839085560622e-06,12599.0
lam2_n0.5,42,Adam,13432,4.4431472979411773e-07,8.138339471360861e-07,1.2581486769302038e-06,13432.0
lam2_n0.5,42,Adam,14265,4.442143251341955e-07,8.132669928186708e-07,1.2574813179528662e-06,14265.0
lam2_n0.5,42,Adam,15098,4.440636975996929e-07,8.127711051218701e-07,1.256834802721563e-06,15098.0
lam2_n0.5,42,Adam,15931,4.4395972098888656e-07,8.122475376989346e-07,1.2562072586878212e-06,15931.0
lam2_n0.5,42,Adam,16764,4.438121311341319e-07,8.117849247530762e-07,1.255597055887208e-06,16764.0
lam2_n0.5,42,Adam,17597,4.437050920120023e-07,8.112976947748778e-07,1.25500278678688e-06,17597.0
lam2_n0.5,42,Adam,18430,4.435594528776368e-07,8.108637495072565e-07,1.2544232023848934e-06,18430.0
lam2_n0.5,42,Adam,19263,4.4344972530344e-07,8.104074833260197e-07,1.2538572086294598e-06,19263.0
lam2_n0.5,42,Adam,20096,4.433052756158019e-07,8.099985426590525e-07,1.2533038182748544e-06,20096.0
lam2_n0.5,42,L-BFGS,0,1.9133559975114016,0.014925618533734105,1.9282816160451357,20097.0
lam2_n0.5,42,L-BFGS,500,0.001546549519574933,0.004589009729348373,0.006135559248923306,20597.0
lam2_n0.5,42,L-BFGS,1000,0.00011274196655645436,9.540955904212393e-05,0.00020815152559857828,21097.0
lam2_n0.5,42,L-BFGS,1500,6.248316136636837e-05,5.5181674439730435e-05,0.0001176648358060988,21597.0
lam2_n0.5,42,L-BFGS,2000,2.6549292692658267e-05,1.930783211666179e-05,4.5857124809320056e-05,22097.0
lam2_n0.5,42,L-BFGS,2500,1.07036759712527e-05,5.771535167248349e-06,1.647521113850105e-05,22597.0
lam2_n0.5,42,L-BFGS,3000,6.399376404039181e-06,5.710126090036272e-06,1.2109502494075452e-05,23097.0
lam2_n0.5,42,L-BFGS,3500,5.352425613901822e-06,6.062254872058811e-06,1.1414680485960633e-05,23597.0
lam2_n0.5,42,L-BFGS,4000,3.989183820064473e-06,5.726294072627486e-06,9.71547789269196e-06,24097.0
lam2_n0.5,42,L-BFGS,4500,5.050275050111514e-05,2.3894629406657705e-05,7.439737990777284e-05,24597.0
lam2_n0.5,42,L-BFGS,5000,3.434816069214862e-06,5.251834840095711e-06,8.686650909310573e-06,25097.0
lam2_n0.5,42,L-BFGS,5000,3.434816069214862e-06,5.251834840095711e-06,8.686650909310573e-06,25097.0
lam2_n0.5,42,L-BFGS,5920,4.45447143467062e-07,8.202470884687543e-07,1.2656942319358163e-06,26017.0
lam2_n0.5,42,L-BFGS,6768,4.453313036615352e-07,8.192901638906145e-07,1.2646214675521496e-06,26865.0
lam2_n0.5,42,L-BFGS,7601,4.4526318357632864e-07,8.183916129925375e-07,1.263654796568866e-06,27698.0
lam2_n0.5,42,L-BFGS,8434,4.4507502328592895e-07,8.176733617394803e-07,1.2627483850254092e-06,28531.0
lam2_n0.5,42,L-BFGS,9267,4.44991255974224e-07,8.169002339084397e-07,1.2618914898826637e-06,29364.0
lam2_n0.5,42,L-BFGS,10100,4.448189221556576e-07,8.162582700781601e-07,1.2610771922338177e-06,30197.0
lam2_n0.5,42,L-BFGS,10933,4.447281904741601e-07,8.155717351802927e-07,1.2602999256544529e-06,31030.0
lam2_n0.5,42,L-BFGS,11766,4.445660688774272e-07,8.149890635948353e-07,1.2595551324722624e-06,31863.0
lam2_n0.5,42,L-BFGS,12599,4.444699629355776e-07,8.143691226250443e-07,1.258839085560622e-06,32696.0
lam2_n0.5,42,L-BFGS,13432,4.4431472979411773e-07,8.138339471360861e-07,1.2581486769302038e-06,33529.0
lam2_n0.5,42,L-BFGS,14265,4.442143251341955e-07,8.132669928186708e-07,1.2574813179528662e-06,34362.0
lam2_n0.5,42,L-BFGS,15098,4.440636975996929e-07,8.127711051218701e-07,1.256834802721563e-06,35195.0
lam2_n0.5,42,L-BFGS,15931,4.4395972098888656e-07,8.122475376989346e-07,1.2562072586878212e-06,36028.0
lam2_n0.5,42,L-BFGS,16764,4.438121311341319e-07,8.117849247530762e-07,1.255597055887208e-06,36861.0
lam2_n0.5,42,L-BFGS,17597,4.437050920120023e-07,8.112976947748778e-07,1.25500278678688e-06,37694.0
lam2_n0.5,42,L-BFGS,18430,4.435594528776368e-07,8.108637495072565e-07,1.2544232023848934e-06,38527.0
lam2_n0.5,42,L-BFGS,19263,4.4344972530344e-07,8.104074833260197e-07,1.2538572086294598e-06,39360.0
lam2_n0.5,42,L-BFGS,20096,4.433052756158019e-07,8.099985426590525e-07,1.2533038182748544e-06,40193.0
lam2_n0.5,0,Adam,0,1.0160334862906188,0.049128126074036806,1.0651616123646557,0.0
lam2_n0.5,0,Adam,5000,1.3399026916468185e-05,3.1937235971717427e-06,1.6592750513639927e-05,5000.0
lam2_n0.5,0,Adam,5000,1.3399026916468185e-05,3.1937235971717427e-06,1.6592750513639927e-05,5000.0
lam2_n0.5,0,Adam,6000,2.039735205471708e-07,3.6940626077635457e-07,5.733797813235254e-07,6000.0
lam2_n0.5,0,Adam,7000,2.035894435254006e-07,3.6836370659485345e-07,5.71953150120254e-07,7000.0
lam2_n0.5,0,Adam,8000,2.0320923347417368e-07,3.673188631946935e-07,5.705280966688671e-07,8000.0
lam2_n0.5,0,Adam,9000,2.0282588214101483e-07,3.662713577899516e-07,5.690972399309664e-07,9000.0
lam2_n0.5,0,Adam,10000,2.024450881502574e-07,3.6522508646979524e-07,5.676701746200527e-07,10000.0
lam2_n0.5,0,Adam,11000,2.0206345642495448e-07,3.641766542541194e-07,5.662401106790739e-07,11000.0
lam2_n0.5,0,Adam,12000,2.0168280714164679e-07,3.6312825747569235e-07,5.648110646173392e-07,12000.0
lam2_n0.5,0,Adam,13000,2.0130388451908462e-07,3.62082836351036e-07,5.633867208701206e-07,13000.0
lam2_n0.5,0,Adam,14000,2.0093546729029616e-07,3.6106478776359314e-07,5.620002550538893e-07,14000.0
lam2_n0.5,0,Adam,15000,2.005935810321761e-07,3.6011718421412413e-07,5.607107652463002e-07,15000.0
lam2_n0.5,0,Adam,16000,2.0028088712699184e-07,3.5923732136601464e-07,5.595182084930065e-07,16000.0
lam2_n0.5,0,Adam,17000,1.9998581706615605e-07,3.58432756097923e-07,5.58418573164079e-07,17000.0
lam2_n0.5,0,Adam,18000,1.9971681891903264e-07,3.5767938080770387e-07,5.573961997267365e-07,18000.0
lam2_n0.5,0,Adam,19000,1.9946787929374013e-07,3.569815740737583e-07,5.564494533674984e-07,19000.0
lam2_n0.5,0,Adam,20000,1.992339765723645e-07,3.5633809200031387e-07,5.555720685726784e-07,20000.0
lam2_n0.5,0,L-BFGS,0,1.0160334862906188,0.049128126074036806,1.0651616123646557,20001.0
lam2_n0.5,0,L-BFGS,5000,1.3399026916468185e-05,3.1937235971717427e-06,1.6592750513639927e-05,25001.0
lam2_n0.5,0,L-BFGS,5000,1.3399026916468185e-05,3.1937235971717427e-06,1.6592750513639927e-05,25001.0
lam2_n0.5,0,L-BFGS,6000,2.039735205471708e-07,3.6940626077635457e-07,5.733797813235254e-07,26001.0
lam2_n0.5,0,L-BFGS,7000,2.035894435254006e-07,3.6836370659485345e-07,5.71953150120254e-07,27001.0
lam2_n0.5,0,L-BFGS,8000,2.0320923347417368e-07,3.673188631946935e-07,5.705280966688671e-07,28001.0
lam2_n0.5,0,L-BFGS,9000,2.0282588214101483e-07,3.662713577899516e-07,5.690972399309664e-07,29001.0
lam2_n0.5,0,L-BFGS,10000,2.024450881502574e-07,3.6522508646979524e-07,5.676701746200527e-07,30001.0
lam2_n0.5,0,L-BFGS,11000,2.0206345642495448e-07,3.641766542541194e-07,5.662401106790739e-07,31001.0
lam2_n0.5,0,L-BFGS,12000,2.0168280714164679e-07,3.6312825747569235e-07,5.648110646173392e-07,32001.0
lam2_n0.5,0,L-BFGS,13000,2.0130388451908462e-07,3.62082836351036e-07,5.633867208701206e-07,33001.0
lam2_n0.5,0,L-BFGS,14000,2.0093546729029616e-07,3.6106478776359314e-07,5.620002550538893e-07,34001.0
lam2_n0.5,0,L-BFGS,15000,2.005935810321761e-07,3.6011718421412413e-07,5.607107652463002e-07,35001.0
lam2_n0.5,0,L-BFGS,16000,2.0028088712699184e-07,3.5923732136601464e-07,5.595182084930065e-07,36001.0
lam2_n0.5,0,L-BFGS,17000,1.9998581706615605e-07,3.58432756097923e-07,5.58418573164079e-07,37001.0
lam2_n0.5,0,L-BFGS,18000,1.9971681891903264e-07,3.5767938080770387e-07,5.573961997267365e-07,38001.0
lam2_n0.5,0,L-BFGS,19000,1.9946787929374013e-07,3.569815740737583e-07,5.564494533674984e-07,39001.0
lam2_n0.5,0,L-BFGS,20000,1.992339765723645e-07,3.5633809200031387e-07,5.555720685726784e-07,40001.0
lam2_n0.5,1,Adam,0,1.3808063124020848,0.016754323825819487,1.3975606362279043,0.0
lam2_n0.5,1,Adam,5000,7.124553190992779e-06,3.993669968759989e-06,1.1118223159752768e-05,5000.0
lam2_n0.5,1,Adam,5000,7.124553190992779e-06,3.993669968759989e-06,1.1118223159752768e-05,5000.0
lam2_n0.5,1,Adam,6000,9.500665880945379e-08,3.9651198774837357e-07,4.915186465578274e-07,6000.0
lam2_n0.5,1,Adam,6763,6.135343421088196e-08,1.585278794721495e-07,2.1988131368303147e-07,6763.0
lam2_n0.5,1,Adam,7388,6.117027182686636e-08,1.5856306292179345e-07,2.197333347486598e-07,7388.0
lam2_n0.5,1,Adam,8013,6.104668535884068e-08,1.5854900153961047e-07,2.1959568689845113e-07,8013.0
lam2_n0.5,1,Adam,8638,6.0926825606739e-08,1.585326263113635e-07,2.194594519181025e-07,8638.0
lam2_n0.5,1,Adam,9263,6.080952625844533e-08,1.5851287856337346e-07,2.193224048218188e-07,9263.0
lam2_n0.5,1,Adam,9888,6.068473317253749e-08,1.5849925337127173e-07,2.1918398654380922e-07,9888.0
lam2_n0.5,1,Adam,10513,6.055893659011322e-08,1.5848549062802655e-07,2.1904442721813978e-07,10513.0
lam2_n0.5,1,Adam,11138,6.04277766765752e-08,1.5847671474038114e-07,2.1890449141695633e-07,11138.0
lam2_n0.5,1,Adam,11763,6.029626960710209e-08,1.5846909718751342e-07,2.187653667946155e-07,11763.0
lam2_n0.5,1,Adam,12388,6.016430471595726e-08,1.5846422259581364e-07,2.186285273117709e-07,12388.0
lam2_n0.5,1,Adam,13013,6.00340749324234e-08,1.584614785793391e-07,2.184955535117625e-07,13013.0
lam2_n0.5,1,Adam,13638,5.990930207573092e-08,1.584585996271128e-07,2.1836790170284372e-07,13638.0
lam2_n0.5,1,Adam,14263,5.978831268461242e-08,1.5845839090298976e-07,2.1824670358760218e-07,14263.0
lam2_n0.5,1,Adam,14888,5.967732501807572e-08,1.5845530898501922e-07,2.1813263400309493e-07,14888.0
lam2_n0.5,1,Adam,15513,5.957072146498366e-08,1.5845518008584326e-07,2.180259015508269e-07,15513.0
lam2_n0.5,1,Adam,16138,5.9475976662953816e-08,1.5845034412766104e-07,2.1792632079061487e-07,16138.0
lam2_n0.5,1,Adam,16763,5.938473665545079e-08,1.584487032827805e-07,2.1783343993823128e-07,16763.0
lam2_n0.5,1,Adam,17388,5.930512430041635e-08,1.5844153573905217e-07,2.1774666003946851e-07,17388.0
lam2_n0.5,1,Adam,18013,5.922752245506565e-08,1.5843781282561536e-07,2.1766533528068102e-07,18013.0
lam2_n0.5,1,Adam,18638,5.9160414571195994e-08,1.584284192802237e-07,2.175888338514197e-07,18638.0
lam2_n0.5,1,Adam,19263,5.9093886581749285e-08,1.584226893502369e-07,2.175165759319862e-07,19263.0
lam2_n0.5,1,Adam,19888,5.9036576455721757e-08,1.5841147012838837e-07,2.1744804658411012e-07,19888.0
lam2_n0.5,1,Adam,20513,5.897872693595509e-08,1.584040734182242e-07,2.173828003541793e-07,20513.0
lam2_n0.5,1,L-BFGS,0,1.3808063124020848,0.016754323825819487,1.3975606362279043,20514.0
lam2_n0.5,1,L-BFGS,5000,7.124553190992779e-06,3.993669968759989e-06,1.1118223159752768e-05,25514.0
lam2_n0.5,1,L-BFGS,5000,7.124553190992779e-06,3.993669968759989e-06,1.1118223159752768e-05,25514.0
lam2_n0.5,1,L-BFGS,6000,9.500665880945379e-08,3.9651198774837357e-07,4.915186465578274e-07,26514.0
lam2_n0.5,1,L-BFGS,6763,6.135343421088196e-08,1.585278794721495e-07,2.1988131368303147e-07,27277.0
lam2_n0.5,1,L-BFGS,7388,6.117027182686636e-08,1.5856306292179345e-07,2.197333347486598e-07,27902.0
lam2_n0.5,1,L-BFGS,8013,6.104668535884068e-08,1.5854900153961047e-07,2.1959568689845113e-07,28527.0
lam2_n0.5,1,L-BFGS,8638,6.0926825606739e-08,1.585326263113635e-07,2.194594519181025e-07,29152.0
lam2_n0.5,1,L-BFGS,9263,6.080952625844533e-08,1.5851287856337346e-07,2.193224048218188e-07,29777.0
lam2_n0.5,1,L-BFGS,9888,6.068473317253749e-08,1.5849925337127173e-07,2.1918398654380922e-07,30402.0
lam2_n0.5,1,L-BFGS,10513,6.055893659011322e-08,1.5848549062802655e-07,2.1904442721813978e-07,31027.0
lam2_n0.5,1,L-BFGS,11138,6.04277766765752e-08,1.5847671474038114e-07,2.1890449141695633e-07,31652.0
lam2_n0.5,1,L-BFGS,11763,6.029626960710209e-08,1.5846909718751342e-07,2.187653667946155e-07,32277.0
lam2_n0.5,1,L-BFGS,12388,6.016430471595726e-08,1.5846422259581364e-07,2.186285273117709e-07,32902.0
lam2_n0.5,1,L-BFGS,13013,6.00340749324234e-08,1.584614785793391e-07,2.184955535117625e-07,33527.0
lam2_n0.5,1,L-BFGS,13638,5.990930207573092e-08,1.584585996271128e-07,2.1836790170284372e-07,34152.0
lam2_n0.5,1,L-BFGS,14263,5.978831268461242e-08,1.5845839090298976e-07,2.1824670358760218e-07,34777.0
lam2_n0.5,1,L-BFGS,14888,5.967732501807572e-08,1.5845530898501922e-07,2.1813263400309493e-07,35402.0
lam2_n0.5,1,L-BFGS,15513,5.957072146498366e-08,1.5845518008584326e-07,2.180259015508269e-07,36027.0
lam2_n0.5,1,L-BFGS,16138,5.9475976662953816e-08,1.5845034412766104e-07,2.1792632079061487e-07,36652.0
lam2_n0.5,1,L-BFGS,16763,5.938473665545079e-08,1.584487032827805e-07,2.1783343993823128e-07,37277.0
lam2_n0.5,1,L-BFGS,17388,5.930512430041635e-08,1.5844153573905217e-07,2.1774666003946851e-07,37902.0
lam2_n0.5,1,L-BFGS,18013,5.922752245506565e-08,1.5843781282561536e-07,2.1766533528068102e-07,38527.0
lam2_n0.5,1,L-BFGS,18638,5.9160414571195994e-08,1.584284192802237e-07,2.175888338514197e-07,39152.0
lam2_n0.5,1,L-BFGS,19263,5.9093886581749285e-08,1.584226893502369e-07,2.175165759319862e-07,39777.0
lam2_n0.5,1,L-BFGS,19888,5.9036576455721757e-08,1.5841147012838837e-07,2.1744804658411012e-07,40402.0
lam2_n0.5,1,L-BFGS,20513,5.897872693595509e-08,1.584040734182242e-07,2.173828003541793e-07,41027.0
lam2_n0.5,2,Adam,0,1.0145799547357524,0.011221495203215701,1.025801449938968,0.0
lam2_n0.5,2,Adam,5000,1.2830968924993159e-05,4.080595063996156e-06,1.6911563988989314e-05,5000.0
lam2_n0.5,2,Adam,5000,1.2830968924993159e-05,4.080595063996156e-06,1.6911563988989314e-05,5000.0
lam2_n0.5,2,Adam,6000,3.458643710424795e-07,3.9500486924775487e-07,7.408692402902343e-07,6000.0
lam2_n0.5,2,Adam,7000,3.425520600444941e-07,3.942577736020751e-07,7.368098336465692e-07,7000.0
lam2_n0.5,2,Adam,8000,3.393896452870117e-07,3.937462344364713e-07,7.331358797234831e-07,8000.0
lam2_n0.5,2,Adam,8977,3.3685135171960714e-07,3.9295616926982104e-07,7.298075209894282e-07,8977.0
lam2_n0.5,2,Adam,9812,3.3457065824064467e-07,3.92804300530264e-07,7.273749587709086e-07,9812.0
lam2_n0.5,2,Adam,10645,3.327912613387578e-07,3.922941843907408e-07,7.250854457294985e-07,10645.0
lam2_n0.5,2,Adam,11478,3.307081447879181e-07,3.9220310095012533e-07,7.229112457380434e-07,11478.0
lam2_n0.5,2,Adam,12311,3.2906423325830933e-07,3.9177422467323644e-07,7.208384579315458e-07,12311.0
lam2_n0.5,2,Adam,13144,3.271387968242117e-07,3.9171689397610544e-07,7.188556908003172e-07,13144.0
lam2_n0.5,2,Adam,13977,3.256020941110864e-07,3.91351515231041e-07,7.169536093421274e-07,13977.0
lam2_n0.5,2,Adam,14810,3.2380462797827226e-07,3.913197162845804e-07,7.151243442628527e-07,14810.0
lam2_n0.5,2,Adam,15643,3.2235577053806523e-07,3.910055278474599e-07,7.133612983855252e-07,15643.0
lam2_n0.5,2,Adam,16476,3.20665193011817e-07,3.9099358859408326e-07,7.116587816059002e-07,16476.0
lam2_n0.5,2,Adam,17309,3.1929039091128557e-07,3.9072154594135577e-07,7.100119368526413e-07,17309.0
lam2_n0.5,2,Adam,18142,3.176911269077626e-07,3.9072536829956023e-07,7.084164952073228e-07,18142.0
lam2_n0.5,2,Adam,18975,3.163801811051737e-07,3.904885785013865e-07,7.068687596065602e-07,18975.0
lam2_n0.5,2,Adam,19808,3.1486034406294093e-07,3.905050849506292e-07,7.053654290135701e-07,19808.0
lam2_n0.5,2,Adam,20641,3.1360546972927185e-07,3.902981411500831e-07,7.03903610879355e-07,20641.0
lam2_n0.5,2,L-BFGS,0,1.0145799547357524,0.011221495203215701,1.025801449938968,20642.0
lam2_n0.5,2,L-BFGS,5000,1.2830968924993159e-05,4.080595063996156e-06,1.6911563988989314e-05,25642.0
lam2_n0.5,2,L-BFGS,5000,1.2830968924993159e-05,4.080595063996156e-06,1.6911563988989314e-05,25642.0
lam2_n0.5,2,L-BFGS,6000,3.458643710424795e-07,3.9500486924775487e-07,7.408692402902343e-07,26642.0
lam2_n0.5,2,L-BFGS,7000,3.425520600444941e-07,3.942577736020751e-07,7.368098336465692e-07,27642.0
lam2_n0.5,2,L-BFGS,8000,3.393896452870117e-07,3.937462344364713e-07,7.331358797234831e-07,28642.0
lam2_n0.5,2,L-BFGS,8977,3.3685135171960714e-07,3.9295616926982104e-07,7.298075209894282e-07,29619.0
lam2_n0.5,2,L-BFGS,9812,3.3457065824064467e-07,3.92804300530264e-07,7.273749587709086e-07,30454.0
lam2_n0.5,2,L-BFGS,10645,3.327912613387578e-07,3.922941843907408e-07,7.250854457294985e-07,31287.0
lam2_n0.5,2,L-BFGS,11478,3.307081447879181e-07,3.9220310095012533e-07,7.229112457380434e-07,32120.0
lam2_n0.5,2,L-BFGS,12311,3.2906423325830933e-07,3.9177422467323644e-07,7.208384579315458e-07,32953.0
lam2_n0.5,2,L-BFGS,13144,3.271387968242117e-07,3.9171689397610544e-07,7.188556908003172e-07,33786.0
lam2_n0.5,2,L-BFGS,13977,3.256020941110864e-07,3.91351515231041e-07,7.169536093421274e-07,34619.0
lam2_n0.5,2,L-BFGS,14810,3.2380462797827226e-07,3.913197162845804e-07,7.151243442628527e-07,35452.0
lam2_n0.5,2,L-BFGS,15643,3.2235577053806523e-07,3.910055278474599e-07,7.133612983855252e-07,36285.0
lam2_n0.5,2,L-BFGS,16476,3.20665193011817e-07,3.9099358859408326e-07,7.116587816059002e-07,37118.0
lam2_n0.5,2,L-BFGS,17309,3.1929039091128557e-07,3.9072154594135577e-07,7.100119368526413e-07,37951.0
lam2_n0.5,2,L-BFGS,18142,3.176911269077626e-07,3.9072536829956023e-07,7.084164952073228e-07,38784.0
lam2_n0.5,2,L-BFGS,18975,3.163801811051737e-07,3.904885785013865e-07,7.068687596065602e-07,39617.0
lam2_n0.5,2,L-BFGS,19808,3.1486034406294093e-07,3.905050849506292e-07,7.053654290135701e-07,40450.0
lam2_n0.5,2,L-BFGS,20641,3.1360546972927185e-07,3.902981411500831e-07,7.03903610879355e-07,41283.0
lam2_n0.5,3,Adam,0,1.3870996508513826,0.024864547842782855,1.4119641986941656,0.0
lam2_n0.5,3,Adam,5000,8.402814954917193e-06,6.4441669741026484e-06,1.4846981929019841e-05,5000.0
lam2_n0.5,3,Adam,5000,8.402814954917193e-06,6.4441669741026484e-06,1.4846981929019841e-05,5000.0
lam2_n0.5,3,Adam,5990,2.999719054767659e-07,5.505043427647898e-07,8.504762482415558e-07,5990.0
lam2_n0.5,3,Adam,6952,2.9768702778952304e-07,5.435530448468604e-07,8.412400726363835e-07,6952.0
lam2_n0.5,3,Adam,7933,2.959666998573622e-07,5.364808964007625e-07,8.324475962581247e-07,7933.0
lam2_n0.5,3,Adam,8933,2.9399808353450806e-07,5.304728115014235e-07,8.244708950359315e-07,8933.0
lam2_n0.5,3,Adam,9933,2.927660332509994e-07,5.26073423218794e-07,8.188394564697934e-07,9933.0
lam2_n0.5,3,Adam,10933,2.919796567466914e-07,5.231818657040627e-07,8.151615224507541e-07,10933.0
lam2_n0.5,3,Adam,11933,2.914678143443134e-07,5.21072403493348e-07,8.125402178376614e-07,11933.0
lam2_n0.5,3,Adam,12933,2.909266944565927e-07,5.191341967114615e-07,8.100608911680542e-07,12933.0
lam2_n0.5,3,Adam,13933,2.904916396225783e-07,5.171700953884316e-07,8.076617350110099e-07,13933.0
lam2_n0.5,3,Adam,14933,2.9003347185000725e-07,5.153286063939219e-07,8.053620782439291e-07,14933.0
lam2_n0.5,3,Adam,15932,2.896330646198362e-07,5.135075348735238e-07,8.0314059949336e-07,15932.0
lam2_n0.5,3,Adam,16932,2.8921298285287816e-07,5.117359458370556e-07,8.009489286899338e-07,16932.0
lam2_n0.5,3,Adam,17888,2.8883855543811713e-07,5.100989871982184e-07,7.989375426363355e-07,17888.0
lam2_n0.5,3,Adam,18756,2.885297531830493e-07,5.087155114003383e-07,7.972452645833876e-07,18756.0
lam2_n0.5,3,Adam,19589,2.8820029139739906e-07,5.074987332332264e-07,7.956990246306255e-07,19589.0
lam2_n0.5,3,Adam,20422,2.8797030525285765e-07,5.06210477524686e-07,7.941807827775436e-07,20422.0
lam2_n0.5,3,L-BFGS,0,1.3870996508513826,0.024864547842782855,1.4119641986941656,20423.0
lam2_n0.5,3,L-BFGS,5000,8.402814954917193e-06,6.4441669741026484e-06,1.4846981929019841e-05,25423.0
lam2_n0.5,3,L-BFGS,5000,8.402814954917193e-06,6.4441669741026484e-06,1.4846981929019841e-05,25423.0
lam2_n0.5,3,L-BFGS,5990,2.999719054767659e-07,5.505043427647898e-07,8.504762482415558e-07,26413.0
lam2_n0.5,3,L-BFGS,6952,2.9768702778952304e-07,5.435530448468604e-07,8.412400726363835e-07,27375.0
lam2_n0.5,3,L-BFGS,7933,2.959666998573622e-07,5.364808964007625e-07,8.324475962581247e-07,28356.0
lam2_n0.5,3,L-BFGS,8933,2.9399808353450806e-07,5.304728115014235e-07,8.244708950359315e-07,29356.0
lam2_n0.5,3,L-BFGS,9933,2.927660332509994e-07,5.26073423218794e-07,8.188394564697934e-07,30356.0
lam2_n0.5,3,L-BFGS,10933,2.919796567466914e-07,5.231818657040627e-07,8.151615224507541e-07,31356.0
lam2_n0.5,3,L-BFGS,11933,2.914678143443134e-07,5.21072403493348e-07,8.125402178376614e-07,32356.0
lam2_n0.5,3,L-BFGS,12933,2.909266944565927e-07,5.191341967114615e-07,8.100608911680542e-07,33356.0
lam2_n0.5,3,L-BFGS,13933,2.904916396225783e-07,5.171700953884316e-07,8.076617350110099e-07,34356.0
lam2_n0.5,3,L-BFGS,14933,2.9003347185000725e-07,5.153286063939219e-07,8.053620782439291e-07,35356.0
lam2_n0.5,3,L-BFGS,15932,2.896330646198362e-07,5.135075348735238e-07,8.0314059949336e-07,36355.0
lam2_n0.5,3,L-BFGS,16932,2.8921298285287816e-07,5.117359458370556e-07,8.009489286899338e-07,37355.0
lam2_n0.5,3,L-BFGS,17888,2.8883855543811713e-07,5.100989871982184e-07,7.989375426363355e-07,38311.0
lam2_n0.5,3,L-BFGS,18756,2.885297531830493e-07,5.087155114003383e-07,7.972452645833876e-07,39179.0
lam2_n0.5,3,L-BFGS,19589,2.8820029139739906e-07,5.074987332332264e-07,7.956990246306255e-07,40012.0
lam2_n0.5,3,L-BFGS,20422,2.8797030525285765e-07,5.06210477524686e-07,7.941807827775436e-07,40845.0
lam2_n0.9,42,Adam,0,2.2616241557361794,0.01933508697580333,2.2809592427119827,0.0
lam2_n0.9,42,Adam,500,0.00031171434859351196,0.003493465035066731,0.003805179383660243,500.0
lam2_n0.9,42,Adam,1000,0.00013964601803922503,0.0009115640134284697,0.0010512100314676947,1000.0
lam2_n0.9,42,Adam,1500,4.06884478356698e-05,0.0001693057412093408,0.0002099941890450106,1500.0
lam2_n0.9,42,Adam,2000,3.3401821779474474e-05,7.83830520554453e-06,4.1240126985019e-05,2000.0
lam2_n0.9,42,Adam,2500,2.2103237350073286e-05,7.765619277182656e-06,2.9868856627255942e-05,2500.0
lam2_n0.9,42,Adam,3000,1.5219792964497302e-05,4.891450790272568e-06,2.011124375476987e-05,3000.0
lam2_n0.9,42,Adam,3500,1.5233789963154838e-05,6.375550597252181e-06,2.160934056040702e-05,3500.0
lam2_n0.9,42,Adam,4000,1.0963103483884066e-05,2.901424199499859e-06,1.3864527683383925e-05,4000.0
lam2_n0.9,42,Adam,4500,1.191326059236836e-05,2.9994732924367e-06,1.491273388480506e-05,4500.0
lam2_n0.9,42,Adam,5000,8.945261085509752e-06,1.5203299984155119e-06,1.0465591083925263e-05,5000.0
lam2_n0.9,42,Adam,5000,8.945261085509752e-06,1.5203299984155119e-06,1.0465591083925263e-05,5000.0
lam2_n0.9,42,Adam,6000,4.853960241760974e-07,7.89486207260771e-07,1.2748822314368686e-06,6000.0
lam2_n0.9,42,Adam,7000,4.82142109191347e-07,7.851059322098681e-07,1.2672480414012152e-06,7000.0
lam2_n0.9,42,Adam,8000,4.789465722982475e-07,7.814417555421478e-07,1.2603883278403953e-06,8000.0
lam2_n0.9,42,Adam,9000,4.766985419052173e-07,7.776539532997588e-07,1.2543524952049762e-06,9000.0
lam2_n0.9,42,Adam,10000,4.7426872600371896e-07,7.748808998766716e-07,1.2491496258803905e-06,10000.0
lam2_n0.9,42,Adam,11000,4.7243245123978375e-07,7.723341470326838e-07,1.2447665982724675e-06,11000.0
lam2_n0.9,42,Adam,12000,4.7074527925259055e-07,7.703543850282954e-07,1.241099664280886e-06,12000.0
lam2_n0.9,42,Adam,13000,4.6877501964406387e-07,7.692703745657182e-07,1.238045394209782e-06,13000.0
lam2_n0.9,42,Adam,14000,4.683160933486743e-07,7.671826625405637e-07,1.235498755889238e-06,14000.0
lam2_n0.9,42,Adam,15000,4.6727933820969076e-07,7.658836984241062e-07,1.233163036633797e-06,15000.0
lam2_n0.9,42,Adam,16000,4.6628673708424536e-07,7.645995037333133e-07,1.2308862408175587e-06,16000.0
lam2_n0.9,42,Adam,17000,4.652733285902771e-07,7.633956984795449e-07,1.228669027069822e-06,17000.0
lam2_n0.9,42,Adam,18000,4.6425761282136406e-07,7.622532189643843e-07,1.2265108317857485e-06,18000.0
lam2_n0.9,42,Adam,19000,4.6308325824024994e-07,7.613291633331015e-07,1.2244124215733515e-06,19000.0
lam2_n0.9,42,Adam,20000,4.6211045834840876e-07,7.60253077688013e-07,1.2223635360364218e-06,20000.0
lam2_n0.9,42,L-BFGS,0,2.2616241557361794,0.01933508697580333,2.2809592427119827,20001.0
lam2_n0.9,42,L-BFGS,500,0.00031171434859351196,0.003493465035066731,0.003805179383660243,20501.0
lam2_n0.9,42,L-BFGS,1000,0.00013964601803922503,0.0009115640134284697,0.0010512100314676947,21001.0
lam2_n0.9,42,L-BFGS,1500,4.06884478356698e-05,0.0001693057412093408,0.0002099941890450106,21501.0
lam2_n0.9,42,L-BFGS,2000,3.3401821779474474e-05,7.83830520554453e-06,4.1240126985019e-05,22001.0
lam2_n0.9,42,L-BFGS,2500,2.2103237350073286e-05,7.765619277182656e-06,2.9868856627255942e-05,22501.0
lam2_n0.9,42,L-BFGS,3000,1.5219792964497302e-05,4.891450790272568e-06,2.011124375476987e-05,23001.0
lam2_n0.9,42,L-BFGS,3500,1.5233789963154838e-05,6.375550597252181e-06,2.160934056040702e-05,23501.0
lam2_n0.9,42,L-BFGS,4000,1.0963103483884066e-05,2.901424199499859e-06,1.3864527683383925e-05,24001.0
lam2_n0.9,42,L-BFGS,4500,1.191326059236836e-05,2.9994732924367e-06,1.491273388480506e-05,24501.0
lam2_n0.9,42,L-BFGS,5000,8.945261085509752e-06,1.5203299984155119e-06,1.0465591083925263e-05,25001.0
lam2_n0.9,42,L-BFGS,5000,8.945261085509752e-06,1.5203299984155119e-06,1.0465591083925263e-05,25001.0
lam2_n0.9,42,L-BFGS,6000,4.853960241760974e-07,7.89486207260771e-07,1.2748822314368686e-06,26001.0
lam2_n0.9,42,L-BFGS,7000,4.82142109191347e-07,7.851059322098681e-07,1.2672480414012152e-06,27001.0
lam2_n0.9,42,L-BFGS,8000,4.789465722982475e-07,7.814417555421478e-07,1.2603883278403953e-06,28001.0
lam2_n0.9,42,L-BFGS,9000,4.766985419052173e-07,7.776539532997588e-07,1.2543524952049762e-06,29001.0
lam2_n0.9,42,L-BFGS,10000,4.7426872600371896e-07,7.748808998766716e-07,1.2491496258803905e-06,30001.0
lam2_n0.9,42,L-BFGS,11000,4.7243245123978375e-07,7.723341470326838e-07,1.2447665982724675e-06,31001.0
lam2_n0.9,42,L-BFGS,12000,4.7074527925259055e-07,7.703543850282954e-07,1.241099664280886e-06,32001.0
lam2_n0.9,42,L-BFGS,13000,4.6877501964406387e-07,7.692703745657182e-07,1.238045394209782e-06,33001.0
lam2_n0.9,42,L-BFGS,14000,4.683160933486743e-07,7.671826625405637e-07,1.235498755889238e-06,34001.0
lam2_n0.9,42,L-BFGS,15000,4.6727933820969076e-07,7.658836984241062e-07,1.233163036633797e-06,35001.0
lam2_n0.9,42,L-BFGS,16000,4.6628673708424536e-07,7.645995037333133e-07,1.2308862408175587e-06,36001.0
lam2_n0.9,42,L-BFGS,17000,4.652733285902771e-07,7.633956984795449e-07,1.228669027069822e-06,37001.0
lam2_n0.9,42,L-BFGS,18000,4.6425761282136406e-07,7.622532189643843e-07,1.2265108317857485e-06,38001.0
lam2_n0.9,42,L-BFGS,19000,4.6308325824024994e-07,7.613291633331015e-07,1.2244124215733515e-06,39001.0
lam2_n0.9,42,L-BFGS,20000,4.6211045834840876e-07,7.60253077688013e-07,1.2223635360364218e-06,40001.0
lam2_n0.9,0,Adam,0,1.01613757300185,0.04912814793102493,1.0652657209328749,0.0
lam2_n0.9,0,Adam,5000,1.4842059664109117e-05,2.594185138114425e-06,1.7436244802223544e-05,5000.0
lam2_n0.9,0,Adam,5000,1.4842059664109117e-05,2.594185138114425e-06,1.7436244802223544e-05,5000.0
lam2_n0.9,0,Adam,6000,1.6041424253185916e-06,7.988192322088291e-07,2.4029616575274206e-06,6000.0
lam2_n0.9,0,Adam,7000,1.5949616916228735e-06,7.971118857658662e-07,2.3920735773887395e-06,7000.0
lam2_n0.9,0,Adam,7954,3.0401872869631364e-07,1.4524440348497902e-07,4.4926313218129265e-07,7954.0
lam2_n0.9,0,Adam,8787,3.040229120251259e-07,1.4520511367071237e-07,4.4922802569583824e-07,8787.0
lam2_n0.9,0,Adam,9620,3.0397472045796886e-07,1.4521823122295576e-07,4.491929516809246e-07,9620.0
lam2_n0.9,0,Adam,10453,3.039767432152775e-07,1.451811614677681e-07,4.491579046830456e-07,10453.0
lam2_n0.9,0,Adam,11286,3.0392946479128464e-07,1.4519341591009097e-07,4.4912288070137563e-07,11286.0
lam2_n0.9,0,Adam,12119,3.0393243233611737e-07,1.4515544407436383e-07,4.490878764104812e-07,12119.0
lam2_n0.9,0,Adam,12952,3.0388484755850817e-07,1.4516804310092288e-07,4.4905289065943105e-07,12952.0
lam2_n0.9,0,Adam,13785,3.0388738550414744e-07,1.45130538448622e-07,4.490179239527694e-07,13785.0
lam2_n0.9,0,Adam,14618,3.038400215132853e-07,1.4514295461837662e-07,4.4898297613166194e-07,14618.0
lam2_n0.9,0,Adam,15451,3.038427381774874e-07,1.4510530875888989e-07,4.489480469363773e-07,15451.0
lam2_n0.9,0,Adam,16284,3.0379535891179455e-07,1.4511777730016947e-07,4.48913136211964e-07,16284.0
lam2_n0.9,0,Adam,17117,3.037979883839952e-07,1.4508025583250556e-07,4.488782442165008e-07,17117.0
lam2_n0.9,0,Adam,17950,3.0375069700966257e-07,1.4509267386762902e-07,4.488433708772916e-07,17950.0
lam2_n0.9,0,Adam,18783,3.037533556581329e-07,1.450551606033913e-07,4.488085162615242e-07,18783.0
lam2_n0.9,0,Adam,19616,3.03706107445359e-07,1.4506757282834051e-07,4.487736802736995e-07,19616.0
lam2_n0.9,0,Adam,20449,3.0370874209290496e-07,1.450301209772069e-07,4.4873886307011187e-07,20449.0
lam2_n0.9,0,L-BFGS,0,1.01613757300185,0.04912814793102493,1.0652657209328749,20450.0
lam2_n0.9,0,L-BFGS,5000,1.4842059664109117e-05,2.594185138114425e-06,1.7436244802223544e-05,25450.0
lam2_n0.9,0,L-BFGS,5000,1.4842059664109117e-05,2.594185138114425e-06,1.7436244802223544e-05,25450.0
lam2_n0.9,0,L-BFGS,6000,1.6041424253185916e-06,7.988192322088291e-07,2.4029616575274206e-06,26450.0
lam2_n0.9,0,L-BFGS,7000,1.5949616916228735e-06,7.971118857658662e-07,2.3920735773887395e-06,27450.0
lam2_n0.9,0,L-BFGS,7954,3.0401872869631364e-07,1.4524440348497902e-07,4.4926313218129265e-07,28404.0
lam2_n0.9,0,L-BFGS,8787,3.040229120251259e-07,1.4520511367071237e-07,4.4922802569583824e-07,29237.0
lam2_n0.9,0,L-BFGS,9620,3.0397472045796886e-07,1.4521823122295576e-07,4.491929516809246e-07,30070.0
lam2_n0.9,0,L-BFGS,10453,3.039767432152775e-07,1.451811614677681e-07,4.491579046830456e-07,30903.0
lam2_n0.9,0,L-BFGS,11286,3.0392946479128464e-07,1.4519341591009097e-07,4.4912288070137563e-07,31736.0
lam2_n0.9,0,L-BFGS,12119,3.0393243233611737e-07,1.4515544407436383e-07,4.490878764104812e-07,32569.0
lam2_n0.9,0,L-BFGS,12952,3.0388484755850817e-07,1.4516804310092288e-07,4.4905289065943105e-07,33402.0
lam2_n0.9,0,L-BFGS,13785,3.0388738550414744e-07,1.45130538448622e-07,4.490179239527694e-07,34235.0
lam2_n0.9,0,L-BFGS,14618,3.038400215132853e-07,1.4514295461837662e-07,4.4898297613166194e-07,35068.0
lam2_n0.9,0,L-BFGS,15451,3.038427381774874e-07,1.4510530875888989e-07,4.489480469363773e-07,35901.0
lam2_n0.9,0,L-BFGS,16284,3.0379535891179455e-07,1.4511777730016947e-07,4.48913136211964e-07,36734.0
lam2_n0.9,0,L-BFGS,17117,3.037979883839952e-07,1.4508025583250556e-07,4.488782442165008e-07,37567.0
lam2_n0.9,0,L-BFGS,17950,3.0375069700966257e-07,1.4509267386762902e-07,4.488433708772916e-07,38400.0
lam2_n0.9,0,L-BFGS,18783,3.037533556581329e-07,1.450551606033913e-07,4.488085162615242e-07,39233.0
lam2_n0.9,0,L-BFGS,19616,3.03706107445359e-07,1.4506757282834051e-07,4.487736802736995e-07,40066.0
lam2_n0.9,0,L-BFGS,20449,3.0370874209290496e-07,1.450301209772069e-07,4.4873886307011187e-07,40899.0
lam2_n0.9,1,Adam,0,1.4430450254352676,0.016980938638680807,1.4600259640739484,0.0
lam2_n0.9,1,Adam,5000,4.631505666140749e-06,3.0390360427318154e-06,7.670541708872566e-06,5000.0
lam2_n0.9,1,Adam,5000,4.631505666140749e-06,3.0390360427318154e-06,7.670541708872566e-06,5000.0
lam2_n0.9,1,Adam,5954,7.779265984212765e-07,6.137027540759274e-08,8.392968738288692e-07,5954.0
lam2_n0.9,1,Adam,6911,7.774303351822943e-07,6.055810151956236e-08,8.379884367018566e-07,6911.0
lam2_n0.9,1,Adam,7848,7.767891301631519e-07,6.019176746377516e-08,8.36980897626927e-07,7848.0
lam2_n0.9,1,Adam,8712,7.760938891295299e-07,6.002533797071385e-08,8.361192271002437e-07,8712.0
lam2_n0.9,1,Adam,9545,7.753704558540689e-07,5.997271954314597e-08,8.353431753972149e-07,9545.0
lam2_n0.9,1,Adam,10378,7.748496600992204e-07,5.974550772105203e-08,8.345951678202724e-07,10378.0
lam2_n0.9,1,Adam,11211,7.741802887706222e-07,5.969086459193361e-08,8.338711533625558e-07,11211.0
lam2_n0.9,1,Adam,12044,7.736867988148222e-07,5.947932460516393e-08,8.331661234199861e-07,12044.0
lam2_n0.9,1,Adam,12877,7.730599910871898e-07,5.941536684485682e-08,8.324753579320466e-07,12877.0
lam2_n0.9,1,Adam,13710,7.725784911689976e-07,5.921643612475897e-08,8.317949272937566e-07,13710.0
lam2_n0.9,1,Adam,14543,7.719783414652313e-07,5.9143404250333545e-08,8.311217457155649e-07,14543.0
lam2_n0.9,1,Adam,15376,7.715003100736362e-07,5.89530733080815e-08,8.304533833817176e-07,15376.0
lam2_n0.9,1,Adam,16209,7.709163184243249e-07,5.887164661948399e-08,8.297879650438089e-07,16209.0
lam2_n0.9,1,Adam,17042,7.704370452229082e-07,5.8686935128390796e-08,8.291239803512991e-07,17042.0
lam2_n0.9,1,Adam,17875,7.698624760286927e-07,5.859777828390078e-08,8.284602543125935e-07,17875.0
lam2_n0.9,1,Adam,18708,7.693792365915602e-07,5.8416555651453735e-08,8.27795792243014e-07,18708.0
lam2_n0.9,1,Adam,19541,7.688095805038111e-07,5.832023911044214e-08,8.271298196142533e-07,19541.0
lam2_n0.9,1,Adam,20374,7.683206534752697e-07,5.814097845408308e-08,8.264616319293528e-07,20374.0
lam2_n0.9,1,L-BFGS,0,1.4430450254352676,0.016980938638680807,1.4600259640739484,20375.0
lam2_n0.9,1,L-BFGS,5000,4.631505666140749e-06,3.0390360427318154e-06,7.670541708872566e-06,25375.0
lam2_n0.9,1,L-BFGS,5000,4.631505666140749e-06,3.0390360427318154e-06,7.670541708872566e-06,25375.0
lam2_n0.9,1,L-BFGS,5954,7.779265984212765e-07,6.137027540759274e-08,8.392968738288692e-07,26329.0
lam2_n0.9,1,L-BFGS,6911,7.774303351822943e-07,6.055810151956236e-08,8.379884367018566e-07,27286.0
lam2_n0.9,1,L-BFGS,7848,7.767891301631519e-07,6.019176746377516e-08,8.36980897626927e-07,28223.0
lam2_n0.9,1,L-BFGS,8712,7.760938891295299e-07,6.002533797071385e-08,8.361192271002437e-07,29087.0
lam2_n0.9,1,L-BFGS,9545,7.753704558540689e-07,5.997271954314597e-08,8.353431753972149e-07,29920.0
lam2_n0.9,1,L-BFGS,10378,7.748496600992204e-07,5.974550772105203e-08,8.345951678202724e-07,30753.0
lam2_n0.9,1,L-BFGS,11211,7.741802887706222e-07,5.969086459193361e-08,8.338711533625558e-07,31586.0
lam2_n0.9,1,L-BFGS,12044,7.736867988148222e-07,5.947932460516393e-08,8.331661234199861e-07,32419.0
lam2_n0.9,1,L-BFGS,12877,7.730599910871898e-07,5.941536684485682e-08,8.324753579320466e-07,33252.0
lam2_n0.9,1,L-BFGS,13710,7.725784911689976e-07,5.921643612475897e-08,8.317949272937566e-07,34085.0
lam2_n0.9,1,L-BFGS,14543,7.719783414652313e-07,5.9143404250333545e-08,8.311217457155649e-07,34918.0
lam2_n0.9,1,L-BFGS,15376,7.715003100736362e-07,5.89530733080815e-08,8.304533833817176e-07,35751.0
lam2_n0.9,1,L-BFGS,16209,7.709163184243249e-07,5.887164661948399e-08,8.297879650438089e-07,36584.0
lam2_n0.9,1,L-BFGS,17042,7.704370452229082e-07,5.8686935128390796e-08,8.291239803512991e-07,37417.0
lam2_n0.9,1,L-BFGS,17875,7.698624760286927e-07,5.859777828390078e-08,8.284602543125935e-07,38250.0
lam2_n0.9,1,L-BFGS,18708,7.693792365915602e-07,5.8416555651453735e-08,8.27795792243014e-07,39083.0
lam2_n0.9,1,L-BFGS,19541,7.688095805038111e-07,5.832023911044214e-08,8.271298196142533e-07,39916.0
lam2_n0.9,1,L-BFGS,20374,7.683206534752697e-07,5.814097845408308e-08,8.264616319293528e-07,40749.0
lam2_n0.9,2,Adam,0,1.0146764125463168,0.011221533678820913,1.0258979462251376,0.0
lam2_n0.9,2,Adam,5000,1.1540230738191403e-05,2.7050390781185207e-06,1.4245269816309923e-05,5000.0
lam2_n0.9,2,Adam,5000,1.1540230738191403e-05,2.7050390781185207e-06,1.4245269816309923e-05,5000.0
lam2_n0.9,2,Adam,6000,1.9750092297657157e-06,2.7350946790925667e-07,2.2485186976749723e-06,6000.0
lam2_n0.9,2,Adam,7000,1.5684116076518026e-06,2.565393692866856e-07,1.8249509769384883e-06,7000.0
lam2_n0.9,2,Adam,8000,1.5676295181091626e-06,2.5661179605219504e-07,1.8242413141613576e-06,8000.0
lam2_n0.9,2,Adam,8999,1.5668852700612313e-06,2.5665381054651975e-07,1.823539080607751e-06,8999.0
lam2_n0.9,2,Adam,9998,1.5660982207843407e-06,2.5674418849391773e-07,1.8228424092782585e-06,9998.0
lam2_n0.9,2,Adam,10997,1.565347702058753e-06,2.568032461726512e-07,1.8221509482314044e-06,10997.0
lam2_n0.9,2,Adam,11997,1.5645894364247104e-06,2.568741732130598e-07,1.8214636096377701e-06,11997.0
lam2_n0.9,2,Adam,12997,1.5638360952753185e-06,2.5694480185997325e-07,1.8207808971352918e-06,12997.0
lam2_n0.9,2,Adam,13971,1.5631201895751112e-06,2.570108378354911e-07,1.8201310274106023e-06,13971.0
lam2_n0.9,2,Adam,14830,1.5625190815811717e-06,2.5708447709142816e-07,1.8196035586726e-06,14830.0
lam2_n0.9,2,Adam,15663,1.5619916228522125e-06,2.5711578103092836e-07,1.8191074038831408e-06,15663.0
lam2_n0.9,2,Adam,16496,1.5614288223158954e-06,2.5718780405155447e-07,1.8186166263674499e-06,16496.0
lam2_n0.9,2,Adam,17329,1.5609133585148323e-06,2.5721769863023284e-07,1.818131057145065e-06,17329.0
lam2_n0.9,2,Adam,18162,1.560361347065353e-06,2.5728919415231096e-07,1.817650541217664e-06,18162.0
lam2_n0.9,2,Adam,18995,1.5598570328941736e-06,2.5731787983717657e-07,1.81717491273135e-06,18995.0
lam2_n0.9,2,Adam,19828,1.5593151188406269e-06,2.573889017171769e-07,1.8167040205578039e-06,19828.0
lam2_n0.9,2,Adam,20661,1.5588212588760235e-06,2.5741644607347895e-07,1.8162377049495024e-06,20661.0
lam2_n0.9,2,L-BFGS,0,1.0146764125463168,0.011221533678820913,1.0258979462251376,20662.0
lam2_n0.9,2,L-BFGS,5000,1.1540230738191403e-05,2.7050390781185207e-06,1.4245269816309923e-05,25662.0
lam2_n0.9,2,L-BFGS,5000,1.1540230738191403e-05,2.7050390781185207e-06,1.4245269816309923e-05,25662.0
lam2_n0.9,2,L-BFGS,6000,1.9750092297657157e-06,2.7350946790925667e-07,2.2485186976749723e-06,26662.0
lam2_n0.9,2,L-BFGS,7000,1.5684116076518026e-06,2.565393692866856e-07,1.8249509769384883e-06,27662.0
lam2_n0.9,2,L-BFGS,8000,1.5676295181091626e-06,2.5661179605219504e-07,1.8242413141613576e-06,28662.0
lam2_n0.9,2,L-BFGS,8999,1.5668852700612313e-06,2.5665381054651975e-07,1.823539080607751e-06,29661.0
lam2_n0.9,2,L-BFGS,9998,1.5660982207843407e-06,2.5674418849391773e-07,1.8228424092782585e-06,30660.0
lam2_n0.9,2,L-BFGS,10997,1.565347702058753e-06,2.568032461726512e-07,1.8221509482314044e-06,31659.0
lam2_n0.9,2,L-BFGS,11997,1.5645894364247104e-06,2.568741732130598e-07,1.8214636096377701e-06,32659.0
lam2_n0.9,2,L-BFGS,12997,1.5638360952753185e-06,2.5694480185997325e-07,1.8207808971352918e-06,33659.0
lam2_n0.9,2,L-BFGS,13971,1.5631201895751112e-06,2.570108378354911e-07,1.8201310274106023e-06,34633.0
lam2_n0.9,2,L-BFGS,14830,1.5625190815811717e-06,2.5708447709142816e-07,1.8196035586726e-06,35492.0
lam2_n0.9,2,L-BFGS,15663,1.5619916228522125e-06,2.5711578103092836e-07,1.8191074038831408e-06,36325.0
lam2_n0.9,2,L-BFGS,16496,1.5614288223158954e-06,2.5718780405155447e-07,1.8186166263674499e-06,37158.0
lam2_n0.9,2,L-BFGS,17329,1.5609133585148323e-06,2.5721769863023284e-07,1.818131057145065e-06,37991.0
lam2_n0.9,2,L-BFGS,18162,1.560361347065353e-06,2.5728919415231096e-07,1.817650541217664e-06,38824.0
lam2_n0.9,2,L-BFGS,18995,1.5598570328941736e-06,2.5731787983717657e-07,1.81717491273135e-06,39657.0
lam2_n0.9,2,L-BFGS,19828,1.5593151188406269e-06,2.573889017171769e-07,1.8167040205578039e-06,40490.0
lam2_n0.9,2,L-BFGS,20661,1.5588212588760235e-06,2.5741644607347895e-07,1.8162377049495024e-06,41323.0
lam2_n0.9,3,Adam,0,1.4476508205019993,0.0251094214033706,1.47276024190537,0.0
lam2_n0.9,3,Adam,5000,1.0249815942003793e-06,1.5243990578337701e-06,2.549380652034149e-06,5000.0
lam2_n0.9,3,Adam,5000,1.0249815942003793e-06,1.5243990578337701e-06,2.549380652034149e-06,5000.0
lam2_n0.9,3,Adam,6000,9.058113367883836e-07,4.757638419716432e-07,1.3815751787600268e-06,6000.0
lam2_n0.9,3,Adam,7000,9.043501497843654e-07,4.7119947264820586e-07,1.3755496224325713e-06,7000.0
lam2_n0.9,3,Adam,8000,9.029753062796449e-07,4.68253815907272e-07,1.371229122186917e-06,8000.0
lam2_n0.9,3,Adam,9000,9.025498702978066e-07,4.657907721901897e-07,1.3683406424879964e-06,9000.0
lam2_n0.9,3,Adam,10000,9.0174775576709e-07,4.6428943963799815e-07,1.366037195405088e-06,10000.0
lam2_n0.9,3,Adam,11000,9.014127891885877e-07,4.62389526175707e-07,1.3638023153642947e-06,11000.0
lam2_n0.9,3,Adam,12000,9.007886422800526e-07,4.60856048750787e-07,1.3616446910308397e-06,12000.0
lam2_n0.9,3,Adam,13000,9.00179688610578e-07,4.593798683402083e-07,1.3595595569507863e-06,13000.0
lam2_n0.9,3,Adam,13999,9.000867679008235e-07,4.574734539279538e-07,1.3575602218287772e-06,13999.0
lam2_n0.9,3,Adam,14998,8.993257042031924e-07,4.562679337520312e-07,1.3555936379552235e-06,14998.0
lam2_n0.9,3,Adam,15977,8.990664164962033e-07,4.546501533399561e-07,1.3537165698361593e-06,15977.0
lam2_n0.9,3,Adam,16849,8.986320084752977e-07,4.535525671614235e-07,1.3521845756367212e-06,16849.0
lam2_n0.9,3,Adam,17682,8.980276623236341e-07,4.527638097621682e-07,1.3507914720858024e-06,17682.0
lam2_n0.9,3,Adam,18515,8.979111064723601e-07,4.515129614222866e-07,1.3494240678946467e-06,18515.0
lam2_n0.9,3,Adam,19348,8.973332107009819e-07,4.5074703317954263e-07,1.3480802438805245e-06,19348.0
lam2_n0.9,3,Adam,20181,8.972145227883892e-07,4.495436170558148e-07,1.346758139844204e-06,20181.0
lam2_n0.9,3,L-BFGS,0,1.4476508205019993,0.0251094214033706,1.47276024190537,20182.0
lam2_n0.9,3,L-BFGS,5000,1.0249815942003793e-06,1.5243990578337701e-06,2.549380652034149e-06,25182.0
lam2_n0.9,3,L-BFGS,5000,1.0249815942003793e-06,1.5243990578337701e-06,2.549380652034149e-06,25182.0
lam2_n0.9,3,L-BFGS,6000,9.058113367883836e-07,4.757638419716432e-07,1.3815751787600268e-06,26182.0
lam2_n0.9,3,L-BFGS,7000,9.043501497843654e-07,4.7119947264820586e-07,1.3755496224325713e-06,27182.0
lam2_n0.9,3,L-BFGS,8000,9.029753062796449e-07,4.68253815907272e-07,1.371229122186917e-06,28182.0
lam2_n0.9,3,L-BFGS,9000,9.025498702978066e-07,4.657907721901897e-07,1.3683406424879964e-06,29182.0
lam2_n0.9,3,L-BFGS,10000,9.0174775576709e-07,4.6428943963799815e-07,1.366037195405088e-06,30182.0
lam2_n0.9,3,L-BFGS,11000,9.014127891885877e-07,4.62389526175707e-07,1.3638023153642947e-06,31182.0
lam2_n0.9,3,L-BFGS,12000,9.007886422800526e-07,4.60856048750787e-07,1.3616446910308397e-06,32182.0
lam2_n0.9,3,L-BFGS,13000,9.00179688610578e-07,4.593798683402083e-07,1.3595595569507863e-06,33182.0
lam2_n0.9,3,L-BFGS,13999,9.000867679008235e-07,4.574734539279538e-07,1.3575602218287772e-06,34181.0
lam2_n0.9,3,L-BFGS,14998,8.993257042031924e-07,4.562679337520312e-07,1.3555936379552235e-06,35180.0
lam2_n0.9,3,L-BFGS,15977,8.990664164962033e-07,4.546501533399561e-07,1.3537165698361593e-06,36159.0
lam2_n0.9,3,L-BFGS,16849,8.986320084752977e-07,4.535525671614235e-07,1.3521845756367212e-06,37031.0
lam2_n0.9,3,L-BFGS,17682,8.980276623236341e-07,4.527638097621682e-07,1.3507914720858024e-06,37864.0
lam2_n0.9,3,L-BFGS,18515,8.979111064723601e-07,4.515129614222866e-07,1.3494240678946467e-06,38697.0
lam2_n0.9,3,L-BFGS,19348,8.973332107009819e-07,4.5074703317954263e-07,1.3480802438805245e-06,39530.0
lam2_n0.9,3,L-BFGS,20181,8.972145227883892e-07,4.495436170558148e-07,1.346758139844204e-06,40363.0
lam0.5_n0.3,42,Adam,0,2.2941038949549597,0.019795864553663084,2.313899759508623,0.0
lam0.5_n0.3,42,Adam,500,0.0003916666691875871,0.0034392593584595477,0.0038309260276471347,500.0
lam0.5_n0.3,42,Adam,1000,6.621178993751128e-05,0.000727700930252499,0.0007939127201900103,1000.0
lam0.5_n0.3,42,Adam,1500,4.3623579530647205e-05,7.380256086748499e-05,0.0001174261403981322,1500.0
lam0.5_n0.3,42,Adam,2000,2.8084212236902607e-05,1.6754107657346053e-05,4.483831989424866e-05,2000.0
lam0.5_n0.3,42,Adam,2500,1.3251846708315144e-05,1.0752909723431997e-05,2.400475643174714e-05,2500.0
lam0.5_n0.3,42,Adam,3000,6.187103611759546e-06,6.902568972899836e-06,1.3089672584659382e-05,3000.0
lam0.5_n0.3,42,Adam,3500,3.084844891342126e-06,4.4642476774838926e-06,7.5490925688260185e-06,3500.0
lam0.5_n0.3,42,Adam,4000,1.7019901392656065e-06,2.7053854313658773e-06,4.407375570631484e-06,4000.0
lam0.5_n0.3,42,Adam,4500,1.3566178549082917e-06,2.154504842515036e-06,3.511122697423328e-06,4500.0
lam0.5_n0.3,42,Adam,5000,8.881230914091458e-05,0.00011372438419908517,0.00020253669333999974,5000.0
lam0.5_n0.3,42,Adam,5000,8.881230914091458e-05,0.00011372438419908517,0.00020253669333999974,5000.0
lam0.5_n0.3,42,Adam,5968,8.594901156683958e-08,1.6241781529390887e-07,2.4836682686074844e-07,5968.0
lam0.5_n0.3,42,Adam,6939,8.51730265587762e-08,1.60569883177806e-07,2.457429097365822e-07,6939.0
lam0.5_n0.3,42,Adam,7926,8.427029695413136e-08,1.5910363825044846e-07,2.433739352045798e-07,7926.0
lam0.5_n0.3,42,Adam,8926,8.361017191918437e-08,1.576262747623997e-07,2.4123644668158405e-07,8926.0
lam0.5_n0.3,42,Adam,9926,8.295156457399059e-08,1.5637214971545917e-07,2.3932371428944977e-07,9926.0
lam0.5_n0.3,42,Adam,10926,8.236511567205251e-08,1.552412972626347e-07,2.376064129346872e-07,10926.0
lam0.5_n0.3,42,Adam,11926,8.181737491764284e-08,1.5423566771680318e-07,2.3605304263444602e-07,11926.0
lam0.5_n0.3,42,Adam,12926,8.133243519040204e-08,1.533139508926906e-07,2.3464638608309263e-07,12926.0
lam0.5_n0.3,42,Adam,13926,8.087896699011472e-08,1.524842670442982e-07,2.3336323403441294e-07,13926.0
lam0.5_n0.3,42,Adam,14926,8.045302770062344e-08,1.5173502018020742e-07,2.3218804788083086e-07,14926.0
lam0.5_n0.3,42,Adam,15926,8.007373377206307e-08,1.5103777393573718e-07,2.3111150770780024e-07,15926.0
lam0.5_n0.3,42,Adam,16926,7.971095505259962e-08,1.504067990391671e-07,2.3011775409176673e-07,16926.0
lam0.5_n0.3,42,Adam,17926,7.937854653685865e-08,1.49822057324165e-07,2.2920060386102366e-07,17926.0
lam0.5_n0.3,42,Adam,18926,7.906784130768454e-08,1.4928305328521408e-07,2.2835089459289862e-07,18926.0
lam0.5_n0.3,42,Adam,19926,7.877402308976796e-08,1.4878638971187968e-07,2.2756041280164764e-07,19926.0
lam0.5_n0.3,42,Adam,20926,7.847206879612108e-08,1.4835110903612244e-07,2.268231778322435e-07,20926.0
lam0.5_n0.3,42,L-BFGS,0,2.2941038949549597,0.019795864553663084,2.313899759508623,20927.0
lam0.5_n0.3,42,L-BFGS,500,0.0003916666691875871,0.0034392593584595477,0.0038309260276471347,21427.0
lam0.5_n0.3,42,L-BFGS,1000,6.621178993751128e-05,0.000727700930252499,0.0007939127201900103,21927.0
lam0.5_n0.3,42,L-BFGS,1500,4.3623579530647205e-05,7.380256086748499e-05,0.0001174261403981322,22427.0
lam0.5_n0.3,42,L-BFGS,2000,2.8084212236902607e-05,1.6754107657346053e-05,4.483831989424866e-05,22927.0
lam0.5_n0.3,42,L-BFGS,2500,1.3251846708315144e-05,1.0752909723431997e-05,2.400475643174714e-05,23427.0
lam0.5_n0.3,42,L-BFGS,3000,6.187103611759546e-06,6.902568972899836e-06,1.3089672584659382e-05,23927.0
lam0.5_n0.3,42,L-BFGS,3500,3.084844891342126e-06,4.4642476774838926e-06,7.5490925688260185e-06,24427.0
lam0.5_n0.3,42,L-BFGS,4000,1.7019901392656065e-06,2.7053854313658773e-06,4.407375570631484e-06,24927.0
lam0.5_n0.3,42,L-BFGS,4500,1.3566178549082917e-06,2.154504842515036e-06,3.511122697423328e-06,25427.0
lam0.5_n0.3,42,L-BFGS,5000,8.881230914091458e-05,0.00011372438419908517,0.00020253669333999974,25927.0
lam0.5_n0.3,42,L-BFGS,5000,8.881230914091458e-05,0.00011372438419908517,0.00020253669333999974,25927.0
lam0.5_n0.3,42,L-BFGS,5968,8.594901156683958e-08,1.6241781529390887e-07,2.4836682686074844e-07,26895.0
lam0.5_n0.3,42,L-BFGS,6939,8.51730265587762e-08,1.60569883177806e-07,2.457429097365822e-07,27866.0
lam0.5_n0.3,42,L-BFGS,7926,8.427029695413136e-08,1.5910363825044846e-07,2.433739352045798e-07,28853.0
lam0.5_n0.3,42,L-BFGS,8926,8.361017191918437e-08,1.576262747623997e-07,2.4123644668158405e-07,29853.0
lam0.5_n0.3,42,L-BFGS,9926,8.295156457399059e-08,1.5637214971545917e-07,2.3932371428944977e-07,30853.0
lam0.5_n0.3,42,L-BFGS,10926,8.236511567205251e-08,1.552412972626347e-07,2.376064129346872e-07,31853.0
lam0.5_n0.3,42,L-BFGS,11926,8.181737491764284e-08,1.5423566771680318e-07,2.3605304263444602e-07,32853.0
lam0.5_n0.3,42,L-BFGS,12926,8.133243519040204e-08,1.533139508926906e-07,2.3464638608309263e-07,33853.0
lam0.5_n0.3,42,L-BFGS,13926,8.087896699011472e-08,1.524842670442982e-07,2.3336323403441294e-07,34853.0
lam0.5_n0.3,42,L-BFGS,14926,8.045302770062344e-08,1.5173502018020742e-07,2.3218804788083086e-07,35853.0
lam0.5_n0.3,42,L-BFGS,15926,8.007373377206307e-08,1.5103777393573718e-07,2.3111150770780024e-07,36853.0
lam0.5_n0.3,42,L-BFGS,16926,7.971095505259962e-08,1.504067990391671e-07,2.3011775409176673e-07,37853.0
lam0.5_n0.3,42,L-BFGS,17926,7.937854653685865e-08,1.49822057324165e-07,2.2920060386102366e-07,38853.0
lam0.5_n0.3,42,L-BFGS,18926,7.906784130768454e-08,1.4928305328521408e-07,2.2835089459289862e-07,39853.0
lam0.5_n0.3,42,L-BFGS,19926,7.877402308976796e-08,1.4878638971187968e-07,2.2756041280164764e-07,40853.0
lam0.5_n0.3,42,L-BFGS,20926,7.847206879612108e-08,1.4835110903612244e-07,2.268231778322435e-07,41853.0
lam0.5_n0.3,0,Adam,0,1.0161521884546043,0.049128150995059176,1.0652803394496635,0.0
lam0.5_n0.3,0,Adam,5000,1.229729811973005e-05,1.1938780810358225e-05,2.4236078930088275e-05,5000.0
lam0.5_n0.3,0,Adam,5000,1.229729811973005e-05,1.1938780810358225e-05,2.4236078930088275e-05,5000.0
lam0.5_n0.3,0,Adam,6000,3.161564121134502e-08,2.102160514801244e-07,2.4183169269146946e-07,6000.0
lam0.5_n0.3,0,Adam,7000,3.143572720044063e-08,2.0694636844868062e-07,2.3838209564912126e-07,7000.0
lam0.5_n0.3,0,Adam,8000,3.130785125032295e-08,2.038390937550323e-07,2.3514694500535525e-07,8000.0
lam0.5_n0.3,0,Adam,9000,3.11352494489882e-08,2.009516797442554e-07,2.3208692919324362e-07,9000.0
lam0.5_n0.3,0,Adam,10000,3.0978284467076545e-08,1.9824025806127348e-07,2.2921854252835002e-07,10000.0
lam0.5_n0.3,0,Adam,11000,3.088292745916087e-08,1.956408674526703e-07,2.2652379491183117e-07,11000.0
lam0.5_n0.3,0,Adam,12000,3.0757198766892764e-08,1.9322838721572845e-07,2.2398558598262122e-07,12000.0
lam0.5_n0.3,0,Adam,13000,3.0633639943045736e-08,1.9095968551061495e-07,2.215933254536607e-07,13000.0
lam0.5_n0.3,0,Adam,14000,3.0512133143727404e-08,1.8883051437960702e-07,2.193426475233344e-07,14000.0
lam0.5_n0.3,0,Adam,15000,3.040800583164014e-08,1.8681968877360793e-07,2.1722769460524807e-07,15000.0
lam0.5_n0.3,0,Adam,16000,3.02976848946747e-08,1.8493689294023007e-07,2.1523457783490477e-07,16000.0
lam0.5_n0.3,0,Adam,17000,3.019137932606793e-08,1.831682155575927e-07,2.1335959488366065e-07,17000.0
lam0.5_n0.3,0,Adam,18000,3.0115901288693486e-08,1.8147746122092452e-07,2.11593362509618e-07,18000.0
lam0.5_n0.3,0,Adam,19000,3.002954382547663e-08,1.7989964514658236e-07,2.0992918897205897e-07,19000.0
lam0.5_n0.3,0,Adam,20000,2.9950123660926133e-08,1.784112976476715e-07,2.0836142130859762e-07,20000.0
lam0.5_n0.3,0,L-BFGS,0,1.0161521884546043,0.049128150995059176,1.0652803394496635,20001.0
lam0.5_n0.3,0,L-BFGS,5000,1.229729811973005e-05,1.1938780810358225e-05,2.4236078930088275e-05,25001.0
lam0.5_n0.3,0,L-BFGS,5000,1.229729811973005e-05,1.1938780810358225e-05,2.4236078930088275e-05,25001.0
lam0.5_n0.3,0,L-BFGS,6000,3.161564121134502e-08,2.102160514801244e-07,2.4183169269146946e-07,26001.0
lam0.5_n0.3,0,L-BFGS,7000,3.143572720044063e-08,2.0694636844868062e-07,2.3838209564912126e-07,27001.0
lam0.5_n0.3,0,L-BFGS,8000,3.130785125032295e-08,2.038390937550323e-07,2.3514694500535525e-07,28001.0
lam0.5_n0.3,0,L-BFGS,9000,3.11352494489882e-08,2.009516797442554e-07,2.3208692919324362e-07,29001.0
lam0.5_n0.3,0,L-BFGS,10000,3.0978284467076545e-08,1.9824025806127348e-07,2.2921854252835002e-07,30001.0
lam0.5_n0.3,0,L-BFGS,11000,3.088292745916087e-08,1.956408674526703e-07,2.2652379491183117e-07,31001.0
lam0.5_n0.3,0,L-BFGS,12000,3.0757198766892764e-08,1.9322838721572845e-07,2.2398558598262122e-07,32001.0
lam0.5_n0.3,0,L-BFGS,13000,3.0633639943045736e-08,1.9095968551061495e-07,2.215933254536607e-07,33001.0
lam0.5_n0.3,0,L-BFGS,14000,3.0512133143727404e-08,1.8883051437960702e-07,2.193426475233344e-07,34001.0
lam0.5_n0.3,0,L-BFGS,15000,3.040800583164014e-08,1.8681968877360793e-07,2.1722769460524807e-07,35001.0
lam0.5_n0.3,0,L-BFGS,16000,3.02976848946747e-08,1.8493689294023007e-07,2.1523457783490477e-07,36001.0
lam0.5_n0.3,0,L-BFGS,17000,3.019137932606793e-08,1.831682155575927e-07,2.1335959488366065e-07,37001.0
lam0.5_n0.3,0,L-BFGS,18000,3.0115901288693486e-08,1.8147746122092452e-07,2.11593362509618e-07,38001.0
lam0.5_n0.3,0,L-BFGS,19000,3.002954382547663e-08,1.7989964514658236e-07,2.0992918897205897e-07,39001.0
lam0.5_n0.3,0,L-BFGS,20000,2.9950123660926133e-08,1.784112976476715e-07,2.0836142130859762e-07,40001.0
lam0.5_n0.3,1,Adam,0,1.4511189200696732,0.017010608805046727,1.46812952887472,0.0
lam0.5_n0.3,1,Adam,5000,1.2698731726857028e-06,2.8692653336535796e-06,4.139138506339282e-06,5000.0
lam0.5_n0.3,1,Adam,5000,1.2698731726857028e-06,2.8692653336535796e-06,4.139138506339282e-06,5000.0
lam0.5_n0.3,1,Adam,6000,5.025059547697795e-08,2.814273458792489e-08,7.839333006490284e-08,6000.0
lam0.5_n0.3,1,Adam,6998,4.9112167855239426e-08,2.736611004346871e-08,7.647827789870813e-08,6998.0
lam0.5_n0.3,1,Adam,7989,4.800654850225911e-08,2.6607001645037882e-08,7.461355014729698e-08,7989.0
lam0.5_n0.3,1,Adam,8975,4.69333728417792e-08,2.587377580156461e-08,7.280714864334382e-08,8975.0
lam0.5_n0.3,1,Adam,9957,4.591806467792829e-08,2.5142471227823906e-08,7.10605359057522e-08,9957.0
lam0.5_n0.3,1,Adam,10939,4.491812561707231e-08,2.4472327096315895e-08,6.939045271338821e-08,10939.0
lam0.5_n0.3,1,Adam,11939,4.402752300793723e-08,2.3871368293806875e-08,6.78988913017441e-08,11939.0
lam0.5_n0.3,1,Adam,12939,4.334206560592801e-08,2.3322844275790145e-08,6.666490988171816e-08,12939.0
lam0.5_n0.3,1,Adam,13939,4.272556514489475e-08,2.2926132030964952e-08,6.565169717585971e-08,13939.0
lam0.5_n0.3,1,Adam,14939,4.2183702445508864e-08,2.2636180938074718e-08,6.481988338358358e-08,14939.0
lam0.5_n0.3,1,Adam,15939,4.178138063979422e-08,2.2346827914809022e-08,6.412820855460324e-08,15939.0
lam0.5_n0.3,1,Adam,16939,4.145565819763024e-08,2.209780926529538e-08,6.355346746292562e-08,16939.0
lam0.5_n0.3,1,Adam,17939,4.1153419474459274e-08,2.1921507033336634e-08,6.30749265077959e-08,17939.0
lam0.5_n0.3,1,Adam,18939,4.094610584259916e-08,2.1722257116480666e-08,6.266836295907982e-08,18939.0
lam0.5_n0.3,1,Adam,19939,4.0703376475694376e-08,2.157671381737643e-08,6.228009029307081e-08,19939.0
lam0.5_n0.3,1,Adam,20939,4.0461837086104174e-08,2.143903042317476e-08,6.190086750927893e-08,20939.0
lam0.5_n0.3,1,L-BFGS,0,1.4511189200696732,0.017010608805046727,1.46812952887472,20940.0
lam0.5_n0.3,1,L-BFGS,5000,1.2698731726857028e-06,2.8692653336535796e-06,4.139138506339282e-06,25940.0
lam0.5_n0.3,1,L-BFGS,5000,1.2698731726857028e-06,2.8692653336535796e-06,4.139138506339282e-06,25940.0
lam0.5_n0.3,1,L-BFGS,6000,5.025059547697795e-08,2.814273458792489e-08,7.839333006490284e-08,26940.0
lam0.5_n0.3,1,L-BFGS,6998,4.9112167855239426e-08,2.736611004346871e-08,7.647827789870813e-08,27938.0
lam0.5_n0.3,1,L-BFGS,7989,4.800654850225911e-08,2.6607001645037882e-08,7.461355014729698e-08,28929.0
lam0.5_n0.3,1,L-BFGS,8975,4.69333728417792e-08,2.587377580156461e-08,7.280714864334382e-08,29915.0
lam0.5_n0.3,1,L-BFGS,9957,4.591806467792829e-08,2.5142471227823906e-08,7.10605359057522e-08,30897.0
lam0.5_n0.3,1,L-BFGS,10939,4.491812561707231e-08,2.4472327096315895e-08,6.939045271338821e-08,31879.0
lam0.5_n0.3,1,L-BFGS,11939,4.402752300793723e-08,2.3871368293806875e-08,6.78988913017441e-08,32879.0
lam0.5_n0.3,1,L-BFGS,12939,4.334206560592801e-08,2.3322844275790145e-08,6.666490988171816e-08,33879.0
lam0.5_n0.3,1,L-BFGS,13939,4.272556514489475e-08,2.2926132030964952e-08,6.565169717585971e-08,34879.0
lam0.5_n0.3,1,L-BFGS,14939,4.2183702445508864e-08,2.2636180938074718e-08,6.481988338358358e-08,35879.0
lam0.5_n0.3,1,L-BFGS,15939,4.178138063979422e-08,2.2346827914809022e-08,6.412820855460324e-08,36879.0
lam0.5_n0.3,1,L-BFGS,16939,4.145565819763024e-08,2.209780926529538e-08,6.355346746292562e-08,37879.0
lam0.5_n0.3,1,L-BFGS,17939,4.1153419474459274e-08,2.1921507033336634e-08,6.30749265077959e-08,38879.0
lam0.5_n0.3,1,L-BFGS,18939,4.094610584259916e-08,2.1722257116480666e-08,6.266836295907982e-08,39879.0
lam0.5_n0.3,1,L-BFGS,19939,4.0703376475694376e-08,2.157671381737643e-08,6.228009029307081e-08,40879.0
lam0.5_n0.3,1,L-BFGS,20939,4.0461837086104174e-08,2.143903042317476e-08,6.190086750927893e-08,41879.0
lam0.5_n0.3,2,Adam,0,1.0146899782194472,0.011221539068835586,1.0259115172882827,0.0
lam0.5_n0.3,2,Adam,5000,5.730146236090208e-07,3.445839708270448e-06,4.018854331879469e-06,5000.0
lam0.5_n0.3,2,Adam,5000,5.730146236090208e-07,3.445839708270448e-06,4.018854331879469e-06,5000.0
lam0.5_n0.3,2,Adam,6000,5.90586112165601e-09,7.66092466262761e-08,8.25151077479321e-08,6000.0
lam0.5_n0.3,2,Adam,7000,5.904297601680195e-09,7.659607903593171e-08,8.25003766376119e-08,7000.0
lam0.5_n0.3,2,Adam,8000,5.903117781887535e-09,7.658254288306315e-08,8.248566066495068e-08,8000.0
lam0.5_n0.3,2,Adam,9000,5.900604454760316e-09,7.657032714804354e-08,8.247093160280386e-08,9000.0
lam0.5_n0.3,2,Adam,10000,5.89904656062636e-09,7.655716944038979e-08,8.245621600101615e-08,10000.0
lam0.5_n0.3,2,Adam,11000,5.897870075902432e-09,7.654364546684337e-08,8.24415155427458e-08,11000.0
lam0.5_n0.3,2,Adam,12000,5.8953550295537925e-09,7.653144691061533e-08,8.242680194016912e-08,12000.0
lam0.5_n0.3,2,Adam,13000,5.893802679377707e-09,7.651829915905077e-08,8.241210183842848e-08,13000.0
lam0.5_n0.3,2,Adam,14000,5.892327475573887e-09,7.650511495559527e-08,8.239744243116916e-08,14000.0
lam0.5_n0.3,2,Adam,15000,5.890496349603838e-09,7.649229739703195e-08,8.23827937466358e-08,15000.0
lam0.5_n0.3,2,Adam,16000,5.8886430783604094e-09,7.647950725386943e-08,8.236815033222983e-08,16000.0
lam0.5_n0.3,2,Adam,17000,5.886819065870533e-09,7.646669380042879e-08,8.235351286629932e-08,17000.0
lam0.5_n0.3,2,Adam,18000,5.885021927269912e-09,7.645385907329638e-08,8.233888100056629e-08,18000.0
lam0.5_n0.3,2,Adam,19000,5.883210602460809e-09,7.644104373727069e-08,8.232425433973149e-08,19000.0
lam0.5_n0.3,2,Adam,20000,5.88144661933899e-09,7.64281864167304e-08,8.23096330360694e-08,20000.0
lam0.5_n0.3,2,L-BFGS,0,1.0146899782194472,0.011221539068835586,1.0259115172882827,20001.0
lam0.5_n0.3,2,L-BFGS,5000,5.730146236090208e-07,3.445839708270448e-06,4.018854331879469e-06,25001.0
lam0.5_n0.3,2,L-BFGS,5000,5.730146236090208e-07,3.445839708270448e-06,4.018854331879469e-06,25001.0
lam0.5_n0.3,2,L-BFGS,6000,5.90586112165601e-09,7.66092466262761e-08,8.25151077479321e-08,26001.0
lam0.5_n0.3,2,L-BFGS,7000,5.904297601680195e-09,7.659607903593171e-08,8.25003766376119e-08,27001.0
lam0.5_n0.3,2,L-BFGS,8000,5.903117781887535e-09,7.658254288306315e-08,8.248566066495068e-08,28001.0
lam0.5_n0.3,2,L-BFGS,9000,5.900604454760316e-09,7.657032714804354e-08,8.247093160280386e-08,29001.0
lam0.5_n0.3,2,L-BFGS,10000,5.89904656062636e-09,7.655716944038979e-08,8.245621600101615e-08,30001.0
lam0.5_n0.3,2,L-BFGS,11000,5.897870075902432e-09,7.654364546684337e-08,8.24415155427458e-08,31001.0
lam0.5_n0.3,2,L-BFGS,12000,5.8953550295537925e-09,7.653144691061533e-08,8.242680194016912e-08,32001.0
lam0.5_n0.3,2,L-BFGS,13000,5.893802679377707e-09,7.651829915905077e-08,8.241210183842848e-08,33001.0
lam0.5_n0.3,2,L-BFGS,14000,5.892327475573887e-09,7.650511495559527e-08,8.239744243116916e-08,34001.0
lam0.5_n0.3,2,L-BFGS,15000,5.890496349603838e-09,7.649229739703195e-08,8.23827937466358e-08,35001.0
lam0.5_n0.3,2,L-BFGS,16000,5.8886430783604094e-09,7.647950725386943e-08,8.236815033222983e-08,36001.0
lam0.5_n0.3,2,L-BFGS,17000,5.886819065870533e-09,7.646669380042879e-08,8.235351286629932e-08,37001.0
lam0.5_n0.3,2,L-BFGS,18000,5.885021927269912e-09,7.645385907329638e-08,8.233888100056629e-08,38001.0
lam0.5_n0.3,2,L-BFGS,19000,5.883210602460809e-09,7.644104373727069e-08,8.232425433973149e-08,39001.0
lam0.5_n0.3,2,L-BFGS,20000,5.88144661933899e-09,7.64281864167304e-08,8.23096330360694e-08,40001.0
lam0.5_n0.3,3,Adam,0,1.455532419480209,0.025141553947513818,1.4806739734277228,0.0
lam0.5_n0.3,3,Adam,5000,3.0661641260900296e-07,1.0697498727667892e-06,1.3763662853757922e-06,5000.0
lam0.5_n0.3,3,Adam,5000,3.0661641260900296e-07,1.0697498727667892e-06,1.3763662853757922e-06,5000.0
lam0.5_n0.3,3,Adam,6000,4.725220103235789e-08,3.60624359639917e-08,8.331463699634959e-08,6000.0
lam0.5_n0.3,3,Adam,7000,4.72059837565688e-08,3.597806278590107e-08,8.318404654246987e-08,7000.0
lam0.5_n0.3,3,Adam,8000,4.7146428366094504e-08,3.590731175955632e-08,8.305374012565083e-08,8000.0
lam0.5_n0.3,3,Adam,9000,4.709214601488348e-08,3.583181044433128e-08,8.292395645921476e-08,9000.0
lam0.5_n0.3,3,Adam,10000,4.70390548927512e-08,3.575567994584274e-08,8.279473483859394e-08,10000.0
lam0.5_n0.3,3,Adam,11000,4.69849537375267e-08,3.5681124498048756e-08,8.266607823557545e-08,11000.0
lam0.5_n0.3,3,Adam,12000,4.693040278403795e-08,3.560755761698251e-08,8.253796040102045e-08,12000.0
lam0.5_n0.3,3,Adam,13000,4.687580850333267e-08,3.5534556245318745e-08,8.241036474865141e-08,13000.0
lam0.5_n0.3,3,Adam,14000,4.682029518431209e-08,3.5462990902400257e-08,8.228328608671235e-08,14000.0
lam0.5_n0.3,3,Adam,15000,4.676749817017861e-08,3.538966657055602e-08,8.215716474073463e-08,15000.0
lam0.5_n0.3,3,Adam,16000,4.671050943520018e-08,3.5321113950946746e-08,8.203162338614693e-08,16000.0
lam0.5_n0.3,3,Adam,17000,4.666283228227214e-08,3.524445045470017e-08,8.19072827369723e-08,17000.0
lam0.5_n0.3,3,Adam,18000,4.6610762048898315e-08,3.51727230092179e-08,8.178348505811623e-08,18000.0
lam0.5_n0.3,3,Adam,19000,4.655921895229307e-08,3.5101360243919654e-08,8.166057919621272e-08,19000.0
lam0.5_n0.3,3,Adam,20000,4.6507905548207176e-08,3.503064803799901e-08,8.153855358620619e-08,20000.0
lam0.5_n0.3,3,L-BFGS,0,1.455532419480209,0.025141553947513818,1.4806739734277228,20001.0
lam0.5_n0.3,3,L-BFGS,5000,3.0661641260900296e-07,1.0697498727667892e-06,1.3763662853757922e-06,25001.0
lam0.5_n0.3,3,L-BFGS,5000,3.0661641260900296e-07,1.0697498727667892e-06,1.3763662853757922e-06,25001.0
lam0.5_n0.3,3,L-BFGS,6000,4.725220103235789e-08,3.60624359639917e-08,8.331463699634959e-08,26001.0
lam0.5_n0.3,3,L-BFGS,7000,4.72059837565688e-08,3.597806278590107e-08,8.318404654246987e-08,27001.0
lam0.5_n0.3,3,L-BFGS,8000,4.7146428366094504e-08,3.590731175955632e-08,8.305374012565083e-08,28001.0
lam0.5_n0.3,3,L-BFGS,9000,4.709214601488348e-08,3.583181044433128e-08,8.292395645921476e-08,29001.0
lam0.5_n0.3,3,L-BFGS,10000,4.70390548927512e-08,3.575567994584274e-08,8.279473483859394e-08,30001.0
lam0.5_n0.3,3,L-BFGS,11000,4.69849537375267e-08,3.5681124498048756e-08,8.266607823557545e-08,31001.0
lam0.5_n0.3,3,L-BFGS,12000,4.693040278403795e-08,3.560755761698251e-08,8.253796040102045e-08,32001.0
lam0.5_n0.3,3,L-BFGS,13000,4.687580850333267e-08,3.5534556245318745e-08,8.241036474865141e-08,33001.0
lam0.5_n0.3,3,L-BFGS,14000,4.682029518431209e-08,3.5462990902400257e-08,8.228328608671235e-08,34001.0
lam0.5_n0.3,3,L-BFGS,15000,4.676749817017861e-08,3.538966657055602e-08,8.215716474073463e-08,35001.0
lam0.5_n0.3,3,L-BFGS,16000,4.671050943520018e-08,3.5321113950946746e-08,8.203162338614693e-08,36001.0
lam0.5_n0.3,3,L-BFGS,17000,4.666283228227214e-08,3.524445045470017e-08,8.19072827369723e-08,37001.0
lam0.5_n0.3,3,L-BFGS,18000,4.6610762048898315e-08,3.51727230092179e-08,8.178348505811623e-08,38001.0
lam0.5_n0.3,3,L-BFGS,19000,4.655921895229307e-08,3.5101360243919654e-08,8.166057919621272e-08,39001.0
lam0.5_n0.3,3,L-BFGS,20000,4.6507905548207176e-08,3.503064803799901e-08,8.153855358620619e-08,40001.0
lam0.5_n0.5,42,Adam,0,2.3175107909179617,0.020040942747501893,2.3375517336654634,0.0
lam0.5_n0.5,42,Adam,500,0.00027932185773078534,0.0032326686618638877,0.003511990519594673,500.0
lam0.5_n0.5,42,Adam,1000,5.292641567958251e-05,0.0008285591095211748,0.0008814855252007572,1000.0
lam0.5_n0.5,42,Adam,1500,2.474486670442654e-05,0.0001843813276727816,0.00020912619437720814,1500.0
lam0.5_n0.5,42,Adam,2000,1.9986614664247755e-05,1.407915380131908e-05,3.4065768465566836e-05,2000.0
lam0.5_n0.5,42,Adam,2500,1.1245447535750305e-05,6.6287470537016356e-06,1.7874194589451942e-05,2500.0
lam0.5_n0.5,42,Adam,3000,5.791673007708225e-06,4.886140770990697e-06,1.0677813778698924e-05,3000.0
lam0.5_n0.5,42,Adam,3500,3.1749113082438945e-06,3.7363781030211206e-06,6.9112894112650155e-06,3500.0
lam0.5_n0.5,42,Adam,4000,1.895821751337678e-06,2.504326165413378e-06,4.400147916751056e-06,4000.0
lam0.5_n0.5,42,Adam,4500,1.2072450565956607e-06,1.7966646901902405e-06,3.0039097467859015e-06,4500.0
lam0.5_n0.5,42,Adam,5000,0.00010577530131333599,0.00013685734159100247,0.00024263264290433844,5000.0
lam0.5_n0.5,42,Adam,5000,0.00010577530131333599,0.00013685734159100247,0.00024263264290433844,5000.0
lam0.5_n0.5,42,Adam,6000,3.5327668623569314e-08,9.242316034499255e-08,1.2775082896856187e-07,6000.0
lam0.5_n0.5,42,Adam,6989,3.256995993627064e-08,9.14176705628734e-08,1.2398763049914404e-07,6989.0
lam0.5_n0.5,42,Adam,7984,3.008014521651871e-08,9.071751950152771e-08,1.2079766471804642e-07,7984.0
lam0.5_n0.5,42,Adam,8984,2.8050700811773468e-08,9.004639786214471e-08,1.1809709867391818e-07,8984.0
lam0.5_n0.5,42,Adam,9984,2.629066280931083e-08,8.952123201459784e-08,1.1581189482390867e-07,9984.0
lam0.5_n0.5,42,Adam,10984,2.479583708119867e-08,8.90820413843055e-08,1.1387787846550416e-07,10984.0
lam0.5_n0.5,42,Adam,11984,2.3505522972011807e-08,8.8723217065944e-08,1.1222874003795581e-07,11984.0
lam0.5_n0.5,42,Adam,12984,2.239939671357179e-08,8.842357268223395e-08,1.1082296939580574e-07,12984.0
lam0.5_n0.5,42,Adam,13984,2.1438300214732827e-08,8.817401369043107e-08,1.096123139051639e-07,13984.0
lam0.5_n0.5,42,Adam,14984,2.060627512414918e-08,8.795907927858409e-08,1.0856535440273327e-07,14984.0
lam0.5_n0.5,42,Adam,15984,1.9876042667925527e-08,8.77820518578506e-08,1.0765809452577613e-07,15984.0
lam0.5_n0.5,42,Adam,16984,1.923267827320962e-08,8.763376361207632e-08,1.0686644188528594e-07,16984.0
lam0.5_n0.5,42,Adam,17984,1.867136163456299e-08,8.749981738051201e-08,1.06171179015075e-07,17984.0
lam0.5_n0.5,42,Adam,18984,1.8162528745054813e-08,8.739696969196202e-08,1.0555949843701683e-07,18984.0
lam0.5_n0.5,42,Adam,19984,1.772130539146489e-08,8.729324464497739e-08,1.0501455003644228e-07,19984.0
lam0.5_n0.5,42,Adam,20984,1.7317793394890274e-08,8.721266217567901e-08,1.0453045557056929e-07,20984.0
lam0.5_n0.5,42,L-BFGS,0,2.3175107909179617,0.020040942747501893,2.3375517336654634,20985.0
lam0.5_n0.5,42,L-BFGS,500,0.00027932185773078534,0.0032326686618638877,0.003511990519594673,21485.0
lam0.5_n0.5,42,L-BFGS,1000,5.292641567958251e-05,0.0008285591095211748,0.0008814855252007572,21985.0
lam0.5_n0.5,42,L-BFGS,1500,2.474486670442654e-05,0.0001843813276727816,0.00020912619437720814,22485.0
lam0.5_n0.5,42,L-BFGS,2000,1.9986614664247755e-05,1.407915380131908e-05,3.4065768465566836e-05,22985.0
lam0.5_n0.5,42,L-BFGS,2500,1.1245447535750305e-05,6.6287470537016356e-06,1.7874194589451942e-05,23485.0
lam0.5_n0.5,42,L-BFGS,3000,5.791673007708225e-06,4.886140770990697e-06,1.0677813778698924e-05,23985.0
lam0.5_n0.5,42,L-BFGS,3500,3.1749113082438945e-06,3.7363781030211206e-06,6.9112894112650155e-06,24485.0
lam0.5_n0.5,42,L-BFGS,4000,1.895821751337678e-06,2.504326165413378e-06,4.400147916751056e-06,24985.0
lam0.5_n0.5,42,L-BFGS,4500,1.2072450565956607e-06,1.7966646901902405e-06,3.0039097467859015e-06,25485.0
lam0.5_n0.5,42,L-BFGS,5000,0.00010577530131333599,0.00013685734159100247,0.00024263264290433844,25985.0
lam0.5_n0.5,42,L-BFGS,5000,0.00010577530131333599,0.00013685734159100247,0.00024263264290433844,25985.0
lam0.5_n0.5,42,L-BFGS,6000,3.5327668623569314e-08,9.242316034499255e-08,1.2775082896856187e-07,26985.0
lam0.5_n0.5,42,L-BFGS,6989,3.256995993627064e-08,9.14176705628734e-08,1.2398763049914404e-07,27974.0
lam0.5_n0.5,42,L-BFGS,7984,3.008014521651871e-08,9.071751950152771e-08,1.2079766471804642e-07,28969.0
lam0.5_n0.5,42,L-BFGS,8984,2.8050700811773468e-08,9.004639786214471e-08,1.1809709867391818e-07,29969.0
lam0.5_n0.5,42,L-BFGS,9984,2.629066280931083e-08,8.952123201459784e-08,1.1581189482390867e-07,30969.0
lam0.5_n0.5,42,L-BFGS,10984,2.479583708119867e-08,8.90820413843055e-08,1.1387787846550416e-07,31969.0
lam0.5_n0.5,42,L-BFGS,11984,2.3505522972011807e-08,8.8723217065944e-08,1.1222874003795581e-07,32969.0
lam0.5_n0.5,42,L-BFGS,12984,2.239939671357179e-08,8.842357268223395e-08,1.1082296939580574e-07,33969.0
lam0.5_n0.5,42,L-BFGS,13984,2.1438300214732827e-08,8.817401369043107e-08,1.096123139051639e-07,34969.0
lam0.5_n0.5,42,L-BFGS,14984,2.060627512414918e-08,8.795907927858409e-08,1.0856535440273327e-07,35969.0
lam0.5_n0.5,42,L-BFGS,15984,1.9876042667925527e-08,8.77820518578506e-08,1.0765809452577613e-07,36969.0
lam0.5_n0.5,42,L-BFGS,16984,1.923267827320962e-08,8.763376361207632e-08,1.0686644188528594e-07,37969.0
lam0.5_n0.5,42,L-BFGS,17984,1.867136163456299e-08,8.749981738051201e-08,1.06171179015075e-07,38969.0
lam0.5_n0.5,42,L-BFGS,18984,1.8162528745054813e-08,8.739696969196202e-08,1.0555949843701683e-07,39969.0
lam0.5_n0.5,42,L-BFGS,19984,1.772130539146489e-08,8.729324464497739e-08,1.0501455003644228e-07,40969.0
lam0.5_n0.5,42,L-BFGS,20984,1.7317793394890274e-08,8.721266217567901e-08,1.0453045557056929e-07,41969.0
lam0.5_n0.5,0,Adam,0,1.0161554826202945,0.04912815168350353,1.0652836343037981,0.0
lam0.5_n0.5,0,Adam,5000,3.4468418367121784e-06,1.75791497013938e-06,5.2047568068515586e-06,5000.0
lam0.5_n0.5,0,Adam,5000,3.4468418367121784e-06,1.75791497013938e-06,5.2047568068515586e-06,5000.0
lam0.5_n0.5,0,Adam,6000,6.113359232798634e-09,6.895321959929317e-08,7.50665788320918e-08,6000.0
lam0.5_n0.5,0,Adam,7000,6.009813986969794e-09,6.718887435604358e-08,7.319868834301338e-08,7000.0
lam0.5_n0.5,0,Adam,8000,5.905251894942341e-09,6.549896366884913e-08,7.140421556379148e-08,8000.0
lam0.5_n0.5,0,Adam,9000,5.791620503665167e-09,6.392793555909949e-08,6.971955606276466e-08,9000.0
lam0.5_n0.5,0,Adam,9999,5.7546173886564385e-09,6.236861338639333e-08,6.812323077504977e-08,9999.0
lam0.5_n0.5,0,Adam,10926,5.645397935273309e-09,6.112727022841898e-08,6.677266816369229e-08,10926.0
lam0.5_n0.5,0,Adam,11759,5.6150118758829394e-09,6.007273475584025e-08,6.56877466317232e-08,11759.0
lam0.5_n0.5,0,Adam,12592,5.5352834999917495e-09,5.911411336871502e-08,6.464939686870677e-08,12592.0
lam0.5_n0.5,0,Adam,13425,5.507074287556437e-09,5.81463814474779e-08,6.365345573503434e-08,13425.0
lam0.5_n0.5,0,Adam,14258,5.4342766978132e-09,5.7262196723343e-08,6.269647342115619e-08,14258.0
lam0.5_n0.5,0,Adam,15091,5.40840772712408e-09,5.636701927924892e-08,6.1775427006373e-08,15091.0
lam0.5_n0.5,0,Adam,15924,5.3415863932997134e-09,5.554609023919735e-08,6.088767663249706e-08,15924.0
lam0.5_n0.5,0,Adam,16757,5.3175978115562434e-09,5.471327279309627e-08,6.00308706046525e-08,16757.0
lam0.5_n0.5,0,Adam,17590,5.255908502308465e-09,5.394702494386927e-08,5.9202933446177734e-08,17590.0
lam0.5_n0.5,0,Adam,18423,5.23348007412675e-09,5.3168515304647224e-08,5.8401995378773974e-08,18423.0
lam0.5_n0.5,0,Adam,19256,5.176248194164733e-09,5.24501426742962e-08,5.762639086846093e-08,19256.0
lam0.5_n0.5,0,Adam,20089,5.155134414029366e-09,5.171947036191316e-08,5.687460477594253e-08,20089.0
lam0.5_n0.5,0,L-BFGS,0,1.0161554826202945,0.04912815168350353,1.0652836343037981,20090.0
lam0.5_n0.5,0,L-BFGS,5000,3.4468418367121784e-06,1.75791497013938e-06,5.2047568068515586e-06,25090.0
lam0.5_n0.5,0,L-BFGS,5000,3.4468418367121784e-06,1.75791497013938e-06,5.2047568068515586e-06,25090.0
lam0.5_n0.5,0,L-BFGS,6000,6.113359232798634e-09,6.895321959929317e-08,7.50665788320918e-08,26090.0
lam0.5_n0.5,0,L-BFGS,7000,6.009813986969794e-09,6.718887435604358e-08,7.319868834301338e-08,27090.0
lam0.5_n0.5,0,L-BFGS,8000,5.905251894942341e-09,6.549896366884913e-08,7.140421556379148e-08,28090.0
lam0.5_n0.5,0,L-BFGS,9000,5.791620503665167e-09,6.392793555909949e-08,6.971955606276466e-08,29090.0
lam0.5_n0.5,0,L-BFGS,9999,5.7546173886564385e-09,6.236861338639333e-08,6.812323077504977e-08,30089.0
lam0.5_n0.5,0,L-BFGS,10926,5.645397935273309e-09,6.112727022841898e-08,6.677266816369229e-08,31016.0
lam0.5_n0.5,0,L-BFGS,11759,5.6150118758829394e-09,6.007273475584025e-08,6.56877466317232e-08,31849.0
lam0.5_n0.5,0,L-BFGS,12592,5.5352834999917495e-09,5.911411336871502e-08,6.464939686870677e-08,32682.0
lam0.5_n0.5,0,L-BFGS,13425,5.507074287556437e-09,5.81463814474779e-08,6.365345573503434e-08,33515.0
lam0.5_n0.5,0,L-BFGS,14258,5.4342766978132e-09,5.7262196723343e-08,6.269647342115619e-08,34348.0
lam0.5_n0.5,0,L-BFGS,15091,5.40840772712408e-09,5.636701927924892e-08,6.1775427006373e-08,35181.0
lam0.5_n0.5,0,L-BFGS,15924,5.3415863932997134e-09,5.554609023919735e-08,6.088767663249706e-08,36014.0
lam0.5_n0.5,0,L-BFGS,16757,5.3175978115562434e-09,5.471327279309627e-08,6.00308706046525e-08,36847.0
lam0.5_n0.5,0,L-BFGS,17590,5.255908502308465e-09,5.394702494386927e-08,5.9202933446177734e-08,37680.0
lam0.5_n0.5,0,L-BFGS,18423,5.23348007412675e-09,5.3168515304647224e-08,5.8401995378773974e-08,38513.0
lam0.5_n0.5,0,L-BFGS,19256,5.176248194164733e-09,5.24501426742962e-08,5.762639086846093e-08,39346.0
lam0.5_n0.5,0,L-BFGS,20089,5.155134414029366e-09,5.171947036191316e-08,5.687460477594253e-08,40179.0
lam0.5_n0.5,1,Adam,0,1.4539118319648283,0.017019729319043532,1.4709315612838718,0.0
lam0.5_n0.5,1,Adam,5000,8.08689399431257e-08,1.9084687737178703e-06,1.989337713660996e-06,5000.0
lam0.5_n0.5,1,Adam,5000,8.08689399431257e-08,1.9084687737178703e-06,1.989337713660996e-06,5000.0
lam0.5_n0.5,1,Adam,5794,2.5146568065805035e-08,4.0590269540161485e-09,2.9205595019821183e-08,5794.0
lam0.5_n0.5,1,Adam,6422,2.4998736737711808e-08,4.045376305532327e-09,2.9044113043244134e-08,6422.0
lam0.5_n0.5,1,Adam,7052,2.4846606463144607e-08,4.031275737157912e-09,2.8877882200302518e-08,7052.0
lam0.5_n0.5,1,Adam,7792,2.463363877304225e-08,4.009420243035777e-09,2.8643059016078028e-08,7792.0
lam0.5_n0.5,1,Adam,8625,2.4382803392709373e-08,3.970438216283317e-09,2.835324160899269e-08,8625.0
lam0.5_n0.5,1,Adam,9458,2.4099552024503836e-08,3.961295355894121e-09,2.8060847380397957e-08,9458.0
lam0.5_n0.5,1,Adam,10291,2.3843654510447846e-08,3.922005782562871e-09,2.7765660293010715e-08,10291.0
lam0.5_n0.5,1,Adam,11124,2.355468856552317e-08,3.913009792727538e-09,2.7467698358250707e-08,11124.0
lam0.5_n0.5,1,Adam,11978,2.3267154864563692e-08,3.887639748784128e-09,2.715479461334782e-08,11978.0
lam0.5_n0.5,1,Adam,12977,2.2909739043286475e-08,3.847274686065192e-09,2.6757013729351666e-08,12977.0
lam0.5_n0.5,1,Adam,13977,2.2547536602352388e-08,3.8157807321645836e-09,2.6363317334516973e-08,13977.0
lam0.5_n0.5,1,Adam,14977,2.2190057033628386e-08,3.785045554379055e-09,2.5975102588007442e-08,14977.0
lam0.5_n0.5,1,Adam,15977,2.183805059827316e-08,3.755047065116227e-09,2.559309766338939e-08,15977.0
lam0.5_n0.5,1,Adam,16977,2.1491964255448683e-08,3.725792075086308e-09,2.521775633053499e-08,16977.0
lam0.5_n0.5,1,Adam,17977,2.115204850250119e-08,3.6972923367651918e-09,2.4849340839266382e-08,17977.0
lam0.5_n0.5,1,Adam,18977,2.0818445029618093e-08,3.6695551344562047e-09,2.44880001640743e-08,18977.0
lam0.5_n0.5,1,Adam,19977,2.0491237429629187e-08,3.6425829415293882e-09,2.4133820371158576e-08,19977.0
lam0.5_n0.5,1,Adam,20977,2.0170479307704284e-08,3.6163753347979598e-09,2.3786854642502244e-08,20977.0
lam0.5_n0.5,1,L-BFGS,0,1.4539118319648283,0.017019729319043532,1.4709315612838718,20978.0
lam0.5_n0.5,1,L-BFGS,5000,8.08689399431257e-08,1.9084687737178703e-06,1.989337713660996e-06,25978.0
lam0.5_n0.5,1,L-BFGS,5000,8.08689399431257e-08,1.9084687737178703e-06,1.989337713660996e-06,25978.0
lam0.5_n0.5,1,L-BFGS,5794,2.5146568065805035e-08,4.0590269540161485e-09,2.9205595019821183e-08,26772.0
lam0.5_n0.5,1,L-BFGS,6422,2.4998736737711808e-08,4.045376305532327e-09,2.9044113043244134e-08,27400.0
lam0.5_n0.5,1,L-BFGS,7052,2.4846606463144607e-08,4.031275737157912e-09,2.8877882200302518e-08,28030.0
lam0.5_n0.5,1,L-BFGS,7792,2.463363877304225e-08,4.009420243035777e-09,2.8643059016078028e-08,28770.0
lam0.5_n0.5,1,L-BFGS,8625,2.4382803392709373e-08,3.970438216283317e-09,2.835324160899269e-08,29603.0
lam0.5_n0.5,1,L-BFGS,9458,2.4099552024503836e-08,3.961295355894121e-09,2.8060847380397957e-08,30436.0
lam0.5_n0.5,1,L-BFGS,10291,2.3843654510447846e-08,3.922005782562871e-09,2.7765660293010715e-08,31269.0
lam0.5_n0.5,1,L-BFGS,11124,2.355468856552317e-08,3.913009792727538e-09,2.7467698358250707e-08,32102.0
lam0.5_n0.5,1,L-BFGS,11978,2.3267154864563692e-08,3.887639748784128e-09,2.715479461334782e-08,32956.0
lam0.5_n0.5,1,L-BFGS,12977,2.2909739043286475e-08,3.847274686065192e-09,2.6757013729351666e-08,33955.0
lam0.5_n0.5,1,L-BFGS,13977,2.2547536602352388e-08,3.8157807321645836e-09,2.6363317334516973e-08,34955.0
lam0.5_n0.5,1,L-BFGS,14977,2.2190057033628386e-08,3.785045554379055e-09,2.5975102588007442e-08,35955.0
lam0.5_n0.5,1,L-BFGS,15977,2.183805059827316e-08,3.755047065116227e-09,2.559309766338939e-08,36955.0
lam0.5_n0.5,1,L-BFGS,16977,2.1491964255448683e-08,3.725792075086308e-09,2.521775633053499e-08,37955.0
lam0.5_n0.5,1,L-BFGS,17977,2.115204850250119e-08,3.6972923367651918e-09,2.4849340839266382e-08,38955.0
lam0.5_n0.5,1,L-BFGS,18977,2.0818445029618093e-08,3.6695551344562047e-09,2.44880001640743e-08,39955.0
lam0.5_n0.5,1,L-BFGS,19977,2.0491237429629187e-08,3.6425829415293882e-09,2.4133820371158576e-08,40955.0
lam0.5_n0.5,1,L-BFGS,20977,2.0170479307704284e-08,3.6163753347979598e-09,2.3786854642502244e-08,41955.0
lam0.5_n0.5,2,Adam,0,1.0146930417233346,0.011221540285122057,1.0259145820084568,0.0
lam0.5_n0.5,2,Adam,5000,6.542420877244649e-07,4.477172526517879e-06,5.131414614242344e-06,5000.0
lam0.5_n0.5,2,Adam,5000,6.542420877244649e-07,4.477172526517879e-06,5.131414614242344e-06,5000.0
lam0.5_n0.5,2,Adam,5965,7.302947340505397e-08,1.9240823568769818e-07,2.6543770909275215e-07,5965.0
lam0.5_n0.5,2,Adam,6944,1.9447983803451197e-08,8.852293527664091e-08,1.079709190800921e-07,6944.0
lam0.5_n0.5,2,Adam,7944,2.15631858184208e-08,8.2460566283775e-08,1.040237521021958e-07,7944.0
lam0.5_n0.5,2,Adam,8944,2.0870508840100688e-08,8.061405790601589e-08,1.0148456674611658e-07,8944.0
lam0.5_n0.5,2,Adam,9944,2.027749968583543e-08,7.925063590892248e-08,9.952813559475791e-08,9944.0
lam0.5_n0.5,2,Adam,10944,1.988963107656211e-08,7.826132659749128e-08,9.815095767405338e-08,10944.0
lam0.5_n0.5,2,Adam,11944,1.966294451219144e-08,7.749456352573229e-08,9.715750803792373e-08,11944.0
lam0.5_n0.5,2,Adam,12944,1.945113318715968e-08,7.692487975892121e-08,9.63760129460809e-08,12944.0
lam0.5_n0.5,2,Adam,13944,1.9153158261177603e-08,7.647635238726649e-08,9.56295106484441e-08,13944.0
lam0.5_n0.5,2,Adam,14944,1.9046610358269383e-08,7.58613907997995e-08,9.490800115806888e-08,14944.0
lam0.5_n0.5,2,Adam,15944,1.8855489495030307e-08,7.535883775795651e-08,9.421432725298682e-08,15944.0
lam0.5_n0.5,2,Adam,16944,1.8648881376630158e-08,7.489683864109976e-08,9.354572001772992e-08,16944.0
lam0.5_n0.5,2,Adam,17944,1.8479242205238195e-08,7.442933886503109e-08,9.290858107026929e-08,17944.0
lam0.5_n0.5,2,Adam,18943,1.8342711306591306e-08,7.395141657746545e-08,9.229412788405676e-08,18943.0
lam0.5_n0.5,2,Adam,19943,1.816971803997735e-08,7.352399894290111e-08,9.169371698287847e-08,19943.0
lam0.5_n0.5,2,Adam,20943,1.8000154322342804e-08,7.310665345679591e-08,9.110680777913871e-08,20943.0
lam0.5_n0.5,2,L-BFGS,0,1.0146930417233346,0.011221540285122057,1.0259145820084568,20944.0
lam0.5_n0.5,2,L-BFGS,5000,6.542420877244649e-07,4.477172526517879e-06,5.131414614242344e-06,25944.0
lam0.5_n0.5,2,L-BFGS,5000,6.542420877244649e-07,4.477172526517879e-06,5.131414614242344e-06,25944.0
lam0.5_n0.5,2,L-BFGS,5965,7.302947340505397e-08,1.9240823568769818e-07,2.6543770909275215e-07,26909.0
lam0.5_n0.5,2,L-BFGS,6944,1.9447983803451197e-08,8.852293527664091e-08,1.079709190800921e-07,27888.0
lam0.5_n0.5,2,L-BFGS,7944,2.15631858184208e-08,8.2460566283775e-08,1.040237521021958e-07,28888.0
lam0.5_n0.5,2,L-BFGS,8944,2.0870508840100688e-08,8.061405790601589e-08,1.0148456674611658e-07,29888.0
lam0.5_n0.5,2,L-BFGS,9944,2.027749968583543e-08,7.925063590892248e-08,9.952813559475791e-08,30888.0
lam0.5_n0.5,2,L-BFGS,10944,1.988963107656211e-08,7.826132659749128e-08,9.815095767405338e-08,31888.0
lam0.5_n0.5,2,L-BFGS,11944,1.966294451219144e-08,7.749456352573229e-08,9.715750803792373e-08,32888.0
lam0.5_n0.5,2,L-BFGS,12944,1.945113318715968e-08,7.692487975892121e-08,9.63760129460809e-08,33888.0
lam0.5_n0.5,2,L-BFGS,13944,1.9153158261177603e-08,7.647635238726649e-08,9.56295106484441e-08,34888.0
lam0.5_n0.5,2,L-BFGS,14944,1.9046610358269383e-08,7.58613907997995e-08,9.490800115806888e-08,35888.0
lam0.5_n0.5,2,L-BFGS,15944,1.8855489495030307e-08,7.535883775795651e-08,9.421432725298682e-08,36888.0
lam0.5_n0.5,2,L-BFGS,16944,1.8648881376630158e-08,7.489683864109976e-08,9.354572001772992e-08,37888.0
lam0.5_n0.5,2,L-BFGS,17944,1.8479242205238195e-08,7.442933886503109e-08,9.290858107026929e-08,38888.0
lam0.5_n0.5,2,L-BFGS,18943,1.8342711306591306e-08,7.395141657746545e-08,9.229412788405676e-08,39887.0
lam0.5_n0.5,2,L-BFGS,19943,1.816971803997735e-08,7.352399894290111e-08,9.169371698287847e-08,40887.0
lam0.5_n0.5,2,L-BFGS,20943,1.8000154322342804e-08,7.310665345679591e-08,9.110680777913871e-08,41887.0
lam0.5_n0.5,3,Adam,0,1.4582246441211644,0.025151372340172288,1.4833760164613368,0.0
lam0.5_n0.5,3,Adam,5000,6.915891772320437e-06,3.333056391848359e-06,1.0248948164168796e-05,5000.0
lam0.5_n0.5,3,Adam,5000,6.915891772320437e-06,3.333056391848359e-06,1.0248948164168796e-05,5000.0
lam0.5_n0.5,3,Adam,5958,1.940068795934181e-08,4.7530117412705473e-07,4.947018620863965e-07,5958.0
lam0.5_n0.5,3,Adam,6904,1.9194188612315456e-08,4.711731239382985e-07,4.903673125506139e-07,6904.0
lam0.5_n0.5,3,Adam,7851,1.9026222135673266e-08,4.6708161001172986e-07,4.861078321474031e-07,7851.0
lam0.5_n0.5,3,Adam,8799,1.8912073817145546e-08,4.6300774575101804e-07,4.819198195681635e-07,8799.0
lam0.5_n0.5,3,Adam,9747,1.8734384755068404e-08,4.5906308938244815e-07,4.777974741375166e-07,9747.0
lam0.5_n0.5,3,Adam,10695,1.8614003403236465e-08,4.5512377659278447e-07,4.7373777999602096e-07,10695.0
lam0.5_n0.5,3,Adam,11643,1.841669037288572e-08,4.5132393079673063e-07,4.6974062116961633e-07,11643.0
lam0.5_n0.5,3,Adam,12592,1.8347846475078797e-08,4.474519584716667e-07,4.657998049467455e-07,12592.0
lam0.5_n0.5,3,Adam,13545,1.8175904389928374e-08,4.4378119443415077e-07,4.6195709882407915e-07,13545.0
lam0.5_n0.5,3,Adam,14510,1.804472742284457e-08,4.4022822229528344e-07,4.58272949718128e-07,14510.0
lam0.5_n0.5,3,Adam,15486,1.791689421778805e-08,4.3681388557640567e-07,4.547307797941937e-07,15486.0
lam0.5_n0.5,3,Adam,16474,1.7802211853595415e-08,4.3353151324814955e-07,4.51333725101745e-07,16474.0
lam0.5_n0.5,3,Adam,17474,1.769806217016119e-08,4.3037899289041873e-07,4.4807705506057994e-07,17474.0
lam0.5_n0.5,3,Adam,18474,1.758882289466228e-08,4.273973955210206e-07,4.449862184156829e-07,18474.0
lam0.5_n0.5,3,Adam,19474,1.7502547764025647e-08,4.245615198937115e-07,4.4206406765773714e-07,19474.0
lam0.5_n0.5,3,Adam,20474,1.7412523389877803e-08,4.2187609276598225e-07,4.3928861615586006e-07,20474.0
lam0.5_n0.5,3,L-BFGS,0,1.4582246441211644,0.025151372340172288,1.4833760164613368,20475.0
lam0.5_n0.5,3,L-BFGS,5000,6.915891772320437e-06,3.333056391848359e-06,1.0248948164168796e-05,25475.0
lam0.5_n0.5,3,L-BFGS,5000,6.915891772320437e-06,3.333056391848359e-06,1.0248948164168796e-05,25475.0
lam0.5_n0.5,3,L-BFGS,5958,1.940068795934181e-08,4.7530117412705473e-07,4.947018620863965e-07,26433.0
lam0.5_n0.5,3,L-BFGS,6904,1.9194188612315456e-08,4.711731239382985e-07,4.903673125506139e-07,27379.0
lam0.5_n0.5,3,L-BFGS,7851,1.9026222135673266e-08,4.6708161001172986e-07,4.861078321474031e-07,28326.0
lam0.5_n0.5,3,L-BFGS,8799,1.8912073817145546e-08,4.6300774575101804e-07,4.819198195681635e-07,29274.0
lam0.5_n0.5,3,L-BFGS,9747,1.8734384755068404e-08,4.5906308938244815e-07,4.777974741375166e-07,30222.0
lam0.5_n0.5,3,L-BFGS,10695,1.8614003403236465e-08,4.5512377659278447e-07,4.7373777999602096e-07,31170.0
lam0.5_n0.5,3,L-BFGS,11643,1.841669037288572e-08,4.5132393079673063e-07,4.6974062116961633e-07,32118.0
lam0.5_n0.5,3,L-BFGS,12592,1.8347846475078797e-08,4.474519584716667e-07,4.657998049467455e-07,33067.0
lam0.5_n0.5,3,L-BFGS,13545,1.8175904389928374e-08,4.4378119443415077e-07,4.6195709882407915e-07,34020.0
lam0.5_n0.5,3,L-BFGS,14510,1.804472742284457e-08,4.4022822229528344e-07,4.58272949718128e-07,34985.0
lam0.5_n0.5,3,L-BFGS,15486,1.791689421778805e-08,4.3681388557640567e-07,4.547307797941937e-07,35961.0
lam0.5_n0.5,3,L-BFGS,16474,1.7802211853595415e-08,4.3353151324814955e-07,4.51333725101745e-07,36949.0
lam0.5_n0.5,3,L-BFGS,17474,1.769806217016119e-08,4.3037899289041873e-07,4.4807705506057994e-07,37949.0
lam0.5_n0.5,3,L-BFGS,18474,1.758882289466228e-08,4.273973955210206e-07,4.449862184156829e-07,38949.0
lam0.5_n0.5,3,L-BFGS,19474,1.7502547764025647e-08,4.245615198937115e-07,4.4206406765773714e-07,39949.0
lam0.5_n0.5,3,L-BFGS,20474,1.7412523389877803e-08,4.2187609276598225e-07,4.3928861615586006e-07,40949.0
lam0.5_n0.9,42,Adam,0,2.36634860750802,0.020542600726727395,2.386891208234747,0.0
lam0.5_n0.9,42,Adam,500,0.00017155711123574164,0.002808741608824734,0.002980298720060476,500.0
lam0.5_n0.9,42,Adam,1000,4.1959516753524726e-05,0.0008288080806616927,0.0008707675974152174,1000.0
lam0.5_n0.9,42,Adam,1500,1.3403746406208496e-05,0.0003076365617488868,0.0003210403081550953,1500.0
lam0.5_n0.9,42,Adam,2000,2.9396547594212353e-06,5.007775690853255e-05,5.3017411667953785e-05,2000.0
lam0.5_n0.9,42,Adam,2500,1.9867687891733232e-06,2.837763920139101e-06,4.824532709312424e-06,2500.0
lam0.5_n0.9,42,Adam,3000,1.5208893746186618e-06,1.0529604658967175e-06,2.573849840515379e-06,3000.0
lam0.5_n0.9,42,Adam,3500,1.0914832323609339e-06,7.699918532557625e-07,1.8614750856166963e-06,3500.0
lam0.5_n0.9,42,Adam,4000,9.722352757297427e-06,1.0480031037680833e-05,2.020238379497826e-05,4000.0
lam0.5_n0.9,42,Adam,4500,6.379090588840211e-07,5.656651161472531e-07,1.2035741750312742e-06,4500.0
lam0.5_n0.9,42,Adam,5000,4.561626262457191e-07,4.887435738873935e-07,9.449062001331126e-07,5000.0
lam0.5_n0.9,42,Adam,5000,4.561626262457191e-07,4.887435738873935e-07,9.449062001331126e-07,5000.0
lam0.5_n0.9,42,Adam,5954,2.4187356240947357e-08,8.17944094240173e-08,1.0598176566496465e-07,5954.0
lam0.5_n0.9,42,Adam,6899,2.290142609889822e-08,8.102035528278257e-08,1.039217813816808e-07,6899.0
lam0.5_n0.9,42,Adam,7848,2.141110166631707e-08,8.061684716436177e-08,1.0202794883067883e-07,7848.0
lam0.5_n0.9,42,Adam,8827,2.0337436713674203e-08,8.00453724691398e-08,1.00382809182814e-07,8827.0
lam0.5_n0.9,42,Adam,9827,1.9393561635132482e-08,7.958040272024267e-08,9.897396435537515e-08,9827.0
lam0.5_n0.9,42,Adam,10827,1.8531611189105017e-08,7.925656405945097e-08,9.778817524855598e-08,10827.0
lam0.5_n0.9,42,Adam,11827,1.7855157520835937e-08,7.891912893645458e-08,9.677428645729052e-08,11827.0
lam0.5_n0.9,42,Adam,12827,1.7271602981972674e-08,7.863386511520684e-08,9.590546809717952e-08,12827.0
lam0.5_n0.9,42,Adam,13827,1.668889420445266e-08,7.846538372557188e-08,9.515427793002455e-08,13827.0
lam0.5_n0.9,42,Adam,14827,1.6268039601646486e-08,7.822952957703544e-08,9.449756917868193e-08,14827.0
lam0.5_n0.9,42,Adam,15827,1.5821009026778192e-08,7.810246398008395e-08,9.392347300686214e-08,15827.0
lam0.5_n0.9,42,Adam,16827,1.5473485188049664e-08,7.794257002685678e-08,9.341605521490644e-08,16827.0
lam0.5_n0.9,42,Adam,17827,1.517796902266786e-08,7.778909252205988e-08,9.296706154472773e-08,17827.0
lam0.5_n0.9,42,Adam,18827,1.4860970049519277e-08,7.770683371633337e-08,9.256780376585265e-08,18827.0
lam0.5_n0.9,42,Adam,19827,1.459581195362166e-08,7.761584052742718e-08,9.221165248104884e-08,19827.0
lam0.5_n0.9,42,Adam,20827,1.43937719295947e-08,7.749692901538499e-08,9.189070094497969e-08,20827.0
lam0.5_n0.9,42,L-BFGS,0,2.36634860750802,0.020542600726727395,2.386891208234747,20828.0
lam0.5_n0.9,42,L-BFGS,500,0.00017155711123574164,0.002808741608824734,0.002980298720060476,21328.0
lam0.5_n0.9,42,L-BFGS,1000,4.1959516753524726e-05,0.0008288080806616927,0.0008707675974152174,21828.0
lam0.5_n0.9,42,L-BFGS,1500,1.3403746406208496e-05,0.0003076365617488868,0.0003210403081550953,22328.0
lam0.5_n0.9,42,L-BFGS,2000,2.9396547594212353e-06,5.007775690853255e-05,5.3017411667953785e-05,22828.0
lam0.5_n0.9,42,L-BFGS,2500,1.9867687891733232e-06,2.837763920139101e-06,4.824532709312424e-06,23328.0
lam0.5_n0.9,42,L-BFGS,3000,1.5208893746186618e-06,1.0529604658967175e-06,2.573849840515379e-06,23828.0
lam0.5_n0.9,42,L-BFGS,3500,1.0914832323609339e-06,7.699918532557625e-07,1.8614750856166963e-06,24328.0
lam0.5_n0.9,42,L-BFGS,4000,9.722352757297427e-06,1.0480031037680833e-05,2.020238379497826e-05,24828.0
lam0.5_n0.9,42,L-BFGS,4500,6.379090588840211e-07,5.656651161472531e-07,1.2035741750312742e-06,25328.0
lam0.5_n0.9,42,L-BFGS,5000,4.561626262457191e-07,4.887435738873935e-07,9.449062001331126e-07,25828.0
lam0.5_n0.9,42,L-BFGS,5000,4.561626262457191e-07,4.887435738873935e-07,9.449062001331126e-07,25828.0
lam0.5_n0.9,42,L-BFGS,5954,2.4187356240947357e-08,8.17944094240173e-08,1.0598176566496465e-07,26782.0
lam0.5_n0.9,42,L-BFGS,6899,2.290142609889822e-08,8.102035528278257e-08,1.039217813816808e-07,27727.0
lam0.5_n0.9,42,L-BFGS,7848,2.141110166631707e-08,8.061684716436177e-08,1.0202794883067883e-07,28676.0
lam0.5_n0.9,42,L-BFGS,8827,2.0337436713674203e-08,8.00453724691398e-08,1.00382809182814e-07,29655.0
lam0.5_n0.9,42,L-BFGS,9827,1.9393561635132482e-08,7.958040272024267e-08,9.897396435537515e-08,30655.0
lam0.5_n0.9,42,L-BFGS,10827,1.8531611189105017e-08,7.925656405945097e-08,9.778817524855598e-08,31655.0
lam0.5_n0.9,42,L-BFGS,11827,1.7855157520835937e-08,7.891912893645458e-08,9.677428645729052e-08,32655.0
lam0.5_n0.9,42,L-BFGS,12827,1.7271602981972674e-08,7.863386511520684e-08,9.590546809717952e-08,33655.0
lam0.5_n0.9,42,L-BFGS,13827,1.668889420445266e-08,7.846538372557188e-08,9.515427793002455e-08,34655.0
lam0.5_n0.9,42,L-BFGS,14827,1.6268039601646486e-08,7.822952957703544e-08,9.449756917868193e-08,35655.0
lam0.5_n0.9,42,L-BFGS,15827,1.5821009026778192e-08,7.810246398008395e-08,9.392347300686214e-08,36655.0
lam0.5_n0.9,42,L-BFGS,16827,1.5473485188049664e-08,7.794257002685678e-08,9.341605521490644e-08,37655.0
lam0.5_n0.9,42,L-BFGS,17827,1.517796902266786e-08,7.778909252205988e-08,9.296706154472773e-08,38655.0
lam0.5_n0.9,42,L-BFGS,18827,1.4860970049519277e-08,7.770683371633337e-08,9.256780376585265e-08,39655.0
lam0.5_n0.9,42,L-BFGS,19827,1.459581195362166e-08,7.761584052742718e-08,9.221165248104884e-08,40655.0
lam0.5_n0.9,42,L-BFGS,20827,1.43937719295947e-08,7.749692901538499e-08,9.189070094497969e-08,41655.0
lam0.5_n0.9,0,Adam,0,1.0161620733763854,0.04912815306057488,1.0652902264369604,0.0
lam0.5_n0.9,0,Adam,5000,3.0641508624823396e-06,2.308701336553761e-06,5.372852199036101e-06,5000.0
lam0.5_n0.9,0,Adam,5000,3.0641508624823396e-06,2.308701336553761e-06,5.372852199036101e-06,5000.0
lam0.5_n0.9,0,Adam,5984,2.3412075564603625e-09,7.905980733917698e-09,1.0247188290378061e-08,5984.0
lam0.5_n0.9,0,Adam,6984,2.0588867934343493e-09,7.631491357086285e-09,9.690378150520634e-09,6984.0
lam0.5_n0.9,0,Adam,7984,1.9193629065843514e-09,7.516720262103632e-09,9.436083168687984e-09,7984.0
lam0.5_n0.9,0,Adam,8984,1.8027740769831076e-09,7.432335423502545e-09,9.235109500485652e-09,8984.0
lam0.5_n0.9,0,Adam,9974,1.706573293152861e-09,7.372162334757985e-09,9.078735627910846e-09,9974.0
lam0.5_n0.9,0,Adam,10900,1.630813591631567e-09,7.331803676705526e-09,8.962617268337094e-09,10900.0
lam0.5_n0.9,0,Adam,11733,1.5747129227395914e-09,7.306330262121452e-09,8.881043184861044e-09,11733.0
lam0.5_n0.9,0,Adam,12566,1.5247118252873317e-09,7.287369972283339e-09,8.81208179757067e-09,12566.0
lam0.5_n0.9,0,Adam,13399,1.4802905904322521e-09,7.273314914278997e-09,8.753605504711249e-09,13399.0
lam0.5_n0.9,0,Adam,14232,1.440245428129752e-09,7.263672838664836e-09,8.703918266794588e-09,14232.0
lam0.5_n0.9,0,Adam,15065,1.4046198539678944e-09,7.257025448532648e-09,8.661645302500542e-09,15065.0
lam0.5_n0.9,0,Adam,15898,1.3722790167666963e-09,7.253365340431067e-09,8.625644357197762e-09,15898.0
lam0.5_n0.9,0,Adam,16731,1.3435236052000083e-09,7.251431403869472e-09,8.59495500906948e-09,16731.0
lam0.5_n0.9,0,Adam,17564,1.3172554637301765e-09,7.2515131757349716e-09,8.568768639465149e-09,17564.0
lam0.5_n0.9,0,Adam,18397,1.2939233396218738e-09,7.252479507860857e-09,8.54640284748273e-09,18397.0
lam0.5_n0.9,0,Adam,19230,1.2725196364414875e-09,7.2547569009405975e-09,8.527276537382085e-09,19230.0
lam0.5_n0.9,0,Adam,20063,1.253536939601612e-09,7.257356544228145e-09,8.510893483829757e-09,20063.0
lam0.5_n0.9,0,L-BFGS,0,1.0161620733763854,0.04912815306057488,1.0652902264369604,20064.0
lam0.5_n0.9,0,L-BFGS,5000,3.0641508624823396e-06,2.308701336553761e-06,5.372852199036101e-06,25064.0
lam0.5_n0.9,0,L-BFGS,5000,3.0641508624823396e-06,2.308701336553761e-06,5.372852199036101e-06,25064.0
lam0.5_n0.9,0,L-BFGS,5984,2.3412075564603625e-09,7.905980733917698e-09,1.0247188290378061e-08,26048.0
lam0.5_n0.9,0,L-BFGS,6984,2.0588867934343493e-09,7.631491357086285e-09,9.690378150520634e-09,27048.0
lam0.5_n0.9,0,L-BFGS,7984,1.9193629065843514e-09,7.516720262103632e-09,9.436083168687984e-09,28048.0
lam0.5_n0.9,0,L-BFGS,8984,1.8027740769831076e-09,7.432335423502545e-09,9.235109500485652e-09,29048.0
lam0.5_n0.9,0,L-BFGS,9974,1.706573293152861e-09,7.372162334757985e-09,9.078735627910846e-09,30038.0
lam0.5_n0.9,0,L-BFGS,10900,1.630813591631567e-09,7.331803676705526e-09,8.962617268337094e-09,30964.0
lam0.5_n0.9,0,L-BFGS,11733,1.5747129227395914e-09,7.306330262121452e-09,8.881043184861044e-09,31797.0
lam0.5_n0.9,0,L-BFGS,12566,1.5247118252873317e-09,7.287369972283339e-09,8.81208179757067e-09,32630.0
lam0.5_n0.9,0,L-BFGS,13399,1.4802905904322521e-09,7.273314914278997e-09,8.753605504711249e-09,33463.0
lam0.5_n0.9,0,L-BFGS,14232,1.440245428129752e-09,7.263672838664836e-09,8.703918266794588e-09,34296.0
lam0.5_n0.9,0,L-BFGS,15065,1.4046198539678944e-09,7.257025448532648e-09,8.661645302500542e-09,35129.0
lam0.5_n0.9,0,L-BFGS,15898,1.3722790167666963e-09,7.253365340431067e-09,8.625644357197762e-09,35962.0
lam0.5_n0.9,0,L-BFGS,16731,1.3435236052000083e-09,7.251431403869472e-09,8.59495500906948e-09,36795.0
lam0.5_n0.9,0,L-BFGS,17564,1.3172554637301765e-09,7.2515131757349716e-09,8.568768639465149e-09,37628.0
lam0.5_n0.9,0,L-BFGS,18397,1.2939233396218738e-09,7.252479507860857e-09,8.54640284748273e-09,38461.0
lam0.5_n0.9,0,L-BFGS,19230,1.2725196364414875e-09,7.2547569009405975e-09,8.527276537382085e-09,39294.0
lam0.5_n0.9,0,L-BFGS,20063,1.253536939601612e-09,7.257356544228145e-09,8.510893483829757e-09,40127.0
lam0.5_n0.9,1,Adam,0,1.4595786609438826,0.01703811789548826,1.4766167788393707,0.0
lam0.5_n0.9,1,Adam,5000,1.6575543968147512e-06,2.399119670547277e-06,4.056674067362028e-06,5000.0
lam0.5_n0.9,1,Adam,5000,1.6575543968147512e-06,2.399119670547277e-06,4.056674067362028e-06,5000.0
lam0.5_n0.9,1,Adam,6000,1.396949428538646e-07,7.994656846061458e-07,9.391606274600104e-07,6000.0
lam0.5_n0.9,1,Adam,7000,1.3736181021113321e-07,7.956691776985027e-07,9.33030987909636e-07,7000.0
lam0.5_n0.9,1,Adam,8000,1.350368760874075e-07,7.92027719598386e-07,9.270645956857934e-07,8000.0
lam0.5_n0.9,1,Adam,9000,1.328183923699834e-07,7.88407388046428e-07,9.212257804164114e-07,9000.0
lam0.5_n0.9,1,Adam,10000,1.3066057239345955e-07,7.848865747513348e-07,9.155471471447943e-07,10000.0
lam0.5_n0.9,1,Adam,11000,1.2858495091107164e-07,7.814194894280154e-07,9.100044403390871e-07,11000.0
lam0.5_n0.9,1,Adam,12000,1.2659326632638658e-07,7.780242079096164e-07,9.04617474236003e-07,12000.0
lam0.5_n0.9,1,Adam,13000,1.2458990855970954e-07,7.74790731242631e-07,8.993806398023405e-07,13000.0
lam0.5_n0.9,1,Adam,14000,1.2270594521809537e-07,7.71567160767666e-07,8.942731059857614e-07,14000.0
lam0.5_n0.9,1,Adam,15000,1.208589681818968e-07,7.684587181253311e-07,8.89317686307228e-07,15000.0
lam0.5_n0.9,1,Adam,16000,1.1908378815723177e-07,7.654102406145798e-07,8.844940287718116e-07,16000.0
lam0.5_n0.9,1,Adam,17000,1.1740685258216926e-07,7.623984248398895e-07,8.798052774220587e-07,17000.0
lam0.5_n0.9,1,Adam,18000,1.156977294513837e-07,7.59559872889006e-07,8.752576023403897e-07,18000.0
lam0.5_n0.9,1,Adam,19000,1.1410596741742472e-07,7.567141883535995e-07,8.708201557710243e-07,19000.0
lam0.5_n0.9,1,Adam,20000,1.1253374987236327e-07,7.539952530920771e-07,8.665290029644403e-07,20000.0
lam0.5_n0.9,1,L-BFGS,0,1.4595786609438826,0.01703811789548826,1.4766167788393707,20001.0
lam0.5_n0.9,1,L-BFGS,5000,1.6575543968147512e-06,2.399119670547277e-06,4.056674067362028e-06,25001.0
lam0.5_n0.9,1,L-BFGS,5000,1.6575543968147512e-06,2.399119670547277e-06,4.056674067362028e-06,25001.0
lam0.5_n0.9,1,L-BFGS,6000,1.396949428538646e-07,7.994656846061458e-07,9.391606274600104e-07,26001.0
lam0.5_n0.9,1,L-BFGS,7000,1.3736181021113321e-07,7.956691776985027e-07,9.33030987909636e-07,27001.0
lam0.5_n0.9,1,L-BFGS,8000,1.350368760874075e-07,7.92027719598386e-07,9.270645956857934e-07,28001.0
lam0.5_n0.9,1,L-BFGS,9000,1.328183923699834e-07,7.88407388046428e-07,9.212257804164114e-07,29001.0
lam0.5_n0.9,1,L-BFGS,10000,1.3066057239345955e-07,7.848865747513348e-07,9.155471471447943e-07,30001.0
lam0.5_n0.9,1,L-BFGS,11000,1.2858495091107164e-07,7.814194894280154e-07,9.100044403390871e-07,31001.0
lam0.5_n0.9,1,L-BFGS,12000,1.2659326632638658e-07,7.780242079096164e-07,9.04617474236003e-07,32001.0
lam0.5_n0.9,1,L-BFGS,13000,1.2458990855970954e-07,7.74790731242631e-07,8.993806398023405e-07,33001.0
lam0.5_n0.9,1,L-BFGS,14000,1.2270594521809537e-07,7.71567160767666e-07,8.942731059857614e-07,34001.0
lam0.5_n0.9,1,L-BFGS,15000,1.208589681818968e-07,7.684587181253311e-07,8.89317686307228e-07,35001.0
lam0.5_n0.9,1,L-BFGS,16000,1.1908378815723177e-07,7.654102406145798e-07,8.844940287718116e-07,36001.0
lam0.5_n0.9,1,L-BFGS,17000,1.1740685258216926e-07,7.623984248398895e-07,8.798052774220587e-07,37001.0
lam0.5_n0.9,1,L-BFGS,18000,1.156977294513837e-07,7.59559872889006e-07,8.752576023403897e-07,38001.0
lam0.5_n0.9,1,L-BFGS,19000,1.1410596741742472e-07,7.567141883535995e-07,8.708201557710243e-07,39001.0
lam0.5_n0.9,1,L-BFGS,20000,1.1253374987236327e-07,7.539952530920771e-07,8.665290029644403e-07,40001.0
lam0.5_n0.9,2,Adam,0,1.0146991721669794,0.011221542718247926,1.0259207148852272,0.0
lam0.5_n0.9,2,Adam,5000,3.509889393525984e-07,3.246019122571876e-07,6.75590851609786e-07,5000.0
lam0.5_n0.9,2,Adam,5000,3.509889393525984e-07,3.246019122571876e-07,6.75590851609786e-07,5000.0
lam0.5_n0.9,2,Adam,5951,4.5078657460373884e-08,7.064463405332916e-08,1.1572329151370304e-07,5951.0
lam0.5_n0.9,2,Adam,6899,4.464693293914381e-08,6.825896360063154e-08,1.1290589653977536e-07,6899.0
lam0.5_n0.9,2,Adam,7846,4.4377413532927015e-08,6.587593247343924e-08,1.1025334600636626e-07,7846.0
lam0.5_n0.9,2,Adam,8796,4.414443760049793e-08,6.362731299012548e-08,1.0777175059062341e-07,8796.0
lam0.5_n0.9,2,Adam,9788,4.3876315462714227e-08,6.176302299633964e-08,1.0563933845905387e-07,9788.0
lam0.5_n0.9,2,Adam,10788,4.34268554686708e-08,6.047577977083988e-08,1.0390263523951069e-07,10788.0
lam0.5_n0.9,2,Adam,11788,4.316742716814757e-08,5.930272931053717e-08,1.0247015647868474e-07,11788.0
lam0.5_n0.9,2,Adam,12788,4.2841706143241516e-08,5.843724708610307e-08,1.0127895322934458e-07,12788.0
lam0.5_n0.9,2,Adam,13788,4.254981872403891e-08,5.772620378096895e-08,1.0027602250500786e-07,13788.0
lam0.5_n0.9,2,Adam,14788,4.232175185850219e-08,5.7097197491250534e-08,9.941894934975271e-08,14788.0
lam0.5_n0.9,2,Adam,15788,4.210249726121031e-08,5.658194877691593e-08,9.868444603812624e-08,15788.0
lam0.5_n0.9,2,Adam,16788,4.1930553776391815e-08,5.6116946172447975e-08,9.804749994883978e-08,16788.0
lam0.5_n0.9,2,Adam,17788,4.177621525088663e-08,5.571815774291523e-08,9.749437299380185e-08,17788.0
lam0.5_n0.9,2,Adam,18788,4.165838836854877e-08,5.533331301871112e-08,9.699170138725989e-08,18788.0
lam0.5_n0.9,2,Adam,19788,4.1419306682813535e-08,5.5078047196063e-08,9.649735387887653e-08,19788.0
lam0.5_n0.9,2,Adam,20788,4.12740079472513e-08,5.4740289757337547e-08,9.601429770458884e-08,20788.0
lam0.5_n0.9,2,L-BFGS,0,1.0146991721669794,0.011221542718247926,1.0259207148852272,20789.0
lam0.5_n0.9,2,L-BFGS,5000,3.509889393525984e-07,3.246019122571876e-07,6.75590851609786e-07,25789.0
lam0.5_n0.9,2,L-BFGS,5000,3.509889393525984e-07,3.246019122571876e-07,6.75590851609786e-07,25789.0
lam0.5_n0.9,2,L-BFGS,5951,4.5078657460373884e-08,7.064463405332916e-08,1.1572329151370304e-07,26740.0
lam0.5_n0.9,2,L-BFGS,6899,4.464693293914381e-08,6.825896360063154e-08,1.1290589653977536e-07,27688.0
lam0.5_n0.9,2,L-BFGS,7846,4.4377413532927015e-08,6.587593247343924e-08,1.1025334600636626e-07,28635.0
lam0.5_n0.9,2,L-BFGS,8796,4.414443760049793e-08,6.362731299012548e-08,1.0777175059062341e-07,29585.0
lam0.5_n0.9,2,L-BFGS,9788,4.3876315462714227e-08,6.176302299633964e-08,1.0563933845905387e-07,30577.0
lam0.5_n0.9,2,L-BFGS,10788,4.34268554686708e-08,6.047577977083988e-08,1.0390263523951069e-07,31577.0
lam0.5_n0.9,2,L-BFGS,11788,4.316742716814757e-08,5.930272931053717e-08,1.0247015647868474e-07,32577.0
lam0.5_n0.9,2,L-BFGS,12788,4.2841706143241516e-08,5.843724708610307e-08,1.0127895322934458e-07,33577.0
lam0.5_n0.9,2,L-BFGS,13788,4.254981872403891e-08,5.772620378096895e-08,1.0027602250500786e-07,34577.0
lam0.5_n0.9,2,L-BFGS,14788,4.232175185850219e-08,5.7097197491250534e-08,9.941894934975271e-08,35577.0
lam0.5_n0.9,2,L-BFGS,15788,4.210249726121031e-08,5.658194877691593e-08,9.868444603812624e-08,36577.0
lam0.5_n0.9,2,L-BFGS,16788,4.1930553776391815e-08,5.6116946172447975e-08,9.804749994883978e-08,37577.0
lam0.5_n0.9,2,L-BFGS,17788,4.177621525088663e-08,5.571815774291523e-08,9.749437299380185e-08,38577.0
lam0.5_n0.9,2,L-BFGS,18788,4.165838836854877e-08,5.533331301871112e-08,9.699170138725989e-08,39577.0
lam0.5_n0.9,2,L-BFGS,19788,4.1419306682813535e-08,5.5078047196063e-08,9.649735387887653e-08,40577.0
lam0.5_n0.9,2,L-BFGS,20788,4.12740079472513e-08,5.4740289757337547e-08,9.601429770458884e-08,41577.0
lam0.5_n0.9,3,Adam,0,1.4636850392104,0.025171165916031434,1.4888562051264314,0.0
lam0.5_n0.9,3,Adam,5000,1.6078720154391547e-07,1.7152420592485126e-06,1.876029260792428e-06,5000.0
lam0.5_n0.9,3,Adam,5000,1.6078720154391547e-07,1.7152420592485126e-06,1.876029260792428e-06,5000.0
lam0.5_n0.9,3,Adam,6000,1.2648541803120219e-08,2.82087729569849e-07,2.9473627137296923e-07,6000.0
lam0.5_n0.9,3,Adam,7000,1.2655678403863763e-08,2.811155434253139e-07,2.9377122182917765e-07,7000.0
lam0.5_n0.9,3,Adam,8000,1.2662502181203759e-08,2.8014939288667244e-07,2.928118950678762e-07,8000.0
lam0.5_n0.9,3,Adam,9000,1.2668072869450736e-08,2.791902528729736e-07,2.9185832574242436e-07,9000.0
lam0.5_n0.9,3,Adam,10000,1.2675693855108277e-08,2.782379378273572e-07,2.9091363168246545e-07,10000.0
lam0.5_n0.9,3,Adam,11000,1.2680199446964446e-08,2.772944879591417e-07,2.8997468740610614e-07,11000.0
lam0.5_n0.9,3,Adam,12000,1.2683386823841375e-08,2.76361688161412e-07,2.8904507498525335e-07,12000.0
lam0.5_n0.9,3,Adam,13000,1.269377846228667e-08,2.7543266010848765e-07,2.8812643857077434e-07,13000.0
lam0.5_n0.9,3,Adam,14000,1.2694657668838027e-08,2.7451958778266637e-07,2.872142454515044e-07,14000.0
lam0.5_n0.9,3,Adam,15000,1.2696097997534959e-08,2.7361846047550535e-07,2.863145584730403e-07,15000.0
lam0.5_n0.9,3,Adam,16000,1.2702851138432115e-08,2.727221236983739e-07,2.85424974836806e-07,16000.0
lam0.5_n0.9,3,Adam,17000,1.2709819427526995e-08,2.718374463705685e-07,2.845472657980955e-07,17000.0
lam0.5_n0.9,3,Adam,18000,1.2713403136491384e-08,2.7096828853870484e-07,2.836816916751962e-07,18000.0
lam0.5_n0.9,3,Adam,19000,1.2723031090352802e-08,2.701072360078537e-07,2.828302670982065e-07,19000.0
lam0.5_n0.9,3,Adam,20000,1.2727116255600592e-08,2.6926338301571003e-07,2.8199049927131064e-07,20000.0
lam0.5_n0.9,3,L-BFGS,0,1.4636850392104,0.025171165916031434,1.4888562051264314,20001.0
lam0.5_n0.9,3,L-BFGS,5000,1.6078720154391547e-07,1.7152420592485126e-06,1.876029260792428e-06,25001.0
lam0.5_n0.9,3,L-BFGS,5000,1.6078720154391547e-07,1.7152420592485126e-06,1.876029260792428e-06,25001.0
lam0.5_n0.9,3,L-BFGS,6000,1.2648541803120219e-08,2.82087729569849e-07,2.9473627137296923e-07,26001.0
lam0.5_n0.9,3,L-BFGS,7000,1.2655678403863763e-08,2.811155434253139e-07,2.9377122182917765e-07,27001.0
lam0.5_n0.9,3,L-BFGS,8000,1.2662502181203759e-08,2.8014939288667244e-07,2.928118950678762e-07,28001.0
lam0.5_n0.9,3,L-BFGS,9000,1.2668072869450736e-08,2.791902528729736e-07,2.9185832574242436e-07,29001.0
lam0.5_n0.9,3,L-BFGS,10000,1.2675693855108277e-08,2.782379378273572e-07,2.9091363168246545e-07,30001.0
lam0.5_n0.9,3,L-BFGS,11000,1.2680199446964446e-08,2.772944879591417e-07,2.8997468740610614e-07,31001.0
lam0.5_n0.9,3,L-BFGS,12000,1.2683386823841375e-08,2.76361688161412e-07,2.8904507498525335e-07,32001.0
lam0.5_n0.9,3,L-BFGS,13000,1.269377846228667e-08,2.7543266010848765e-07,2.8812643857077434e-07,33001.0
lam0.5_n0.9,3,L-BFGS,14000,1.2694657668838027e-08,2.7451958778266637e-07,2.872142454515044e-07,34001.0
lam0.5_n0.9,3,L-BFGS,15000,1.2696097997534959e-08,2.7361846047550535e-07,2.863145584730403e-07,35001.0
lam0.5_n0.9,3,L-BFGS,16000,1.2702851138432115e-08,2.727221236983739e-07,2.85424974836806e-07,36001.0
lam0.5_n0.9,3,L-BFGS,17000,1.2709819427526995e-08,2.718374463705685e-07,2.845472657980955e-07,37001.0
lam0.5_n0.9,3,L-BFGS,18000,1.2713403136491384e-08,2.7096828853870484e-07,2.836816916751962e-07,38001.0
lam0.5_n0.9,3,L-BFGS,19000,1.2723031090352802e-08,2.701072360078537e-07,2.828302670982065e-07,39001.0
lam0.5_n0.9,3,L-BFGS,20000,1.2727116255600592e-08,2.6926338301571003e-07,2.8199049927131064e-07,40001.0
